avg_latency_spf,avg_througput_fps,case,classifier_cpu_mcores_ps,classifier_cpu_requested_millicores,data_quality,frame_duration_s,frame_queue_duration_s,get_image_duration_s,gpu,inference_threads,latency_spf,model,model_load_duration_s,model_quality,model_runtime,network_usage_mb,network_usage_megabits_ps,network_usage_megabits_ps_2,num_frames,num_hops,num_workers,requested_bandwidth_mbps,run_time_s,sensor_cpu_requested_millicores,source_file,tranfer_duration_s,uploaded_at
1.584161639213562,0.6312517523765564,offload,156.5433807373047,2000.0,100.0,1.5841045379638672,0.0060838065110147,1.3354517221450806,False,1.0,1.584161639213562,acdnet,0.046154499053955,100.0,pytorch,178773.609375,1.1257314682006836,0.9028374552726746,400.0,1.0,1.0,1.0,633.6646728515625,500.0,250210_acd_onoffbench.csv,1.5825438499450684,2025-03-20T16:05:05.290Z
1.5845565795898438,0.631095826625824,offload,191.48825073242188,2000.0,100.0,1.58446204662323,0.0042095463722944,1.4619975090026855,False,3.0,1.5845565795898438,acdnet,0.0402214527130126,100.0,pytorch,178773.609375,1.1215202808380127,0.9026337265968324,400.0,1.0,1.0,1.0,633.8226318359375,500.0,250210_acd_onoffbench.csv,1.5831605195999146,2025-03-20T16:05:05.290Z
0.0889766663312912,11.500689506530762,offload,2521.834716796875,4000.0,70.0,0.0885351970791816,6.934364795684815,0.00027045607566833496,False,3.0,0.0889766663312912,acdnet,0.0207983646541833,100.0,pytorch,178773.609375,17.637630462646484,16.153902053833008,400.0,1.0,1.0,30.0,35.590667724609375,500.0,250210_acd_onoffbench.csv,0.0529873333871364,2025-03-20T16:05:05.290Z
0.1579000055789947,6.333123683929443,ondevice,901.7523193359376,1000.0,70.0,0.1578609049320221,23.624162673950195,0.00035390822449699044,False,3.0,0.1579000055789947,acdnet,0.1009399890899658,70.0,pytorch,178734.234375,0.0,9.057808876037598,400.0,0.0,1.0,0.0,63.15999984741211,1000.0,250210_acd_onoffbench.csv,0.0,2025-03-20T16:05:05.290Z
0.2170124948024749,4.693470478057861,ondevice,1007.6903686523438,1000.0,40.0,0.2169387489557266,32.88601303100586,0.0004612338379956782,False,6.0,0.2170124948024749,acdnet,0.1967436075210571,100.0,pytorch,178734.234375,0.0,6.591141223907471,400.0,0.0,1.0,0.0,86.80500030517578,1000.0,250210_acd_onoffbench.csv,0.0,2025-03-20T16:05:05.290Z
0.1449937522411346,7.019372940063477,ondevice,1000.3772583007812,1000.0,100.0,0.1449456214904785,21.98213195800781,0.0005066498997621238,False,6.0,0.1449937522411346,acdnet,0.1169766187667846,40.0,pytorch,178734.234375,0.0,9.864898681640623,400.0,0.0,1.0,0.0,57.997501373291016,1000.0,250210_acd_onoffbench.csv,0.0,2025-03-20T16:05:05.290Z
0.3326075077056885,3.0269594192504883,offload,455.6666259765625,4000.0,70.0,0.3325330018997192,0.0468297004699707,0.1787017434835434,False,1.0,0.3326075077056885,acdnet,0.022971311584115,70.0,pytorch,178773.609375,4.960229873657227,4.30089282989502,400.0,1.0,1.0,5.0,133.04299926757812,500.0,250210_acd_onoffbench.csv,0.3316577672958374,2025-03-20T16:05:05.290Z
0.3136608302593231,3.188176155090332,offload,808.2696533203125,4000.0,70.0,0.3136071264743805,0.0051258425228297,0.268693208694458,False,6.0,0.3136608302593231,acdnet,0.0151609582826495,70.0,pytorch,178773.609375,5.23939847946167,4.560447692871094,400.0,1.0,1.0,5.0,125.4643325805664,500.0,250210_acd_onoffbench.csv,0.312419593334198,2025-03-20T16:05:05.290Z
0.3150391578674316,3.17422866821289,offload,952.3316040039062,2000.0,70.0,0.3149823248386383,0.0205049626529216,0.1891036480665207,False,3.0,0.3150391578674316,acdnet,0.0311431884765625,70.0,pytorch,178773.609375,5.173703670501709,4.540536880493164,400.0,1.0,1.0,5.0,126.01566314697266,500.0,250210_acd_onoffbench.csv,0.3134615123271942,2025-03-20T16:05:05.290Z
0.3169658482074737,3.15568208694458,offload,1834.5260009765625,2000.0,70.0,0.3168829977512359,0.924355149269104,0.037827230989933,False,6.0,0.3169658482074737,acdnet,0.0623053722083568,70.0,pytorch,178773.609375,4.983886241912842,4.513302326202393,400.0,1.0,1.0,5.0,126.7863311767578,500.0,250210_acd_onoffbench.csv,0.3116826117038727,2025-03-20T16:05:05.290Z
0.3146775066852569,3.177864551544189,offload,482.8408508300781,2000.0,70.0,0.3145925402641296,0.0251864045858383,0.158423438668251,False,1.0,0.3146775066852569,acdnet,0.0249079074710607,70.0,pytorch,178773.609375,5.202963829040527,4.546163082122803,400.0,1.0,1.0,5.0,125.8709945678711,500.0,250210_acd_onoffbench.csv,0.3133744299411773,2025-03-20T16:05:05.290Z
0.5261383056640625,1.9006763696670528,offload,560.6220703125,4000.0,70.0,0.5260804891586304,0.0082094669342041,0.4211781024932861,False,3.0,0.5261383056640625,acdnet,0.0273534450680017,70.0,pytorch,178773.609375,3.2403688430786133,2.718574047088623,400.0,1.0,1.0,3.0,210.4553375244141,500.0,250210_acd_onoffbench.csv,0.5249600410461426,2025-03-20T16:05:05.290Z
0.524375855922699,1.9070308208465576,offload,341.6146545410156,4000.0,70.0,0.5243220925331116,0.0172588769346475,0.3462033271789551,False,1.0,0.524375855922699,acdnet,0.0356284789741039,70.0,pytorch,178773.609375,3.269362688064575,2.727691411972046,400.0,1.0,1.0,3.0,209.75033569335935,500.0,250210_acd_onoffbench.csv,0.5226101875305176,2025-03-20T16:05:05.290Z
0.5266749858856201,1.8987514972686768,offload,520.8403930664062,2000.0,70.0,0.5266168117523193,0.0106377527117729,0.4155338704586029,False,3.0,0.5266749858856201,acdnet,0.0389245338737964,70.0,pytorch,178773.609375,3.2495672702789307,2.715805768966675,400.0,1.0,1.0,3.0,210.6699981689453,500.0,250210_acd_onoffbench.csv,0.5252482891082764,2025-03-20T16:05:05.290Z
0.5748649835586548,1.7611688375473022,offload,674.4345092773438,4000.0,70.0,0.5748118758201599,0.005147464107722,0.4974164664745331,False,6.0,0.5748649835586548,acdnet,0.022500118240714,70.0,pytorch,178773.609375,2.9657444953918457,2.4880990982055664,400.0,1.0,1.0,3.0,229.9459991455078,500.0,250210_acd_onoffbench.csv,0.5742930769920349,2025-03-20T16:05:05.290Z
0.5266791582107544,1.898707389831543,offload,321.4557189941406,2000.0,70.0,0.5266175866127014,0.0163908135145902,0.3574259281158447,False,1.0,0.5266791582107544,acdnet,0.0335865020751953,70.0,pytorch,178773.609375,3.2378926277160645,2.71580171585083,400.0,1.0,1.0,3.0,210.67166137695312,500.0,250210_acd_onoffbench.csv,0.5272555947303772,2025-03-20T16:05:05.290Z
0.5415158271789551,1.849126935005188,offload,1099.233154296875,2000.0,70.0,0.5414422750473022,0.0490089505910873,0.2918830811977386,False,6.0,0.5415158271789551,acdnet,0.0409650020301342,70.0,pytorch,178773.609375,3.087697982788086,2.641443014144897,400.0,1.0,1.0,3.0,216.60633850097656,500.0,250210_acd_onoffbench.csv,0.5402870178222656,2025-03-20T16:05:05.290Z
1.6470366716384888,0.6078267693519592,offload,107.3219985961914,2000.0,70.0,1.6469786167144775,0.0057991775684058,1.467143416404724,False,1.0,1.6470366716384888,acdnet,0.0316260643303394,70.0,pytorch,178773.609375,1.1014240980148315,0.8683712482452393,400.0,1.0,1.0,1.0,658.814697265625,500.0,250210_acd_onoffbench.csv,1.645877480506897,2025-03-20T16:05:05.290Z
1.6916807889938354,0.5920724868774414,offload,187.1068115234375,4000.0,70.0,1.6916085481643677,0.0054129767231643,1.569591999053955,False,3.0,1.6916807889938354,acdnet,0.0324777774512767,70.0,pytorch,178773.609375,1.0994433164596558,0.8454608917236328,400.0,1.0,1.0,1.0,676.6723022460938,500.0,250210_acd_onoffbench.csv,1.6908787488937378,2025-03-20T16:05:05.290Z
1.6653199195861816,0.601386308670044,offload,118.45848083496094,4000.0,70.0,1.665249228477478,0.0079236160963773,1.4672454595565796,False,1.0,1.6653199195861816,acdnet,0.0472062416374683,70.0,pytorch,178773.609375,1.0991593599319458,0.8588437438011169,400.0,1.0,1.0,1.0,666.1279907226562,500.0,250210_acd_onoffbench.csv,1.6642765998840332,2025-03-20T16:05:05.290Z
1.6733100414276123,0.598116934299469,offload,313.974853515625,4000.0,70.0,1.673240303993225,0.0040260604582726,1.5541757345199585,False,6.0,1.6733100414276123,acdnet,0.0341130085289478,70.0,pytorch,178773.609375,1.0986707210540771,0.8547420501708984,400.0,1.0,1.0,1.0,669.323974609375,500.0,250210_acd_onoffbench.csv,1.674833059310913,2025-03-20T16:05:05.290Z
0.0595916658639907,17.020944595336914,offload,2845.363037109375,4000.0,40.0,0.0595059394836425,2.932494163513184,0.0003427529300097376,False,3.0,0.0595916658639907,acdnet,0.0190127696841955,70.0,pytorch,178773.609375,25.195676803588867,24.03438949584961,400.0,1.0,1.0,70.0,23.83666610717773,500.0,250210_acd_onoffbench.csv,0.0452852360904216,2025-03-20T16:05:05.290Z
0.092159166932106,11.178909301757812,offload,3693.8857421875,4000.0,40.0,0.0920898988842964,2.909334659576416,0.0022791880182921,False,6.0,0.092159166932106,acdnet,0.0345339775085449,70.0,pytorch,178773.609375,16.602773666381836,15.530355453491213,400.0,1.0,1.0,70.0,36.86366653442383,500.0,250210_acd_onoffbench.csv,0.0768747553229332,2025-03-20T16:05:05.290Z
0.1153725013136863,9.26152801513672,offload,1947.8909912109373,2000.0,40.0,0.1152945905923843,12.772480964660645,0.0005965552991256118,False,3.0,0.1153725013136863,acdnet,0.0336494445800781,70.0,pytorch,178773.609375,13.726103782653809,12.404647827148438,400.0,1.0,1.0,70.0,46.14900207519531,500.0,250210_acd_onoffbench.csv,0.0527269765734672,2025-03-20T16:05:05.290Z
0.0817291662096977,12.411601066589355,offload,3917.20947265625,4000.0,40.0,0.0816628560423851,2.711083173751831,0.0025871521793305,False,6.0,0.0817291662096977,acdnet,0.035736721009016,70.0,pytorch,178773.609375,18.68830680847168,17.513334274291992,400.0,1.0,1.0,30.0,32.69166564941406,500.0,250210_acd_onoffbench.csv,0.0740654617547988,2025-03-20T16:05:05.290Z
0.1169833317399025,8.81312370300293,offload,1861.720458984375,2000.0,40.0,0.1169188544154167,9.069062232971191,0.0033801738172769,False,3.0,0.1169833317399025,acdnet,0.0285149421542882,70.0,pytorch,178773.609375,13.331302642822266,12.23232078552246,400.0,1.0,1.0,30.0,46.7933349609375,500.0,250210_acd_onoffbench.csv,0.0712081119418144,2025-03-20T16:05:05.290Z
0.1120483353734016,8.983534812927246,offload,1774.3492431640625,4000.0,40.0,0.1119778007268905,0.0454518236219882,0.0403223149478435,False,3.0,0.1120483353734016,acdnet,0.0269060134887695,70.0,pytorch,178773.609375,13.598258018493652,12.772075653076172,400.0,1.0,1.0,15.0,44.819332122802734,500.0,250210_acd_onoffbench.csv,0.1113884970545768,2025-03-20T16:05:05.290Z
0.1347758322954177,7.490139484405518,offload,980.9098510742188,4000.0,40.0,0.1346973031759262,19.93191909790039,0.0002880913089029491,False,1.0,0.1347758322954177,acdnet,0.015033165924251,70.0,pytorch,178773.609375,11.101975440979004,10.617798805236816,400.0,1.0,1.0,70.0,53.91033554077149,500.0,250210_acd_onoffbench.csv,0.0343885347247123,2025-03-20T16:05:05.290Z
0.1434658318758011,7.179359436035156,offload,989.3023681640624,2000.0,40.0,0.1433746963739395,18.000242233276367,0.0004484361270442605,False,1.0,0.1434658318758011,acdnet,0.0429562740027904,70.0,pytorch,178773.609375,11.023987770080566,9.975183486938477,400.0,1.0,1.0,30.0,57.38633346557617,500.0,250210_acd_onoffbench.csv,0.055603839457035,2025-03-20T16:05:05.290Z
0.1693133264780044,5.984313488006592,offload,994.5490112304688,2000.0,40.0,0.1692279875278473,25.96222305297852,0.00046135246520861983,False,1.0,0.1693133264780044,acdnet,0.0488495044410228,70.0,pytorch,178773.609375,8.84050178527832,8.451254844665527,400.0,1.0,1.0,70.0,67.72533416748047,500.0,250210_acd_onoffbench.csv,0.0366192013025283,2025-03-20T16:05:05.290Z
0.1633983254432678,6.164274215698242,offload,991.9669799804688,4000.0,40.0,0.1633327156305313,21.61642074584961,0.00035155017394572496,False,1.0,0.1633983254432678,acdnet,0.0198428630828857,70.0,pytorch,178773.609375,9.649083137512209,8.756291389465332,400.0,1.0,1.0,30.0,65.35933685302734,500.0,250210_acd_onoffbench.csv,0.0537934340536594,2025-03-20T16:05:05.290Z
0.1387091726064682,7.284914493560791,offload,987.6281127929688,4000.0,40.0,0.1386224925518036,5.25163459777832,0.0030295613687485,False,1.0,0.1387091726064682,acdnet,0.0411447696387767,70.0,pytorch,178773.609375,11.66209888458252,10.31714916229248,400.0,1.0,1.0,15.0,55.48366928100586,500.0,250210_acd_onoffbench.csv,0.1130790561437606,2025-03-20T16:05:05.290Z
0.2720208466053009,3.718028545379639,offload,1923.1778564453125,2000.0,40.0,0.2718423902988434,10.572811126708984,0.0014743056381121,False,6.0,0.2720208466053009,acdnet,0.0450007133185863,70.0,pytorch,178773.609375,5.703790664672852,5.261096000671387,400.0,1.0,1.0,30.0,108.80833435058594,500.0,250210_acd_onoffbench.csv,0.2243800610303878,2025-03-20T16:05:05.290Z
0.2285275012254715,4.787717342376709,offload,1935.25537109375,2000.0,40.0,0.2283940017223358,9.55715274810791,0.0078166592866182,False,6.0,0.2285275012254715,acdnet,0.039381980895996,70.0,pytorch,178773.609375,7.197390556335449,6.261937141418457,400.0,1.0,1.0,70.0,91.41099548339844,500.0,250210_acd_onoffbench.csv,0.1797095239162445,2025-03-20T16:05:05.290Z
1.594042420387268,0.6273928284645081,offload,208.7563018798828,2000.0,70.0,1.5939990282058716,0.0403195694088935,1.4901537895202637,False,6.0,1.594042420387268,acdnet,0.0150224370881915,70.0,pytorch,178773.609375,1.1102864742279053,0.8972331881523132,400.0,1.0,1.0,1.0,637.6170043945312,500.0,250210_acd_onoffbench.csv,1.5926809310913086,2025-03-20T16:05:05.290Z
1.6467658281326294,0.6081390976905823,offload,156.2933349609375,2000.0,70.0,1.6467084884643557,0.0366288386285305,1.5325318574905396,False,3.0,1.6467658281326294,acdnet,0.0317083187401294,70.0,pytorch,178773.609375,1.0945087671279907,0.8685137033462524,400.0,1.0,1.0,1.0,658.7063598632812,500.0,250210_acd_onoffbench.csv,1.6472572088241575,2025-03-20T16:05:05.290Z
0.1110608279705047,9.071890830993652,offload,2759.343505859375,4000.0,40.0,0.1109678000211715,0.0445699021220207,0.0442758910357952,False,6.0,0.1110608279705047,acdnet,0.0222651958465576,70.0,pytorch,178773.609375,14.236390113830566,12.888322830200195,400.0,1.0,1.0,15.0,44.42433166503906,500.0,250210_acd_onoffbench.csv,0.1104037687182426,2025-03-20T16:05:05.290Z
0.1062124967575073,9.416287422180176,offload,1946.6878662109373,2000.0,40.0,0.1061490103602409,0.5496737957000732,0.0020745140500366,False,3.0,0.1062124967575073,acdnet,0.0187595691531896,70.0,pytorch,178773.609375,15.17468547821045,13.473407745361328,400.0,1.0,1.0,15.0,42.48500061035156,500.0,250210_acd_onoffbench.csv,0.1030183881521225,2025-03-20T16:05:05.290Z
0.1412124931812286,7.123114109039307,offload,984.234619140625,2000.0,40.0,0.1411406844854354,7.69596529006958,0.0002915075456257909,False,1.0,0.1412124931812286,acdnet,0.0139774084091186,70.0,pytorch,178773.609375,11.242032051086426,10.133073806762695,400.0,1.0,1.0,15.0,56.48500061035156,500.0,250210_acd_onoffbench.csv,0.1031988486647605,2025-03-20T16:05:05.290Z
0.1584125012159347,6.312777042388916,offload,1379.1314697265625,2000.0,40.0,0.158334344625473,0.0433113574981689,0.0627680718898773,False,3.0,0.1584125012159347,acdnet,0.0287539958953857,70.0,pytorch,178773.609375,9.91575050354004,9.032713890075684,400.0,1.0,1.0,10.0,63.36499786376953,500.0,250210_acd_onoffbench.csv,0.1570087373256683,2025-03-20T16:05:05.290Z
0.157359167933464,6.354896545410156,offload,1758.1513671875,4000.0,40.0,0.1572831124067306,0.0267724897712469,0.0563097558915615,False,3.0,0.157359167933464,acdnet,0.0470088310539722,70.0,pytorch,178773.609375,10.288656234741213,9.093085289001465,400.0,1.0,1.0,10.0,62.94366455078125,500.0,250210_acd_onoffbench.csv,0.1556067764759063,2025-03-20T16:05:05.290Z
0.17354416847229,5.784448146820068,offload,981.8798217773438,4000.0,40.0,0.1734192669391632,3.214000701904297,0.0029467889107763,False,1.0,0.17354416847229,acdnet,0.0418383292853832,70.0,pytorch,178773.609375,9.432398796081545,8.247000694274902,400.0,1.0,1.0,10.0,69.41766357421875,500.0,250210_acd_onoffbench.csv,0.1558755487203598,2025-03-20T16:05:05.290Z
0.1576091647148132,6.344810485839844,offload,2348.11279296875,4000.0,40.0,0.1575380265712738,0.0214440692216157,0.0802209377288818,False,6.0,0.1576091647148132,acdnet,0.0272698402404785,70.0,pytorch,178773.609375,10.101479530334473,9.07837200164795,400.0,1.0,1.0,10.0,63.04366683959961,500.0,250210_acd_onoffbench.csv,0.1557353436946869,2025-03-20T16:05:05.290Z
0.1661941558122635,6.038633346557617,offload,982.6231689453124,2000.0,40.0,0.1661295145750045,1.6151559352874756,0.0027605141513049,False,1.0,0.1661941558122635,acdnet,0.0361486263573169,70.0,pytorch,178773.609375,9.809041976928713,8.608879089355469,400.0,1.0,1.0,10.0,66.47766876220703,500.0,250210_acd_onoffbench.csv,0.1571422070264816,2025-03-20T16:05:05.290Z
0.241124153137207,4.3801445960998535,offload,1959.58837890625,2000.0,40.0,0.2410473972558975,11.028782844543455,0.0057126423344016,False,6.0,0.241124153137207,acdnet,0.0528883151710033,70.0,pytorch,178773.609375,6.688333988189697,5.933226585388184,400.0,1.0,1.0,10.0,96.4496612548828,500.0,250210_acd_onoffbench.csv,0.1876241564750671,2025-03-20T16:05:05.290Z
0.3290366530418396,3.044402599334717,offload,1448.0732421875,2000.0,40.0,0.3288728594779968,0.9185014963150024,0.1168450936675071,False,6.0,0.3290366530418396,acdnet,0.0319792442023754,70.0,pytorch,178773.609375,4.889606475830078,4.348759174346924,400.0,1.0,1.0,5.0,131.6146697998047,500.0,250210_acd_onoffbench.csv,0.3235923945903778,2025-03-20T16:05:05.290Z
0.3166125118732452,3.158517837524414,offload,542.3685302734375,4000.0,40.0,0.3165509104728699,0.0421707779169082,0.1425360441207885,False,1.0,0.3166125118732452,acdnet,0.0343577079474926,70.0,pytorch,178773.609375,5.207017421722412,4.51803731918335,400.0,1.0,1.0,5.0,126.64500427246094,500.0,250210_acd_onoffbench.csv,0.3149662315845489,2025-03-20T16:05:05.290Z
0.3288300037384033,3.0456037521362305,offload,1322.717529296875,4000.0,40.0,0.3287358283996582,0.0164451394230127,0.2331360131502151,False,6.0,0.3288300037384033,acdnet,0.0317320823669433,70.0,pytorch,178773.609375,4.975922107696533,4.350572109222412,400.0,1.0,1.0,5.0,131.53199768066406,500.0,250210_acd_onoffbench.csv,0.3289147615432739,2025-03-20T16:05:05.290Z
0.3225033283233642,3.1022708415985107,offload,885.9009399414062,4000.0,40.0,0.3224310874938965,0.0209852326661348,0.2173154801130294,False,3.0,0.3225033283233642,acdnet,0.0421521663665771,70.0,pytorch,178773.609375,5.132789611816406,4.435641765594482,400.0,1.0,1.0,5.0,129.0013427734375,500.0,250210_acd_onoffbench.csv,0.3227444291114807,2025-03-20T16:05:05.290Z
0.3339991569519043,2.9971606731414795,offload,532.9839477539062,2000.0,40.0,0.3339321911334991,0.0536019764840602,0.1566160321235656,False,1.0,0.3339991569519043,acdnet,0.0431024245917797,70.0,pytorch,178773.609375,4.919196128845215,4.282872200012207,400.0,1.0,1.0,5.0,133.59967041015625,500.0,250210_acd_onoffbench.csv,0.3329919278621673,2025-03-20T16:05:05.290Z
0.204495832324028,5.855931758880615,offload,1965.380859375,2000.0,40.0,0.2043902724981308,10.057870864868164,0.0141966547816991,False,6.0,0.204495832324028,acdnet,0.0391395092010498,70.0,pytorch,178773.609375,8.735801696777344,6.997343063354492,400.0,1.0,1.0,15.0,81.79833221435547,500.0,250210_acd_onoffbench.csv,0.1539708822965622,2025-03-20T16:05:05.290Z
0.3279975056648254,3.049550771713257,offload,814.8323974609375,2000.0,40.0,0.3278991281986236,0.0351831242442131,0.2136473059654235,False,3.0,0.3279975056648254,acdnet,0.0355785675346851,70.0,pytorch,178773.609375,5.017090797424316,4.361673355102539,400.0,1.0,1.0,5.0,131.19900512695312,500.0,250210_acd_onoffbench.csv,0.3286939263343811,2025-03-20T16:05:05.290Z
0.0552466660737991,18.572311401367188,offload,2228.7060546875,4000.0,100.0,0.0551084093749523,0.4061664938926697,0.0081235691905021,False,3.0,0.0552466660737991,acdnet,0.0203917827457189,40.0,pytorch,178773.609375,24.340238571166992,25.952280044555664,400.0,1.0,1.0,70.0,22.09866714477539,500.0,250210_acd_onoffbench.csv,0.0537643320858478,2025-03-20T16:05:05.290Z
0.0668149963021278,15.083415031433104,offload,3725.6162109375,4000.0,100.0,0.0667424723505973,2.1511805057525635,0.0034355288371443,False,6.0,0.0668149963021278,acdnet,0.0334862060844898,40.0,pytorch,178773.609375,22.75843048095703,21.428466796875,400.0,1.0,1.0,70.0,26.72599983215332,500.0,250210_acd_onoffbench.csv,0.0583697110414505,2025-03-20T16:05:05.290Z
0.1103408336639404,9.136489868164062,offload,980.9900512695312,2000.0,100.0,0.11025071144104,10.984413146972656,0.00033067227923311293,False,1.0,0.1103408336639404,acdnet,0.0242925491183996,40.0,pytorch,178773.609375,13.503448486328123,12.972150802612305,400.0,1.0,1.0,70.0,44.13633346557617,500.0,250210_acd_onoffbench.csv,0.0558483302593231,2025-03-20T16:05:05.290Z
0.1063141673803329,9.466777801513672,offload,955.8740234375,4000.0,100.0,0.1062471121549606,12.301132202148438,0.0005183641333132982,False,1.0,0.1063141673803329,acdnet,0.0359706878662109,40.0,pytorch,178773.609375,14.15292263031006,13.460967063903809,400.0,1.0,1.0,70.0,42.525665283203125,500.0,250210_acd_onoffbench.csv,0.0509714931249618,2025-03-20T16:05:05.290Z
0.534927487373352,1.871553659439087,offload,275.8926696777344,4000.0,40.0,0.5348697304725647,0.2345808744430542,0.37040776014328,False,1.0,0.534927487373352,acdnet,0.0227469597011804,70.0,pytorch,178773.609375,3.219419002532959,2.673901319503784,400.0,1.0,1.0,3.0,213.9709930419922,500.0,250210_acd_onoffbench.csv,0.5337316989898682,2025-03-20T16:05:05.290Z
0.5229483246803284,1.9122419357299805,offload,369.6524353027344,4000.0,40.0,0.5229000449180603,0.1981217861175537,0.4389150440692901,False,3.0,0.5229483246803284,acdnet,0.0142839746549725,70.0,pytorch,178773.609375,3.2683210372924805,2.735109567642212,400.0,1.0,1.0,3.0,209.1793365478516,500.0,250210_acd_onoffbench.csv,0.5219124555587769,2025-03-20T16:05:05.290Z
0.5251682996749878,1.9041532278060915,offload,557.289794921875,2000.0,40.0,0.5251065492630005,0.2383948713541031,0.3890377581119537,False,3.0,0.5251682996749878,acdnet,0.0269459877163171,70.0,pytorch,178773.609375,3.2458221912384038,2.723616600036621,400.0,1.0,1.0,3.0,210.06732177734372,500.0,250210_acd_onoffbench.csv,0.5233155488967896,2025-03-20T16:05:05.290Z
0.524417519569397,1.9068787097930908,offload,1279.96337890625,2000.0,40.0,0.5242871046066284,0.4984970390796661,0.2210543304681778,False,6.0,0.524417519569397,acdnet,0.0465936660766601,70.0,pytorch,178773.609375,3.2093660831451416,2.7278735637664795,400.0,1.0,1.0,3.0,209.7669982910156,500.0,250210_acd_onoffbench.csv,0.522216796875,2025-03-20T16:05:05.290Z
0.5245224833488464,1.906499028205872,offload,328.6332092285156,2000.0,40.0,0.5244652628898621,0.2522222101688385,0.3342094123363495,False,1.0,0.5245224833488464,acdnet,0.0269242133945226,70.0,pytorch,178773.609375,3.245922565460205,2.726946830749512,400.0,1.0,1.0,3.0,209.8090057373047,500.0,250210_acd_onoffbench.csv,0.5222345590591431,2025-03-20T16:05:05.290Z
0.5240183472633362,1.9083446264266968,offload,584.3328247070312,4000.0,40.0,0.5239659547805786,0.1936549693346023,0.4513078927993774,False,6.0,0.5240183472633362,acdnet,0.0149440765380859,70.0,pytorch,178773.609375,3.27404522895813,2.72954535484314,400.0,1.0,1.0,3.0,209.6073303222656,500.0,250210_acd_onoffbench.csv,0.5225551724433899,2025-03-20T16:05:05.290Z
1.5794024467468262,0.6331654787063599,offload,231.9358673095703,4000.0,40.0,1.5793334245681765,0.0517735220491886,1.484294056892395,False,6.0,1.5794024467468262,acdnet,0.028610548004508,70.0,pytorch,178773.609375,1.13164222240448,0.9055648446083068,400.0,1.0,1.0,1.0,631.760986328125,500.0,250210_acd_onoffbench.csv,1.5779725313186646,2025-03-20T16:05:05.290Z
1.583027482032776,0.6317033767700195,offload,178.86476135253906,4000.0,40.0,1.582960844039917,0.0553462877869606,1.4606434106826782,False,3.0,1.583027482032776,acdnet,0.0274724960327148,70.0,pytorch,178773.609375,1.1296032667160034,0.9034897089004515,400.0,1.0,1.0,1.0,633.2109985351562,500.0,250210_acd_onoffbench.csv,1.5815491676330566,2025-03-20T16:05:05.290Z
1.5810574293136597,0.6324883103370667,offload,113.615966796875,4000.0,40.0,1.580996870994568,0.0531879439949989,1.3843634128570557,False,1.0,1.5810574293136597,acdnet,0.0273880958557128,70.0,pytorch,178773.609375,1.1282355785369873,0.9046120643615724,400.0,1.0,1.0,1.0,632.4229736328125,500.0,250210_acd_onoffbench.csv,1.5790839195251465,2025-03-20T16:05:05.290Z
1.5878983736038208,0.6297669410705566,offload,120.22455596923828,2000.0,40.0,1.587802767753601,0.0541871972382068,1.3796451091766355,False,1.0,1.5878983736038208,acdnet,0.0367604903876781,70.0,pytorch,178773.609375,1.1247293949127195,0.9007346034049988,400.0,1.0,1.0,1.0,635.1593627929688,500.0,250210_acd_onoffbench.csv,1.5865974426269531,2025-03-20T16:05:05.290Z
1.5854458808898926,0.630740225315094,offload,197.3379364013672,2000.0,40.0,1.585382103919983,0.0520291104912757,1.4367448091506958,False,3.0,1.5854458808898926,acdnet,0.0294198989868164,70.0,pytorch,178773.609375,1.129403829574585,0.9021098613739014,400.0,1.0,1.0,1.0,634.1783447265625,500.0,250210_acd_onoffbench.csv,1.5841017961502075,2025-03-20T16:05:05.290Z
1.6294025182724,0.6145994067192078,offload,390.5050964355469,2000.0,40.0,1.629276990890503,0.0502752475440502,1.3574178218841553,False,6.0,1.6294025182724,acdnet,0.0490330047905445,70.0,pytorch,178773.609375,1.123315930366516,0.8778058290481567,400.0,1.0,1.0,1.0,651.760986328125,500.0,250210_acd_onoffbench.csv,1.6290684938430786,2025-03-20T16:05:05.290Z
0.053135834634304,18.8201904296875,offload,2777.7568359375,4000.0,100.0,0.0530692115426063,0.1980919539928436,0.0007906363462097943,False,3.0,0.053135834634304,acdnet,0.021881103515625,40.0,pytorch,178773.609375,26.696813583374023,26.94950294494629,400.0,1.0,1.0,30.0,21.25433349609375,500.0,250210_acd_onoffbench.csv,0.0516366176307201,2025-03-20T16:05:05.290Z
0.087556667625904,11.661687850952148,offload,1877.6295166015625,2000.0,100.0,0.0874749720096588,8.09251594543457,0.0014104704605415,False,3.0,0.087556667625904,acdnet,0.0166323985904455,40.0,pytorch,178773.609375,17.171035766601562,16.34969139099121,400.0,1.0,1.0,70.0,35.022666931152344,500.0,250210_acd_onoffbench.csv,0.0467915423214435,2025-03-20T16:05:05.290Z
0.0918433368206024,11.080791473388672,offload,1966.0745849609373,2000.0,100.0,0.091764748096466,7.704314708709717,0.0005575744435191154,False,3.0,0.0918433368206024,acdnet,0.0261572208255529,40.0,pytorch,178773.609375,16.629364013671875,15.585384368896484,400.0,1.0,1.0,30.0,36.737335205078125,500.0,250210_acd_onoffbench.csv,0.0539287067949771,2025-03-20T16:05:05.290Z
0.0974083393812179,10.466635704040527,offload,1003.0556640625,4000.0,100.0,0.0973608791828155,8.771029472351074,0.0002918038808275014,False,1.0,0.0974083393812179,acdnet,0.0139795942232012,40.0,pytorch,178773.609375,16.282745361328125,14.68956470489502,400.0,1.0,1.0,30.0,38.96333312988281,500.0,250210_acd_onoffbench.csv,0.0530337318778038,2025-03-20T16:05:05.290Z
0.0844075009226799,12.015570640563965,offload,3380.5087890625,4000.0,100.0,0.084306925535202,2.0179803371429443,0.0093351583927869,False,6.0,0.0844075009226799,acdnet,0.026983818039298,40.0,pytorch,178773.609375,17.862491607666016,16.964073181152344,400.0,1.0,1.0,30.0,33.76300048828125,500.0,250210_acd_onoffbench.csv,0.0751933678984642,2025-03-20T16:05:05.290Z
0.1287408322095871,7.938740253448486,offload,964.1685180664062,2000.0,100.0,0.1286568939685821,15.399340629577637,0.00044845917727798223,False,1.0,0.1287408322095871,acdnet,0.0296173095703125,40.0,pytorch,178773.609375,12.2576322555542,11.11630153656006,400.0,1.0,1.0,30.0,51.49633407592773,500.0,250210_acd_onoffbench.csv,0.0522879958152771,2025-03-20T16:05:05.290Z
0.1055350005626678,9.47555160522461,offload,1633.157958984375,4000.0,100.0,0.105467177927494,0.0215279795229434,0.0454889275133609,False,3.0,0.1055350005626678,acdnet,0.0353547744452953,40.0,pytorch,178773.609375,15.163850784301758,13.560511589050291,400.0,1.0,1.0,15.0,42.2140007019043,500.0,250210_acd_onoffbench.csv,0.1047886833548545,2025-03-20T16:05:05.290Z
0.1061141714453697,9.42744255065918,offload,2490.418701171875,4000.0,100.0,0.1060078963637352,0.6234539151191711,0.0465089417994022,False,6.0,0.1061141714453697,acdnet,0.0286463107913732,40.0,pytorch,178773.609375,14.79819679260254,13.49134349822998,400.0,1.0,1.0,15.0,42.4456672668457,500.0,250210_acd_onoffbench.csv,0.1051321551203727,2025-03-20T16:05:05.290Z
0.1178683340549469,8.58004093170166,offload,1982.34130859375,2000.0,100.0,0.1177303493022918,9.138487815856934,0.0038641151040792,False,6.0,0.1178683340549469,acdnet,0.035902976989746,40.0,pytorch,178773.609375,12.548686027526855,12.148005485534668,400.0,1.0,1.0,70.0,47.14733505249024,500.0,250210_acd_onoffbench.csv,0.0727402791380882,2025-03-20T16:05:05.290Z
0.1170491650700569,8.714653015136719,offload,911.6820068359376,4000.0,100.0,0.116981640458107,2.485107660293579,0.0107570560649037,False,1.0,0.1170491650700569,acdnet,0.0210045184940099,40.0,pytorch,178773.609375,14.109164237976074,12.225754737854004,400.0,1.0,1.0,15.0,46.81966400146485,500.0,250210_acd_onoffbench.csv,0.1039686575531959,2025-03-20T16:05:05.290Z
0.129317507147789,7.7742390632629395,offload,1292.978759765625,2000.0,100.0,0.1292026191949844,1.3305699825286863,0.0380527190864086,False,3.0,0.129317507147789,acdnet,0.0200695991516113,40.0,pytorch,178773.609375,12.294059753417969,11.06934928894043,400.0,1.0,1.0,15.0,51.72700119018555,500.0,250210_acd_onoffbench.csv,0.124268002808094,2025-03-20T16:05:05.290Z
0.1693125069141388,5.95059061050415,offload,1018.4840698242188,4000.0,100.0,0.1692380458116531,0.0158162470906972,0.1085520163178443,False,3.0,0.1693125069141388,acdnet,0.0159730110317468,40.0,pytorch,178773.609375,9.44813060760498,8.450752258300781,400.0,1.0,1.0,10.0,67.7249984741211,500.0,250210_acd_onoffbench.csv,0.1688007861375808,2025-03-20T16:05:05.290Z
0.1744875013828277,5.75243091583252,offload,640.7243041992188,4000.0,100.0,0.1743866056203842,0.0717279911041259,0.0656135827302932,False,1.0,0.1744875013828277,acdnet,0.0256539974361658,40.0,pytorch,178773.609375,9.186274528503418,8.201253890991211,400.0,1.0,1.0,10.0,69.79499816894531,500.0,250210_acd_onoffbench.csv,0.1736740171909332,2025-03-20T16:05:05.290Z
0.192199170589447,5.589245796203613,offload,1969.9459228515625,2000.0,100.0,0.1920808404684066,4.023478984832764,0.0070353168994188,False,6.0,0.192199170589447,acdnet,0.0279865264892578,40.0,pytorch,178773.609375,8.346871376037598,7.445765495300293,400.0,1.0,1.0,30.0,76.87966918945312,500.0,250210_acd_onoffbench.csv,0.1719613671302795,2025-03-20T16:05:05.290Z
0.1541366577148437,7.617520332336426,offload,780.9948120117188,2000.0,100.0,0.1540713906288147,0.2936521470546722,0.0409646481275558,False,1.0,0.1541366577148437,acdnet,0.0342497825622558,40.0,pytorch,178773.609375,12.281167984008787,9.282637596130373,400.0,1.0,1.0,15.0,61.654666900634766,500.0,250210_acd_onoffbench.csv,0.1536233276128769,2025-03-20T16:05:05.290Z
0.2247450053691864,4.545356750488281,offload,1870.23974609375,2000.0,100.0,0.224621370434761,3.144659280776977,0.0149083463475108,False,6.0,0.2247450053691864,acdnet,0.0256614685058593,40.0,pytorch,178773.609375,6.982536792755127,6.367109775543213,400.0,1.0,1.0,15.0,89.89800262451172,500.0,250210_acd_onoffbench.csv,0.2094341814517974,2025-03-20T16:05:05.290Z
0.1750391721725464,5.83712911605835,offload,1512.845947265625,4000.0,100.0,0.1749692261219024,0.0225329045206308,0.1240077763795852,False,6.0,0.1750391721725464,acdnet,0.017414728179574,40.0,pytorch,178773.609375,9.11793041229248,8.173945426940918,400.0,1.0,1.0,10.0,70.01567077636719,500.0,250210_acd_onoffbench.csv,0.1744055449962616,2025-03-20T16:05:05.290Z
0.1566758304834365,6.382649898529053,offload,703.896728515625,2000.0,100.0,0.1566327810287475,0.0774639993906021,0.0430998541414737,False,1.0,0.1566758304834365,acdnet,0.0154349012300372,40.0,pytorch,178773.609375,10.051158905029297,9.130840301513672,400.0,1.0,1.0,10.0,62.67033386230469,500.0,250210_acd_onoffbench.csv,0.1554726511240005,2025-03-20T16:05:05.290Z
0.1569750010967254,6.370588302612305,offload,829.54052734375,2000.0,100.0,0.1569095402956009,0.0163149368017911,0.1094809025526046,False,3.0,0.1569750010967254,acdnet,0.0181597080081701,40.0,pytorch,178773.609375,10.120692253112791,9.114734649658203,400.0,1.0,1.0,10.0,62.790000915527344,500.0,250210_acd_onoffbench.csv,0.1560165286064148,2025-03-20T16:05:05.290Z
0.1982033401727676,5.439370155334473,offload,1760.9844970703125,2000.0,100.0,0.1981409341096878,5.787824630737305,0.0395076088607311,False,6.0,0.1982033401727676,acdnet,0.0390057563781738,40.0,pytorch,178773.609375,8.226489067077637,7.218038558959961,400.0,1.0,1.0,10.0,79.28133392333984,500.0,250210_acd_onoffbench.csv,0.169747456908226,2025-03-20T16:05:05.290Z
0.3149349987506866,3.1752586364746094,offload,888.9461059570312,4000.0,100.0,0.314855545759201,0.0133120892569422,0.2115657478570938,False,3.0,0.3149349987506866,acdnet,0.0224590301513671,40.0,pytorch,178773.609375,5.225147724151611,4.542365074157715,400.0,1.0,1.0,5.0,125.9739990234375,500.0,250210_acd_onoffbench.csv,0.3132955133914947,2025-03-20T16:05:05.290Z
0.3151024878025055,3.1735856533050537,offload,1087.525390625,4000.0,100.0,0.3150282204151153,0.0105272866785526,0.2430942207574844,False,6.0,0.3151024878025055,acdnet,0.0127271013334393,40.0,pytorch,178773.609375,5.232333183288574,4.539875507354736,400.0,1.0,1.0,5.0,126.04100036621094,500.0,250210_acd_onoffbench.csv,0.3132290244102478,2025-03-20T16:05:05.290Z
0.3148775100708008,3.175841808319092,offload,427.8760681152344,4000.0,100.0,0.3148246109485626,0.0202310737222433,0.1823920756578445,False,1.0,0.3148775100708008,acdnet,0.0208618640899658,40.0,pytorch,178773.609375,5.238442420959473,4.542811393737793,400.0,1.0,1.0,5.0,125.95099639892578,500.0,250210_acd_onoffbench.csv,0.3133554756641388,2025-03-20T16:05:05.290Z
0.3157791793346405,3.166900157928467,offload,394.6432800292969,2000.0,100.0,0.3157116770744324,0.0180562175810337,0.192769393324852,False,1.0,0.3157791793346405,acdnet,0.0231522712856531,40.0,pytorch,178773.609375,5.24242115020752,4.530047416687012,400.0,1.0,1.0,5.0,126.3116683959961,500.0,250210_acd_onoffbench.csv,0.3159303963184356,2025-03-20T16:05:05.290Z
0.3159566521644592,3.1650640964508057,offload,661.8048095703125,2000.0,100.0,0.3159025311470032,0.0140031687915325,0.2358981221914291,False,3.0,0.3159566521644592,acdnet,0.0145246190950274,40.0,pytorch,178773.609375,5.22080135345459,4.527310848236084,400.0,1.0,1.0,5.0,126.3826675415039,500.0,250210_acd_onoffbench.csv,0.3147669732570648,2025-03-20T16:05:05.290Z
0.318390816450119,3.140918254852295,offload,1290.353271484375,2000.0,100.0,0.3182442486286163,0.0983603000640869,0.1557588130235672,False,6.0,0.318390816450119,acdnet,0.0352479629218578,40.0,pytorch,178773.609375,5.121247291564941,4.493997573852539,400.0,1.0,1.0,5.0,127.35633087158205,500.0,250210_acd_onoffbench.csv,0.3175549209117889,2025-03-20T16:05:05.290Z
0.5366641879081726,1.8646259307861328,offload,678.8790893554688,2000.0,100.0,0.536538302898407,0.015733752399683,0.4106452763080597,False,6.0,0.5366641879081726,acdnet,0.0403938293457031,40.0,pytorch,178773.609375,3.1563496589660645,2.66558575630188,400.0,1.0,1.0,3.0,214.6656646728516,500.0,250210_acd_onoffbench.csv,0.5351932048797607,2025-03-20T16:05:05.290Z
0.5262658596038818,1.900198221206665,offload,264.96856689453125,4000.0,100.0,0.5261901617050171,0.0112730907276272,0.3885630965232849,False,1.0,0.5262658596038818,acdnet,0.0222411155700683,40.0,pytorch,178773.609375,3.243431568145752,2.718007802963257,400.0,1.0,1.0,3.0,210.5063323974609,500.0,250210_acd_onoffbench.csv,0.5251004099845886,2025-03-20T16:05:05.290Z
0.5513016581535339,1.8151146173477173,offload,262.3716125488281,2000.0,100.0,0.5512321591377258,0.0120588280260562,0.4092951416969299,False,1.0,0.5513016581535339,acdnet,0.0184930171817541,40.0,pytorch,178773.609375,3.1255645751953125,2.5945308208465576,400.0,1.0,1.0,3.0,220.52066040039065,500.0,250210_acd_onoffbench.csv,0.5504767894744873,2025-03-20T16:05:05.290Z
0.5468475222587585,1.8292196989059448,offload,436.1137390136719,2000.0,100.0,0.546772301197052,0.0078636119142174,0.4501662850379944,False,3.0,0.5468475222587585,acdnet,0.0154000921174883,40.0,pytorch,178773.609375,3.144216299057007,2.6156935691833496,400.0,1.0,1.0,3.0,218.73899841308597,500.0,250210_acd_onoffbench.csv,0.545793354511261,2025-03-20T16:05:05.290Z
0.5479249954223633,1.826554775238037,offload,806.9526977539062,4000.0,100.0,0.547838032245636,0.01019121799618,0.4507083892822265,False,6.0,0.5479249954223633,acdnet,0.0203529205173254,40.0,pytorch,178773.609375,3.1193830966949463,2.610605239868164,400.0,1.0,1.0,3.0,219.1699981689453,500.0,250210_acd_onoffbench.csv,0.5482007265090942,2025-03-20T16:05:05.290Z
0.5463662147521973,1.832880616188049,offload,491.0164794921875,4000.0,100.0,0.5462436676025391,0.0128910783678293,0.4403635263442993,False,3.0,0.5463662147521973,acdnet,0.0349317789077758,40.0,pytorch,178773.609375,3.140696287155152,2.61822509765625,400.0,1.0,1.0,3.0,218.54649353027344,500.0,250210_acd_onoffbench.csv,0.5449905395507812,2025-03-20T16:05:05.290Z
0.0580641664564609,17.26894187927246,offload,2691.116943359375,4000.0,70.0,0.0579685270786285,0.759411633014679,0.0006164207006804645,False,3.0,0.0580641664564609,acdnet,0.0226644668728113,40.0,pytorch,178773.609375,26.16176414489746,24.671815872192383,400.0,1.0,1.0,30.0,23.225666046142575,500.0,250210_acd_onoffbench.csv,0.0550111755728721,2025-03-20T16:05:05.290Z
0.0709808319807052,14.428579330444336,offload,3720.40966796875,4000.0,70.0,0.0709093511104583,2.352686643600464,0.0031307658646255,False,6.0,0.0709808319807052,acdnet,0.0117266178131103,40.0,pytorch,178773.609375,21.47469520568848,20.16925811767578,400.0,1.0,1.0,70.0,28.392333984375,500.0,250210_acd_onoffbench.csv,0.0647372156381607,2025-03-20T16:05:05.290Z
0.0809833332896232,12.529840469360352,offload,1900.1590576171875,2000.0,70.0,0.0808892995119094,5.805048942565918,0.0011471569305285,False,3.0,0.0809833332896232,acdnet,0.0235070381313562,40.0,pytorch,178773.609375,18.63860321044922,17.680816650390625,400.0,1.0,1.0,70.0,32.393333435058594,500.0,250210_acd_onoffbench.csv,0.0507624559104442,2025-03-20T16:05:05.290Z
0.0778312534093856,13.957270622253418,offload,1877.6475830078125,4000.0,70.0,0.0777666941285133,8.987610816955566,0.00047874479787424207,False,3.0,0.0778312534093856,acdnet,0.027130126953125,40.0,pytorch,178773.609375,20.733455657958984,18.390764236450195,400.0,1.0,1.0,70.0,31.13249969482422,500.0,250210_acd_onoffbench.csv,0.0322015173733234,2025-03-20T16:05:05.290Z
0.0662866681814193,15.181066513061523,offload,3706.259521484375,4000.0,70.0,0.0662015751004219,1.5231345891952517,0.0043961722403764,False,6.0,0.0662866681814193,acdnet,0.0177696552127599,40.0,pytorch,178773.609375,22.0588436126709,21.603546142578125,400.0,1.0,1.0,30.0,26.514667510986328,500.0,250210_acd_onoffbench.csv,0.0612953193485736,2025-03-20T16:05:05.290Z
0.1189441680908203,8.537284851074219,offload,980.111572265625,4000.0,70.0,0.1188857331871986,17.091535568237305,0.0003762155829463154,False,1.0,0.1189441680908203,acdnet,0.0245017204433679,40.0,pytorch,178773.609375,12.637742042541504,12.029945373535156,400.0,1.0,1.0,70.0,47.577667236328125,500.0,250210_acd_onoffbench.csv,0.0337655842304229,2025-03-20T16:05:05.290Z
0.094751663506031,10.581727981567385,offload,1003.4047241210938,4000.0,70.0,0.0946787446737289,7.70081090927124,0.0012824102304875,False,1.0,0.094751663506031,acdnet,0.0288566742092371,40.0,pytorch,178773.609375,16.107393264770508,15.105701446533203,400.0,1.0,1.0,30.0,37.900665283203125,500.0,250210_acd_onoffbench.csv,0.0600167773663997,2025-03-20T16:05:05.290Z
0.1054499968886375,9.681739807128906,offload,995.7774047851562,2000.0,70.0,0.10531897097826,11.107831954956056,0.0003331676998641342,False,1.0,0.1054499968886375,acdnet,0.0172183513641357,40.0,pytorch,178773.609375,14.586055755615234,13.579593658447266,400.0,1.0,1.0,30.0,42.18000030517578,500.0,250210_acd_onoffbench.csv,0.0541630834341049,2025-03-20T16:05:05.290Z
0.1183966696262359,8.644922256469727,offload,926.9832763671876,2000.0,70.0,0.1183242499828338,15.79737949371338,0.0003961934708058834,False,1.0,0.1183966696262359,acdnet,0.0213158931583166,40.0,pytorch,178773.609375,12.94192123413086,12.087031364440918,400.0,1.0,1.0,70.0,47.358665466308594,500.0,250210_acd_onoffbench.csv,0.0394066013395786,2025-03-20T16:05:05.290Z
0.2247891575098037,4.45642614364624,offload,1926.26171875,2000.0,70.0,0.2246088683605194,6.035015106201172,0.0097246756777167,False,6.0,0.2247891575098037,acdnet,0.0282181110233068,40.0,pytorch,178773.609375,6.710326194763184,6.3674635887146,400.0,1.0,1.0,70.0,89.91566467285156,500.0,250210_acd_onoffbench.csv,0.2010155767202377,2025-03-20T16:05:05.290Z
1.581931710243225,0.6321701407432556,offload,166.79855346679688,4000.0,100.0,1.5818767547607422,0.0018111194949597,1.5311623811721802,False,6.0,1.581931710243225,acdnet,0.0122505025938153,40.0,pytorch,178773.609375,1.1231483221054075,0.9041088819503784,400.0,1.0,1.0,1.0,632.772705078125,500.0,250210_acd_onoffbench.csv,1.580408811569214,2025-03-20T16:05:05.290Z
1.5807600021362305,0.6326074004173279,offload,333.8631286621094,2000.0,100.0,1.580634355545044,0.00664913514629,1.3732714653015137,False,6.0,1.5807600021362305,acdnet,0.0385567359626293,40.0,pytorch,178773.609375,1.1472209692001345,0.9048195481300354,400.0,1.0,1.0,1.0,632.3040161132812,500.0,250210_acd_onoffbench.csv,1.5787138938903809,2025-03-20T16:05:05.290Z
1.5960017442703247,0.6265944838523865,offload,91.41529083251952,4000.0,100.0,1.595954179763794,0.0019415662391111,1.5440298318862915,False,3.0,1.5960017442703247,acdnet,0.0103764533996582,40.0,pytorch,178773.609375,1.1042838096618652,0.8961340188980103,400.0,1.0,1.0,1.0,638.4006958007812,500.0,250210_acd_onoffbench.csv,1.5949747562408447,2025-03-20T16:05:05.290Z
1.5821058750152588,0.63206946849823,offload,156.75621032714844,2000.0,100.0,1.5820043087005615,0.0033252486027777,1.4808727502822876,False,3.0,1.5821058750152588,acdnet,0.026670217514038,40.0,pytorch,178773.609375,1.1340842247009275,0.9040360450744628,400.0,1.0,1.0,1.0,632.8423461914062,500.0,250210_acd_onoffbench.csv,1.579606056213379,2025-03-20T16:05:05.290Z
1.5832834243774414,0.6315991282463074,offload,73.84394073486328,2000.0,100.0,1.5832159519195557,0.0033045324962586,1.4644533395767212,False,1.0,1.5832834243774414,acdnet,0.0133143262937664,40.0,pytorch,178773.609375,1.119010329246521,0.9033441543579102,400.0,1.0,1.0,1.0,633.3133544921875,500.0,250210_acd_onoffbench.csv,1.5812585353851318,2025-03-20T16:05:05.290Z
1.642917513847351,0.6093189716339111,offload,79.8226089477539,4000.0,100.0,1.642869472503662,0.0035361291375011,1.5120022296905518,False,1.0,1.642917513847351,acdnet,0.0116628007963299,40.0,pytorch,178773.609375,1.0902575254440308,0.8705432415008545,400.0,1.0,1.0,1.0,657.1669921875,500.0,250210_acd_onoffbench.csv,1.6420124769210815,2025-03-20T16:05:05.290Z
0.0850875005125999,11.99573802947998,offload,1869.04638671875,2000.0,70.0,0.0850257650017738,4.996789455413818,0.001273272675462,False,3.0,0.0850875005125999,acdnet,0.0205472316592931,40.0,pytorch,178773.609375,18.05854797363281,16.82065200805664,400.0,1.0,1.0,30.0,34.03499984741211,500.0,250210_acd_onoffbench.csv,0.0603166185319423,2025-03-20T16:05:05.290Z
0.1133941635489463,8.853667259216309,offload,1873.5938720703125,2000.0,70.0,0.1133246049284935,8.376956939697266,0.0077612069435417,False,6.0,0.1133941635489463,acdnet,0.0526808090507984,40.0,pytorch,178773.609375,12.991313934326172,12.620285987854004,400.0,1.0,1.0,30.0,45.357666015625,500.0,250210_acd_onoffbench.csv,0.0716466307640075,2025-03-20T16:05:05.290Z
0.1097258329391479,9.13917636871338,offload,1757.369384765625,2000.0,70.0,0.1096324995160102,0.991383135318756,0.0160893313586711,False,3.0,0.1097258329391479,acdnet,0.0206138286739587,40.0,pytorch,178773.609375,14.567072868347168,13.045299530029297,400.0,1.0,1.0,15.0,43.89033126831055,500.0,250210_acd_onoffbench.csv,0.102927953004837,2025-03-20T16:05:05.290Z
0.1079266667366027,9.271404266357422,offload,905.0106811523438,4000.0,70.0,0.1078729256987571,0.6980778574943542,0.0065592299215495,False,1.0,0.1079266667366027,acdnet,0.0100888414308428,40.0,pytorch,178773.609375,14.592768669128418,13.258089065551758,400.0,1.0,1.0,15.0,43.1706657409668,500.0,250210_acd_onoffbench.csv,0.1034053638577461,2025-03-20T16:05:05.290Z
0.104662500321865,9.554540634155272,offload,2859.7685546875,4000.0,70.0,0.1045464053750038,0.0433023460209369,0.0423100665211677,False,6.0,0.104662500321865,acdnet,0.0204095039516687,40.0,pytorch,178773.609375,14.647581100463867,13.679943084716797,400.0,1.0,1.0,15.0,41.86499786376953,500.0,250210_acd_onoffbench.csv,0.1035352796316146,2025-03-20T16:05:05.290Z
0.1133766621351242,8.919156074523926,offload,1461.968994140625,4000.0,70.0,0.1133254244923591,0.0237098187208175,0.0491701140999794,False,3.0,0.1133766621351242,acdnet,0.0167045593261718,40.0,pytorch,178773.609375,14.329566955566406,12.620194435119627,400.0,1.0,1.0,15.0,45.35066604614258,500.0,250210_acd_onoffbench.csv,0.1038487330079078,2025-03-20T16:05:05.290Z
0.1284416615962982,7.907885551452637,offload,1019.9719848632812,2000.0,70.0,0.1283552199602127,4.7829694747924805,0.0008514455985277891,False,1.0,0.1284416615962982,acdnet,0.0214938316494226,40.0,pytorch,178773.609375,12.710138320922852,11.142428398132324,400.0,1.0,1.0,15.0,51.37666702270508,500.0,250210_acd_onoffbench.csv,0.1041332781314849,2025-03-20T16:05:05.290Z
0.1578908413648605,6.333840847015381,offload,1940.916015625,4000.0,70.0,0.1577101498842239,0.0255438946187496,0.0943151414394378,False,6.0,0.1578908413648605,acdnet,0.0248743686825037,40.0,pytorch,178773.609375,9.662676811218262,9.068464279174805,400.0,1.0,1.0,10.0,63.15633392333984,500.0,250210_acd_onoffbench.csv,0.1579433530569076,2025-03-20T16:05:05.290Z
0.1579083353281021,6.332874774932861,offload,618.3024291992188,4000.0,70.0,0.1578473299741745,0.0415139310061931,0.0591877065598964,False,1.0,0.1579083353281021,acdnet,0.0171862449496984,40.0,pytorch,178773.609375,10.085015296936035,9.060583114624023,400.0,1.0,1.0,10.0,63.163333892822266,500.0,250210_acd_onoffbench.csv,0.1566154360771179,2025-03-20T16:05:05.290Z
0.1585424989461898,6.307685375213623,offload,1200.0728759765625,4000.0,70.0,0.1584725081920623,0.0184549093246459,0.0905225351452827,False,3.0,0.1585424989461898,acdnet,0.0225183963775634,40.0,pytorch,178773.609375,10.014188766479492,9.0248384475708,400.0,1.0,1.0,10.0,63.41699981689453,500.0,250210_acd_onoffbench.csv,0.1581290811300277,2025-03-20T16:05:05.290Z
0.1639399975538253,6.10740327835083,offload,802.10791015625,2000.0,70.0,0.1638502776622772,0.1266749650239944,0.0343225784599781,False,1.0,0.1639399975538253,acdnet,0.032242614775896,40.0,pytorch,178773.609375,9.666984558105469,8.728632926940918,400.0,1.0,1.0,10.0,65.57599639892578,500.0,250210_acd_onoffbench.csv,0.1627345085144043,2025-03-20T16:05:05.290Z
0.1723216623067855,5.830659866333008,offload,1256.261962890625,2000.0,70.0,0.1722484976053238,0.0489241853356361,0.0778374299407005,False,3.0,0.1723216623067855,acdnet,0.0235520992428064,40.0,pytorch,178773.609375,9.163129806518556,8.303055763244629,400.0,1.0,1.0,10.0,68.92866516113281,500.0,250210_acd_onoffbench.csv,0.1729577779769897,2025-03-20T16:05:05.290Z
0.222820833325386,4.517945766448975,offload,1810.6568603515625,2000.0,70.0,0.2227537482976913,0.9141089916229248,0.0262041669338941,False,6.0,0.222820833325386,acdnet,0.0279035568237304,40.0,pytorch,178773.609375,6.765425205230713,6.420493125915527,400.0,1.0,1.0,10.0,89.12833404541016,500.0,250210_acd_onoffbench.csv,0.222153902053833,2025-03-20T16:05:05.290Z
0.227159172296524,5.017942428588867,offload,1888.4625244140625,2000.0,70.0,0.2270043045282364,12.434758186340332,0.0053847450762987,False,6.0,0.227159172296524,acdnet,0.0414694137871265,40.0,pytorch,178773.609375,7.252857208251953,6.300271987915039,400.0,1.0,1.0,15.0,90.8636703491211,500.0,250210_acd_onoffbench.csv,0.1670635342597961,2025-03-20T16:05:05.290Z
0.3225283324718475,3.103529930114746,offload,624.90966796875,4000.0,70.0,0.3224640488624573,0.0076800789684057,0.2492832541465759,False,3.0,0.3225283324718475,acdnet,0.0226530227810144,40.0,pytorch,178773.609375,5.0719380378723145,4.435188293457031,400.0,1.0,1.0,5.0,129.01132202148438,500.0,250210_acd_onoffbench.csv,0.3214850425720215,2025-03-20T16:05:05.290Z
0.3396883308887481,2.9443845748901367,offload,372.575927734375,4000.0,70.0,0.3396098613739013,0.0329654701054096,0.2080323547124862,False,1.0,0.3396883308887481,acdnet,0.0195256080478429,40.0,pytorch,178773.609375,4.876279354095459,4.211270332336426,400.0,1.0,1.0,5.0,135.87533569335938,500.0,250210_acd_onoffbench.csv,0.3303644061088562,2025-03-20T16:05:05.290Z
0.3147466778755188,3.177161455154419,offload,1045.0086669921875,2000.0,70.0,0.3145894706249237,0.0181453078985214,0.2054972350597381,False,6.0,0.3147466778755188,acdnet,0.0149908065795898,40.0,pytorch,178773.609375,5.20065450668335,4.546207427978516,400.0,1.0,1.0,5.0,125.89866638183594,500.0,250210_acd_onoffbench.csv,0.3129688799381256,2025-03-20T16:05:05.290Z
0.3249799907207489,3.085639476776123,offload,911.5197143554688,4000.0,70.0,0.3249045312404632,0.007932199165225,0.2638673484325409,False,6.0,0.3249799907207489,acdnet,0.0139021873474121,40.0,pytorch,178773.609375,5.058383941650391,4.40187406539917,400.0,1.0,1.0,5.0,129.99200439453125,500.0,250210_acd_onoffbench.csv,0.3258031606674194,2025-03-20T16:05:05.290Z
0.3138358294963836,3.18639874458313,offload,485.6767272949219,2000.0,70.0,0.3137893676757812,0.0065890774130821,0.2626585066318512,False,3.0,0.3138358294963836,acdnet,0.0159574355930089,40.0,pytorch,178773.609375,5.331796169281006,4.557798862457275,400.0,1.0,1.0,5.0,125.53433227539062,500.0,250210_acd_onoffbench.csv,0.3125360906124115,2025-03-20T16:05:05.290Z
0.3134075105190277,3.19075345993042,offload,327.6654052734375,2000.0,70.0,0.3133299052715301,0.0127602471038699,0.2084519416093826,False,1.0,0.3134075105190277,acdnet,0.0112154483795166,40.0,pytorch,178773.609375,5.198099136352539,4.564482688903809,400.0,1.0,1.0,5.0,125.36299896240234,500.0,250210_acd_onoffbench.csv,0.3122525811195373,2025-03-20T16:05:05.290Z
0.5251316428184509,1.9042893648147583,offload,263.4658203125,4000.0,70.0,0.5250663757324219,0.0115216085687279,0.3849728107452392,False,1.0,0.5251316428184509,acdnet,0.0237120781093835,40.0,pytorch,178773.609375,3.198699951171875,2.7238247394561768,400.0,1.0,1.0,3.0,210.05267333984372,500.0,250210_acd_onoffbench.csv,0.5232399702072144,2025-03-20T16:05:05.290Z
0.5258391499519348,1.9017246961593628,offload,509.697265625,4000.0,70.0,0.5257675051689148,0.0072562876157462,0.4228628575801849,False,3.0,0.5258391499519348,acdnet,0.0235552787780761,40.0,pytorch,178773.609375,3.164613008499145,2.720192670822144,400.0,1.0,1.0,3.0,210.33566284179688,500.0,250210_acd_onoffbench.csv,0.5243967771530151,2025-03-20T16:05:05.290Z
0.5248816609382629,1.905195951461792,offload,721.8473510742188,4000.0,70.0,0.5248053669929504,0.0059333476237952,0.4441634118556976,False,6.0,0.5248816609382629,acdnet,0.0193259716033935,40.0,pytorch,178773.609375,3.191650390625,2.725179672241211,400.0,1.0,1.0,3.0,209.95266723632807,500.0,250210_acd_onoffbench.csv,0.5232340693473816,2025-03-20T16:05:05.290Z
0.5265341401100159,1.8992773294448853,offload,406.4360046386719,2000.0,70.0,0.5264706611633301,0.0064455424435436,0.4440406560897827,False,3.0,0.5265341401100159,acdnet,0.0117989378049969,40.0,pytorch,178773.609375,3.13728141784668,2.716559410095215,400.0,1.0,1.0,3.0,210.61366271972656,500.0,250210_acd_onoffbench.csv,0.5252090096473694,2025-03-20T16:05:05.290Z
0.5291475057601929,1.8898608684539795,offload,767.8745727539062,2000.0,70.0,0.5289837121963501,0.0174061879515647,0.3803793787956238,False,6.0,0.5291475057601929,acdnet,0.0189040508121252,40.0,pytorch,178773.609375,3.214286088943481,2.7036538124084477,400.0,1.0,1.0,3.0,211.65899658203125,500.0,250210_acd_onoffbench.csv,0.5280357599258423,2025-03-20T16:05:05.290Z
0.5261417031288147,1.9006651639938357,offload,292.1126708984375,2000.0,70.0,0.5260823965072632,0.0116744814440608,0.3729311525821686,False,1.0,0.5261417031288147,acdnet,0.02398681640625,40.0,pytorch,178773.609375,3.222803831100464,2.718564510345459,400.0,1.0,1.0,3.0,210.4566650390625,500.0,250210_acd_onoffbench.csv,0.5251545906066895,2025-03-20T16:05:05.290Z
1.5837825536727903,0.6314013600349426,offload,89.4237289428711,4000.0,70.0,1.5836995840072632,0.0047850217670202,1.4406100511550903,False,1.0,1.5837825536727903,acdnet,0.0229203701019287,40.0,pytorch,178773.609375,1.127471923828125,0.9030683040618896,400.0,1.0,1.0,1.0,633.5130004882812,500.0,250210_acd_onoffbench.csv,1.5823324918746948,2025-03-20T16:05:05.290Z
1.6388050317764282,0.6108006238937378,offload,231.22586059570312,2000.0,70.0,1.638689398765564,0.0098827201873064,1.5119755268096924,False,6.0,1.6388050317764282,acdnet,0.0295362472534179,40.0,pytorch,178773.609375,1.1110756397247314,0.8727638721466064,400.0,1.0,1.0,1.0,655.52197265625,500.0,250210_acd_onoffbench.csv,1.638185977935791,2025-03-20T16:05:05.290Z
1.673032522201538,0.5982696413993835,offload,81.7428970336914,2000.0,70.0,1.6729587316513062,0.0047218138352036,1.5387030839920044,False,1.0,1.673032522201538,acdnet,0.026117006316781,40.0,pytorch,178773.609375,1.100163221359253,0.8548859357833862,400.0,1.0,1.0,1.0,669.2130126953125,500.0,250210_acd_onoffbench.csv,1.6736334562301636,2025-03-20T16:05:05.290Z
1.6588616371154783,0.6036725044250488,offload,292.45037841796875,4000.0,70.0,1.6587872505187988,0.005220387596637,1.5496432781219482,False,6.0,1.6588616371154783,acdnet,0.0172475967556238,40.0,pytorch,178773.609375,1.1141551733016968,0.8621894121170044,400.0,1.0,1.0,1.0,663.544677734375,500.0,250210_acd_onoffbench.csv,1.6581337451934814,2025-03-20T16:05:05.290Z
1.6632283926010132,0.6015570759773254,offload,161.89146423339844,2000.0,70.0,1.663122057914734,0.0050859530456364,1.5480365753173828,False,3.0,1.6632283926010132,acdnet,0.0264482498168945,40.0,pytorch,178773.609375,1.1081336736679075,0.8599422574043274,400.0,1.0,1.0,1.0,665.2913208007812,500.0,250210_acd_onoffbench.csv,1.6622793674468994,2025-03-20T16:05:05.290Z
1.6309391260147097,0.6140009164810181,offload,154.32476806640625,4000.0,70.0,1.6308611631393433,0.0036455877125263,1.5358861684799194,False,3.0,1.6309391260147097,acdnet,0.0221264362335205,40.0,pytorch,178773.609375,1.115532636642456,0.876953125,400.0,1.0,1.0,1.0,652.3756713867188,500.0,250210_acd_onoffbench.csv,1.630423069000244,2025-03-20T16:05:05.290Z
0.0494699999690055,20.39202880859375,offload,2703.661376953125,4000.0,40.0,0.0494096055626869,3.07938814163208,0.0003554530849214643,False,3.0,0.0494699999690055,acdnet,0.0107272462919354,40.0,pytorch,178773.609375,30.38733673095703,28.94556427001953,400.0,1.0,1.0,70.0,19.788000106811523,500.0,250210_acd_onoffbench.csv,0.0335588604211807,2025-03-20T16:05:05.290Z
0.0652775019407272,15.780261993408203,offload,3513.1123046875,4000.0,40.0,0.0651861280202865,2.56894850730896,0.0106404656544327,False,6.0,0.0652775019407272,acdnet,0.0138001441955566,40.0,pytorch,178773.609375,23.214597702026367,21.940080642700195,400.0,1.0,1.0,70.0,26.11100006103516,500.0,250210_acd_onoffbench.csv,0.0518533550202846,2025-03-20T16:05:05.290Z
0.0744308307766914,13.830944061279297,offload,3663.40087890625,4000.0,40.0,0.0743578970432281,2.2567920684814453,0.0022384615149348,False,6.0,0.0744308307766914,acdnet,0.0180836524814367,40.0,pytorch,178773.609375,20.05546760559082,19.23385238647461,400.0,1.0,1.0,30.0,29.7723331451416,500.0,250210_acd_onoffbench.csv,0.064376875758171,2025-03-20T16:05:05.290Z
0.0626108348369598,16.354612350463867,offload,2550.634765625,4000.0,40.0,0.062543399631977,1.95118260383606,0.0043451283127069,False,3.0,0.0626108348369598,acdnet,0.0184543933719396,40.0,pytorch,178773.609375,25.465375900268555,22.867143630981445,400.0,1.0,1.0,30.0,25.044334411621094,500.0,250210_acd_onoffbench.csv,0.0535308048129081,2025-03-20T16:05:05.290Z
0.0819508358836174,12.387497901916504,offload,1944.5545654296875,2000.0,40.0,0.0818680077791214,5.470646858215332,0.0006725591374561191,False,3.0,0.0819508358836174,acdnet,0.0149708585813641,40.0,pytorch,178773.609375,18.675048828125,17.46944808959961,400.0,1.0,1.0,30.0,32.78033447265625,500.0,250210_acd_onoffbench.csv,0.0549378879368305,2025-03-20T16:05:05.290Z
0.0921574980020523,10.93481731414795,offload,1908.3402099609373,2000.0,40.0,0.0920710265636444,6.636377811431885,0.0011383157689124,False,3.0,0.0921574980020523,acdnet,0.0221420917659997,40.0,pytorch,178773.609375,16.23319435119629,15.533539772033691,400.0,1.0,1.0,70.0,36.86299896240234,500.0,250210_acd_onoffbench.csv,0.057373784482479,2025-03-20T16:05:05.290Z
0.104382500052452,9.597467422485352,offload,1006.981689453125,2000.0,40.0,0.1043122634291648,10.351963996887209,0.0003998021420557052,False,1.0,0.104382500052452,acdnet,0.0241243839263916,40.0,pytorch,178773.609375,15.013744354248049,13.710649490356444,400.0,1.0,1.0,30.0,41.75300216674805,500.0,250210_acd_onoffbench.csv,0.053406361490488,2025-03-20T16:05:05.290Z
0.1015975028276443,9.955204010009766,offload,987.0413818359376,4000.0,40.0,0.1014810279011726,13.051416397094728,0.00032020898652262986,False,1.0,0.1015975028276443,acdnet,0.0186809301376342,40.0,pytorch,178773.609375,15.107454299926758,14.093165397644045,400.0,1.0,1.0,70.0,40.63899993896485,500.0,250210_acd_onoffbench.csv,0.0332014709711074,2025-03-20T16:05:05.290Z
0.1118775010108947,8.985118865966797,offload,876.1807250976562,2000.0,40.0,0.1117836385965347,0.1586907505989074,0.0144815295934677,False,1.0,0.1118775010108947,acdnet,0.0169041957706213,40.0,pytorch,178773.609375,13.967576026916504,12.794259071350098,400.0,1.0,1.0,15.0,44.7509994506836,500.0,250210_acd_onoffbench.csv,0.1120960712432861,2025-03-20T16:05:05.290Z
0.1095475032925605,9.20712184906006,offload,998.2525634765624,4000.0,40.0,0.1094843074679374,11.529632568359377,0.0003876582777593285,False,1.0,0.1095475032925605,acdnet,0.0214986000210046,40.0,pytorch,178773.609375,14.34310531616211,13.062957763671877,400.0,1.0,1.0,30.0,43.81900024414063,500.0,250210_acd_onoffbench.csv,0.0524525009095668,2025-03-20T16:05:05.290Z
0.1180941686034202,8.528838157653809,offload,1467.4400634765625,4000.0,40.0,0.1179850399494171,0.0264938455075025,0.0552523583173751,False,3.0,0.1180941686034202,acdnet,0.0237697754055261,40.0,pytorch,178773.609375,13.583736419677734,12.121781349182127,400.0,1.0,1.0,15.0,47.23766708374024,500.0,250210_acd_onoffbench.csv,0.1175359487533569,2025-03-20T16:05:05.290Z
0.1139508336782455,8.791143417358398,offload,2541.202880859375,4000.0,40.0,0.1138234958052635,0.0909201502799987,0.0476201996207237,False,6.0,0.1139508336782455,acdnet,0.018954673781991,40.0,pytorch,178773.609375,13.5027494430542,12.564970970153809,400.0,1.0,1.0,15.0,45.5803337097168,500.0,250210_acd_onoffbench.csv,0.1125215962529182,2025-03-20T16:05:05.290Z
0.1133466660976409,8.851030349731445,offload,850.9974975585938,4000.0,40.0,0.1132371053099632,0.1980321258306503,0.0148759139701724,False,1.0,0.1133466660976409,acdnet,0.0288784503936767,40.0,pytorch,178773.609375,13.480036735534668,12.630037307739258,400.0,1.0,1.0,15.0,45.33866500854492,500.0,250210_acd_onoffbench.csv,0.1135542839765548,2025-03-20T16:05:05.290Z
0.1202000007033348,8.39004898071289,offload,978.2061767578124,2000.0,40.0,0.1200790628790855,16.57773780822754,0.0003467764472588897,False,1.0,0.1202000007033348,acdnet,0.0194547176361084,40.0,pytorch,178773.609375,12.431175231933594,11.910393714904783,400.0,1.0,1.0,70.0,48.07999801635742,500.0,250210_acd_onoffbench.csv,0.036288846284151,2025-03-20T16:05:05.290Z
0.232004165649414,4.317975521087647,offload,1981.4080810546875,2000.0,40.0,0.2319135665893554,9.142485618591309,0.0015501304296776,False,6.0,0.232004165649414,acdnet,0.0398921184241771,40.0,pytorch,178773.609375,6.473317623138428,6.166904926300049,400.0,1.0,1.0,70.0,92.80166625976562,500.0,250210_acd_onoffbench.csv,0.185187429189682,2025-03-20T16:05:05.290Z
0.238921657204628,4.2054948806762695,offload,1957.31494140625,2000.0,40.0,0.2387271076440811,9.57080078125,0.0013251203345134,False,6.0,0.238921657204628,acdnet,0.0432565212249755,40.0,pytorch,178773.609375,6.41999626159668,5.990894317626953,400.0,1.0,1.0,30.0,95.56866455078124,500.0,250210_acd_onoffbench.csv,0.2032220810651779,2025-03-20T16:05:05.290Z
0.112077496945858,9.012044906616213,offload,1325.9449462890625,2000.0,40.0,0.1119962185621261,0.0548607036471366,0.039583221077919,False,3.0,0.112077496945858,acdnet,0.0118590192869305,40.0,pytorch,178773.609375,13.056544303894045,12.769974708557127,400.0,1.0,1.0,15.0,44.83100128173828,500.0,250210_acd_onoffbench.csv,0.1111386641860008,2025-03-20T16:05:05.290Z
0.0982875004410743,10.293286323547363,offload,3386.91796875,4000.0,70.0,0.09821717441082,7.325858592987059,0.0004649684997275472,False,6.0,0.0982875004410743,acdnet,0.0283950176090002,100.0,pytorch,178773.609375,15.625931739807127,14.561494827270508,400.0,1.0,1.0,30.0,39.31499862670898,500.0,250210_acd_onoffbench.csv,0.0593528449535369,2025-03-20T16:05:05.290Z
0.1165866628289222,8.628236770629883,offload,3593.58837890625,4000.0,70.0,0.1165195256471633,1.9187610149383545,0.0106443259865045,False,6.0,0.1165866628289222,acdnet,0.0433936901390552,100.0,pytorch,178773.609375,13.12403964996338,12.27424144744873,400.0,1.0,1.0,15.0,46.63466644287109,500.0,250210_acd_onoffbench.csv,0.1082920953631401,2025-03-20T16:05:05.290Z
0.1097283363342285,9.130522727966309,offload,2345.389404296875,4000.0,70.0,0.1096450611948967,1.034967303276062,0.0107539184391498,False,3.0,0.1097283363342285,acdnet,0.0419201850891113,100.0,pytorch,178773.609375,14.270931243896484,13.043805122375488,400.0,1.0,1.0,15.0,43.891334533691406,500.0,250210_acd_onoffbench.csv,0.1051404550671577,2025-03-20T16:05:05.290Z
0.1638133376836776,6.108800888061523,offload,1862.508056640625,4000.0,70.0,0.1637241393327713,0.0690904557704925,0.0522055067121982,False,3.0,0.1638133376836776,acdnet,0.0504672527313232,100.0,pytorch,178773.609375,9.526128768920898,8.735357284545898,400.0,1.0,1.0,10.0,65.52532958984375,500.0,250210_acd_onoffbench.csv,0.1627264469861984,2025-03-20T16:05:05.290Z
0.1647641658782959,6.073860168457031,offload,2618.765869140625,4000.0,70.0,0.1647026091814041,0.0782520323991775,0.0584558695554733,False,6.0,0.1647641658782959,acdnet,0.0443274974822998,100.0,pytorch,178773.609375,9.240189552307127,8.683462142944336,400.0,1.0,1.0,10.0,65.90567016601562,500.0,250210_acd_onoffbench.csv,0.1638160794973373,2025-03-20T16:05:05.290Z
0.2108175009489059,4.748237609863281,offload,960.4000244140624,4000.0,70.0,0.2107491046190261,30.36712455749512,0.00032820424530655146,False,1.0,0.2108175009489059,acdnet,0.0327826328575611,100.0,pytorch,178773.609375,7.314672470092773,6.786215782165527,400.0,1.0,1.0,30.0,84.3270034790039,500.0,250210_acd_onoffbench.csv,0.0594513565301895,2025-03-20T16:05:05.290Z
0.2337991595268249,4.33541202545166,offload,954.7174682617188,4000.0,70.0,0.2337400764226913,25.68157386779785,0.000416606868384406,False,1.0,0.2337991595268249,acdnet,0.0515863113105297,100.0,pytorch,178773.609375,6.985270977020264,6.118714809417725,400.0,1.0,1.0,15.0,93.51966094970705,500.0,250210_acd_onoffbench.csv,0.1034753620624542,2025-03-20T16:05:05.290Z
0.1785516589879989,5.720669269561768,offload,1947.8394775390625,2000.0,70.0,0.1784893870353698,24.096607208251957,0.0006370826158672571,False,3.0,0.1785516589879989,acdnet,0.0573201179504394,100.0,pytorch,178773.609375,8.50681209564209,8.012739181518555,400.0,1.0,1.0,30.0,71.42066955566406,500.0,250210_acd_onoffbench.csv,0.0584672726690769,2025-03-20T16:05:05.290Z
0.2115599960088729,4.741352081298828,offload,949.0745239257812,2000.0,70.0,0.2115009129047393,31.903884887695312,0.0003852454829029739,False,1.0,0.2115599960088729,acdnet,0.0480823516845703,100.0,pytorch,178773.609375,7.358729839324951,6.762093544006348,400.0,1.0,1.0,30.0,84.6240005493164,500.0,250210_acd_onoffbench.csv,0.0516017004847526,2025-03-20T16:05:05.290Z
0.1710566729307174,6.245516777038574,offload,1967.3848876953125,2000.0,70.0,0.1709807515144348,13.542631149291992,0.0006297616055235267,False,3.0,0.1710566729307174,acdnet,0.0828779563307762,100.0,pytorch,178773.609375,9.975679397583008,8.364619255065918,400.0,1.0,1.0,15.0,68.42266845703125,500.0,250210_acd_onoffbench.csv,0.104901410639286,2025-03-20T16:05:05.290Z
0.1937974989414215,5.206097602844238,offload,994.7418823242188,2000.0,70.0,0.1937373727560043,6.459344863891602,0.0004809226666111499,False,1.0,0.1937974989414215,acdnet,0.0382253341376781,100.0,pytorch,178773.609375,8.307801246643066,7.382101058959961,400.0,1.0,1.0,10.0,77.51900482177734,500.0,250210_acd_onoffbench.csv,0.1596878916025161,2025-03-20T16:05:05.290Z
0.2091000080108642,4.847254276275635,offload,977.4442749023438,4000.0,70.0,0.2090113461017608,9.147737503051758,0.0042496398091316,False,1.0,0.2091000080108642,acdnet,0.0389877967536449,100.0,pytorch,178773.609375,7.840489387512207,6.842637538909912,400.0,1.0,1.0,10.0,83.63999938964844,500.0,250210_acd_onoffbench.csv,0.1631622314453125,2025-03-20T16:05:05.290Z
0.227534994482994,4.399155616760254,offload,971.42041015625,2000.0,70.0,0.2274469882249832,24.576908111572266,0.00047813772107474506,False,1.0,0.227534994482994,acdnet,0.0669136866927146,100.0,pytorch,178773.609375,7.092019081115723,6.288009643554688,400.0,1.0,1.0,15.0,91.01399993896484,500.0,250210_acd_onoffbench.csv,0.1059812158346176,2025-03-20T16:05:05.290Z
0.3689391613006592,2.7589168548583984,offload,1970.2652587890625,2000.0,70.0,0.3687824606895447,36.74065399169922,0.0021461327560245,False,6.0,0.3689391613006592,acdnet,0.052905399352312,100.0,pytorch,178773.609375,4.202401161193848,3.8781368732452393,400.0,1.0,1.0,15.0,147.57566833496094,500.0,250210_acd_onoffbench.csv,0.1864641606807708,2025-03-20T16:05:05.290Z
0.363340824842453,2.7906315326690674,offload,1930.0064697265625,2000.0,70.0,0.3632403314113617,38.14705657958984,0.0015911078080534,False,6.0,0.363340824842453,acdnet,0.0686765536665916,100.0,pytorch,178773.609375,4.176602840423584,3.937307596206665,400.0,1.0,1.0,30.0,145.33633422851562,500.0,250210_acd_onoffbench.csv,0.180517166852951,2025-03-20T16:05:05.290Z
0.1692016720771789,5.966123580932617,offload,1672.4486083984375,2000.0,70.0,0.169135108590126,0.1835097968578338,0.0325937531888484,False,3.0,0.1692016720771789,acdnet,0.0261196289211511,100.0,pytorch,178773.609375,9.511051177978516,8.455896377563477,400.0,1.0,1.0,10.0,67.6806640625,500.0,250210_acd_onoffbench.csv,0.1683597117662429,2025-03-20T16:05:05.290Z
0.2024183273315429,5.089735507965088,offload,1970.753173828125,2000.0,70.0,0.2023708075284958,8.800256729125977,0.0016403889749199,False,6.0,0.2024183273315429,acdnet,0.0641913414001464,100.0,pytorch,178773.609375,7.6590046882629395,7.067169666290283,400.0,1.0,1.0,10.0,80.96733093261719,500.0,250210_acd_onoffbench.csv,0.1596522778272628,2025-03-20T16:05:05.290Z
0.3159916698932647,3.1649389266967773,offload,625.4740600585938,4000.0,70.0,0.3142019808292389,0.0457645840942859,0.1147461682558059,False,1.0,0.3159916698932647,acdnet,0.0206232871860265,100.0,pytorch,178773.609375,5.2013258934021,4.55181360244751,400.0,1.0,1.0,5.0,126.39666748046876,500.0,250210_acd_onoffbench.csv,0.3127014636993408,2025-03-20T16:05:05.290Z
0.3155633211135864,3.1689960956573486,offload,942.1595458984376,4000.0,70.0,0.3155059516429901,0.0190337542444467,0.2094379663467407,False,3.0,0.3155633211135864,acdnet,0.0389324836432933,100.0,pytorch,178773.609375,5.140419960021973,4.53300142288208,400.0,1.0,1.0,5.0,126.22533416748048,500.0,250210_acd_onoffbench.csv,0.313131034374237,2025-03-20T16:05:05.290Z
0.3156999945640564,3.167576551437378,offload,1116.3912353515625,2000.0,70.0,0.3156362473964691,0.0353630781173706,0.1575175374746322,False,3.0,0.3156999945640564,acdnet,0.0393589325249195,100.0,pytorch,178773.609375,5.106141090393066,4.531129837036133,400.0,1.0,1.0,5.0,126.27999877929688,500.0,250210_acd_onoffbench.csv,0.313249260187149,2025-03-20T16:05:05.290Z
0.316367506980896,3.1609208583831787,offload,815.3671264648438,2000.0,70.0,0.3163000345230102,0.1354445368051529,0.0517065078020095,False,1.0,0.316367506980896,acdnet,0.0536983013153076,100.0,pytorch,178773.609375,5.058640003204346,4.521620750427246,400.0,1.0,1.0,5.0,126.5469970703125,500.0,250210_acd_onoffbench.csv,0.3134181201457977,2025-03-20T16:05:05.290Z
0.315565824508667,3.1689109802246094,offload,1553.54833984375,4000.0,70.0,0.3154623508453369,0.0165936239063739,0.2066283077001571,False,6.0,0.315565824508667,acdnet,0.0476315021514892,100.0,pytorch,178773.609375,5.009212017059326,4.533627986907959,400.0,1.0,1.0,5.0,126.22633361816406,500.0,250210_acd_onoffbench.csv,0.3137786388397217,2025-03-20T16:05:05.290Z
0.3778866529464721,2.68851375579834,offload,1635.3624267578125,2000.0,70.0,0.3777479231357574,11.934175491333008,0.0713003203272819,False,6.0,0.3778866529464721,acdnet,0.0966955795884132,100.0,pytorch,178773.609375,4.294259071350098,3.786093473434448,400.0,1.0,1.0,5.0,151.1546630859375,500.0,250210_acd_onoffbench.csv,0.3140161633491516,2025-03-20T16:05:05.290Z
0.5272958278656006,1.896522164344788,offload,1114.822998046875,4000.0,70.0,0.5272281169891357,0.0143874175846576,0.3910616934299469,False,6.0,0.5272958278656006,acdnet,0.0565006732940673,100.0,pytorch,178773.609375,3.2463207244873047,2.7126567363739014,400.0,1.0,1.0,3.0,210.9183349609375,500.0,250210_acd_onoffbench.csv,0.5260854363441467,2025-03-20T16:05:05.290Z
0.5265675187110901,1.8991528749465945,offload,400.8381652832031,4000.0,70.0,0.5265142321586609,0.0255954805761575,0.3139041662216186,False,1.0,0.5265675187110901,acdnet,0.0341718979179859,100.0,pytorch,178773.609375,3.241417407989502,2.716334581375122,400.0,1.0,1.0,3.0,210.6269989013672,500.0,250210_acd_onoffbench.csv,0.5249139666557312,2025-03-20T16:05:05.290Z
0.5273858308792114,1.8961673974990845,offload,648.807373046875,4000.0,70.0,0.5273140668869019,0.017001150175929,0.3992776572704315,False,3.0,0.5273858308792114,acdnet,0.0477966479957103,100.0,pytorch,178773.609375,3.236643552780152,2.712214469909668,400.0,1.0,1.0,3.0,210.95433044433597,500.0,250210_acd_onoffbench.csv,0.5264617204666138,2025-03-20T16:05:05.290Z
0.549423336982727,1.8215802907943728,offload,1321.7437744140625,2000.0,70.0,0.549305260181427,0.1165409237146377,0.2133205831050872,False,6.0,0.549423336982727,acdnet,0.0662387982010841,100.0,pytorch,178773.609375,3.0271661281585693,2.6036322116851807,400.0,1.0,1.0,3.0,219.7693328857422,500.0,250210_acd_onoffbench.csv,0.5489479899406433,2025-03-20T16:05:05.290Z
0.5465375185012817,1.8312010765075684,offload,731.3397216796875,2000.0,70.0,0.5464712381362915,0.0274766888469457,0.3654354512691498,False,3.0,0.5465375185012817,acdnet,0.0354625396430492,100.0,pytorch,178773.609375,3.175241708755493,2.6171348094940186,400.0,1.0,1.0,3.0,218.6150054931641,500.0,250210_acd_onoffbench.csv,0.5465670228004456,2025-03-20T16:05:05.290Z
0.5403375029563904,1.8528006076812744,offload,463.7684020996094,2000.0,70.0,0.5402772426605225,0.0410151779651641,0.2834199666976928,False,1.0,0.5403375029563904,acdnet,0.0488587208092212,100.0,pytorch,178773.609375,3.195053815841675,2.647138833999634,400.0,1.0,1.0,3.0,216.13499450683597,500.0,250210_acd_onoffbench.csv,0.5393301844596863,2025-03-20T16:05:05.290Z
1.6405375003814695,0.6102293133735657,offload,208.9381256103516,4000.0,70.0,1.640299916267395,0.0482652932405471,1.4832701683044434,False,3.0,1.6405375003814695,acdnet,0.0354211330413818,100.0,pytorch,178773.609375,1.108075499534607,0.8719069361686707,400.0,1.0,1.0,1.0,656.2150268554688,500.0,250210_acd_onoffbench.csv,1.6394805908203125,2025-03-20T16:05:05.290Z
1.6674325466156006,0.6002150774002075,offload,157.3217010498047,4000.0,70.0,1.6673601865768433,0.0785921066999435,1.373834490776062,False,1.0,1.6674325466156006,acdnet,0.0492826290428638,100.0,pytorch,178773.609375,1.102463960647583,0.8577563762664795,400.0,1.0,1.0,1.0,666.9730224609375,500.0,250210_acd_onoffbench.csv,1.667195439338684,2025-03-20T16:05:05.290Z
0.1023325026035308,9.96603012084961,offload,2445.03173828125,4000.0,40.0,0.1022583320736885,9.362329483032228,0.0004327555361669511,False,3.0,0.1023325026035308,acdnet,0.0506074428558349,100.0,pytorch,178773.609375,15.4009370803833,13.986037254333496,400.0,1.0,1.0,30.0,40.93299865722656,500.0,250210_acd_onoffbench.csv,0.0574858449399471,2025-03-20T16:05:05.290Z
0.1036516651511192,9.915658950805664,offload,3876.76513671875,4000.0,40.0,0.1035866662859916,7.083289623260498,0.0010943434899672,False,6.0,0.1036516651511192,acdnet,0.0490512065589427,100.0,pytorch,178773.609375,14.736457824707031,13.80668830871582,400.0,1.0,1.0,70.0,41.46066665649414,500.0,250210_acd_onoffbench.csv,0.066749170422554,2025-03-20T16:05:05.290Z
0.1047766655683517,9.590784072875977,offload,2653.30078125,4000.0,40.0,0.1046665012836456,13.865887641906738,0.00043014329276047647,False,3.0,0.1047766655683517,acdnet,0.0482190437614917,100.0,pytorch,178773.609375,14.13000202178955,13.664246559143066,400.0,1.0,1.0,70.0,41.9106674194336,500.0,250210_acd_onoffbench.csv,0.0326474383473396,2025-03-20T16:05:05.290Z
0.107504166662693,9.313891410827637,offload,3783.218994140625,4000.0,40.0,0.1074309423565864,9.181939125061035,0.0004720093857031316,False,6.0,0.107504166662693,acdnet,0.0520253181457519,100.0,pytorch,178773.609375,14.029207229614258,13.312634468078612,400.0,1.0,1.0,30.0,43.00166702270508,500.0,250210_acd_onoffbench.csv,0.0699523016810417,2025-03-20T16:05:05.290Z
0.1409150063991546,7.1262030601501465,offload,1951.6827392578125,2000.0,40.0,0.1408484578132629,18.607934951782227,0.0005671445396728814,False,3.0,0.1409150063991546,acdnet,0.0374906063079834,100.0,pytorch,178773.609375,10.588562965393066,10.154096603393556,400.0,1.0,1.0,70.0,56.36600112915039,500.0,250210_acd_onoffbench.csv,0.0489819608628749,2025-03-20T16:05:05.290Z
0.1509408354759216,6.7073469161987305,offload,1929.6103515625,2000.0,40.0,0.1508575677871704,17.8801326751709,0.000639529840555042,False,3.0,0.1509408354759216,acdnet,0.0428833961486816,100.0,pytorch,178773.609375,10.142900466918944,9.480391502380373,400.0,1.0,1.0,30.0,60.37633514404297,500.0,250210_acd_onoffbench.csv,0.0662285238504409,2025-03-20T16:05:05.290Z
0.2166183292865753,4.634582996368408,offload,964.0987548828124,2000.0,40.0,0.2165397256612777,36.40390396118164,0.0004627517773769796,False,1.0,0.2166183292865753,acdnet,0.0475145168602466,100.0,pytorch,178773.609375,6.89599609375,6.604741096496582,400.0,1.0,1.0,70.0,86.64733123779297,500.0,250210_acd_onoffbench.csv,0.0339838303625583,2025-03-20T16:05:05.290Z
0.2138424962759018,4.692502975463867,offload,959.9515991210938,4000.0,40.0,0.2137791365385055,32.3824348449707,0.0004993202164769173,False,1.0,0.2138424962759018,acdnet,0.0557091236114501,100.0,pytorch,178773.609375,7.341888904571533,6.690030097961426,400.0,1.0,1.0,30.0,85.53700256347656,500.0,250210_acd_onoffbench.csv,0.0524553395807743,2025-03-20T16:05:05.290Z
0.3131058514118194,3.419602870941162,offload,1981.0263671875,2000.0,40.0,0.3129352331161499,30.75234603881836,0.0012707599671557,False,6.0,0.3131058514118194,acdnet,0.0339717082679271,100.0,pytorch,178773.609375,5.095233917236328,4.570239543914795,400.0,1.0,1.0,30.0,125.2423324584961,500.0,250210_acd_onoffbench.csv,0.167463794350624,2025-03-20T16:05:05.290Z
0.1865841746330261,5.396651268005371,offload,988.3218994140624,2000.0,40.0,0.1865040957927703,26.46454620361328,0.0003735119244083762,False,1.0,0.1865841746330261,acdnet,0.045300405472517,100.0,pytorch,178773.609375,8.220333099365234,7.668404579162598,400.0,1.0,1.0,30.0,74.6336669921875,500.0,250210_acd_onoffbench.csv,0.0574624352157115,2025-03-20T16:05:05.290Z
0.2283241599798202,4.41671895980835,offload,990.8348999023438,4000.0,40.0,0.2282512784004211,37.36100387573242,0.0004673413641285151,False,1.0,0.2283241599798202,acdnet,0.0507131405174732,100.0,pytorch,178773.609375,6.517435073852539,6.265852451324463,400.0,1.0,1.0,70.0,91.32966613769533,500.0,250210_acd_onoffbench.csv,0.041206669062376,2025-03-20T16:05:05.290Z
0.3143758177757263,3.650519132614136,offload,1973.5357666015625,2000.0,40.0,0.3142479956150055,29.448930740356445,0.0020437322091311,False,6.0,0.3143758177757263,acdnet,0.1074751988053321,100.0,pytorch,178773.609375,5.489536285400391,4.5511474609375,400.0,1.0,1.0,70.0,125.75032806396484,500.0,250210_acd_onoffbench.csv,0.1754064708948135,2025-03-20T16:05:05.290Z
1.577401638031006,0.6339576244354248,offload,327.8259582519531,2000.0,70.0,1.5773216485977173,0.0071600601077079,1.383474826812744,False,6.0,1.577401638031006,acdnet,0.0988555774092674,100.0,pytorch,178773.609375,1.135828971862793,0.9067198634147644,400.0,1.0,1.0,1.0,630.960693359375,500.0,250210_acd_onoffbench.csv,1.5752047300338743,2025-03-20T16:05:05.290Z
1.5955216884613037,0.6267756819725037,offload,133.45030212402344,2000.0,70.0,1.5952039957046509,0.0056388163939118,1.3760908842086792,False,1.0,1.5955216884613037,acdnet,0.0201915111392736,100.0,pytorch,178773.609375,1.1037074327468872,0.896555483341217,400.0,1.0,1.0,1.0,638.2086791992188,500.0,250210_acd_onoffbench.csv,1.593782901763916,2025-03-20T16:05:05.290Z
1.5874333381652832,0.6299778819084167,offload,174.62060546875,2000.0,70.0,1.587151288986206,0.0035371661651879,1.4786707162857056,False,3.0,1.5874333381652832,acdnet,0.0301923751831054,100.0,pytorch,178773.609375,1.1127454042434692,0.9011043310165404,400.0,1.0,1.0,1.0,634.9733276367188,500.0,250210_acd_onoffbench.csv,1.5853066444396973,2025-03-20T16:05:05.290Z
1.639394998550415,0.6105870008468628,offload,269.1341857910156,4000.0,70.0,1.6393412351608276,0.0030665243975818,1.5492688417434692,False,6.0,1.639394998550415,acdnet,0.0339228324592113,100.0,pytorch,178773.609375,1.0959341526031494,0.8724168539047241,400.0,1.0,1.0,1.0,655.7579956054688,500.0,250210_acd_onoffbench.csv,1.639353632926941,2025-03-20T16:05:05.290Z
0.1049466654658317,9.529069900512695,offload,2424.04638671875,4000.0,40.0,0.1048734411597251,0.1436861306428909,0.0167447533458471,False,3.0,0.1049466654658317,acdnet,0.0219101905822753,100.0,pytorch,178773.609375,14.792863845825195,13.637283325195312,400.0,1.0,1.0,15.0,41.97866439819336,500.0,250210_acd_onoffbench.csv,0.1032948866486549,2025-03-20T16:05:05.290Z
0.1127458363771438,8.95883560180664,offload,3212.23828125,4000.0,40.0,0.1126731485128402,0.0669838413596153,0.0283064618706703,False,6.0,0.1127458363771438,acdnet,0.0209128856658935,100.0,pytorch,178773.609375,13.45361328125,12.69325351715088,400.0,1.0,1.0,15.0,45.09833526611328,500.0,250210_acd_onoffbench.csv,0.103213258087635,2025-03-20T16:05:05.290Z
0.1584416627883911,6.311590194702148,offload,2688.282470703125,4000.0,40.0,0.158374473452568,0.0795393660664558,0.058300893753767,False,6.0,0.1584416627883911,acdnet,0.0407212562859058,100.0,pytorch,178773.609375,9.783339500427246,9.030425071716309,400.0,1.0,1.0,10.0,63.37666702270508,500.0,250210_acd_onoffbench.csv,0.1565889567136764,2025-03-20T16:05:05.290Z
0.1567924916744232,6.591972351074219,offload,1949.921875,2000.0,40.0,0.1567039787769317,10.34554386138916,0.0005415312480181456,False,3.0,0.1567924916744232,acdnet,0.0651757717132568,100.0,pytorch,178773.609375,10.437098503112791,9.126691818237305,400.0,1.0,1.0,15.0,62.71699905395508,500.0,250210_acd_onoffbench.csv,0.1039276644587516,2025-03-20T16:05:05.290Z
0.1599491685628891,6.254166603088379,offload,1837.3621826171875,4000.0,40.0,0.1598711162805557,0.1384976357221603,0.0445180423557758,False,3.0,0.1599491685628891,acdnet,0.051537912338972,100.0,pytorch,178773.609375,9.994817733764648,8.945886611938477,400.0,1.0,1.0,10.0,63.97966766357422,500.0,250210_acd_onoffbench.csv,0.157242015004158,2025-03-20T16:05:05.290Z
0.1843441724777221,5.489038944244385,offload,1859.78466796875,2000.0,40.0,0.1842814981937408,5.641440391540527,0.0062676738016307,False,3.0,0.1843441724777221,acdnet,0.0653412342071533,100.0,pytorch,178773.609375,8.807647705078125,7.760892391204834,400.0,1.0,1.0,10.0,73.73766326904297,500.0,250210_acd_onoffbench.csv,0.1558231115341186,2025-03-20T16:05:05.290Z
0.1964433342218399,5.109714031219482,offload,950.232666015625,4000.0,40.0,0.1963793188333511,16.40880584716797,0.0037817847914993,False,1.0,0.1964433342218399,acdnet,0.0346914939582347,100.0,pytorch,178773.609375,8.065650939941406,7.282787799835205,400.0,1.0,1.0,15.0,78.57733154296875,500.0,250210_acd_onoffbench.csv,0.1145565584301948,2025-03-20T16:05:05.290Z
0.2339916676282882,4.321979522705078,offload,997.8709716796876,4000.0,40.0,0.2339376807212829,15.132183074951172,0.0004324722394812852,False,1.0,0.2339916676282882,acdnet,0.0455587692558765,100.0,pytorch,178773.609375,7.077675819396973,6.113546371459961,400.0,1.0,1.0,10.0,93.59666442871094,500.0,250210_acd_onoffbench.csv,0.1556818485260009,2025-03-20T16:05:05.290Z
0.2055991739034652,4.866412162780762,offload,968.4281616210938,2000.0,40.0,0.2055448144674301,20.25093460083008,0.0004136562347412109,False,1.0,0.2055991739034652,acdnet,0.0416394881904125,100.0,pytorch,178773.609375,7.9254865646362305,6.958039283752441,400.0,1.0,1.0,15.0,82.23966979980469,500.0,250210_acd_onoffbench.csv,0.1037401482462883,2025-03-20T16:05:05.290Z
0.2395216673612594,4.195732116699219,offload,980.7848510742188,2000.0,40.0,0.2394548952579498,15.763301849365234,0.0004466466198209673,False,1.0,0.2395216673612594,acdnet,0.0528213195502758,100.0,pytorch,178773.609375,6.7936110496521,5.972685813903809,400.0,1.0,1.0,10.0,95.80867004394533,500.0,250210_acd_onoffbench.csv,0.158184140920639,2025-03-20T16:05:05.290Z
0.3215250074863434,3.112379550933838,offload,704.4859619140625,2000.0,40.0,0.3214655518531799,0.0928917527198791,0.0952642038464546,False,1.0,0.3215250074863434,acdnet,0.0467508621513843,100.0,pytorch,178773.609375,5.120902061462402,4.448964595794678,400.0,1.0,1.0,5.0,128.61000061035156,500.0,250210_acd_onoffbench.csv,0.3202554583549499,2025-03-20T16:05:05.290Z
0.3257800042629242,3.0704691410064697,offload,1071.0107421875,4000.0,40.0,0.3256869614124298,0.0316032469272613,0.1958266198635101,False,3.0,0.3257800042629242,acdnet,0.0504442863166332,100.0,pytorch,178773.609375,5.032885074615479,4.391299247741699,400.0,1.0,1.0,5.0,130.31199645996094,500.0,250210_acd_onoffbench.csv,0.3249870836734772,2025-03-20T16:05:05.290Z
0.325309157371521,3.074657917022705,offload,1742.656982421875,4000.0,40.0,0.3252371251583099,0.0278401616960763,0.1948514729738235,False,6.0,0.325309157371521,acdnet,0.0454644374549388,100.0,pytorch,178773.609375,5.00501012802124,4.397372722625732,400.0,1.0,1.0,5.0,130.12367248535156,500.0,250210_acd_onoffbench.csv,0.324286550283432,2025-03-20T16:05:05.290Z
0.328098326921463,3.0501022338867188,offload,641.7144775390625,4000.0,40.0,0.3278509974479675,0.0819976702332496,0.1156166940927505,False,1.0,0.328098326921463,acdnet,0.0440040417015552,100.0,pytorch,178773.609375,5.023159503936768,4.362313747406006,400.0,1.0,1.0,5.0,131.2393341064453,500.0,250210_acd_onoffbench.csv,0.3280645906925201,2025-03-20T16:05:05.290Z
0.3918366730213165,2.5577075481414795,offload,1967.9554443359373,2000.0,40.0,0.3916932344436645,41.61846160888672,0.0017692083492875,False,6.0,0.3918366730213165,acdnet,0.1188669204711914,100.0,pytorch,178773.609375,3.838711500167847,3.6512985229492183,400.0,1.0,1.0,15.0,156.7346649169922,500.0,250210_acd_onoffbench.csv,0.1898656040430069,2025-03-20T16:05:05.290Z
0.348145842552185,2.8836982250213623,offload,1974.803955078125,2000.0,40.0,0.3480708003044128,23.315046310424805,0.0016806012718006,False,6.0,0.348145842552185,acdnet,0.0659632682800293,100.0,pytorch,178773.609375,4.41089391708374,4.108901977539063,400.0,1.0,1.0,10.0,139.25833129882812,500.0,250210_acd_onoffbench.csv,0.2288519442081451,2025-03-20T16:05:05.290Z
0.0661366656422615,15.195281982421877,offload,2569.98828125,4000.0,100.0,0.0660661906003952,3.528498649597168,0.0002962946891784668,False,3.0,0.0661366656422615,acdnet,0.0349542312324047,70.0,pytorch,178773.609375,22.424152374267575,21.647817611694336,400.0,1.0,1.0,70.0,26.454666137695312,500.0,250210_acd_onoffbench.csv,0.0468489117920398,2025-03-20T16:05:05.290Z
0.1563108414411544,6.399555683135986,offload,994.1046142578124,4000.0,100.0,0.1562485545873642,21.941917419433597,0.0003930294478777796,False,1.0,0.1563108414411544,acdnet,0.0454119034111499,70.0,pytorch,178773.609375,9.564228057861328,9.15329360961914,400.0,1.0,1.0,70.0,62.52433395385742,500.0,250210_acd_onoffbench.csv,0.0477388203144073,2025-03-20T16:05:05.290Z
0.3242650032043457,3.0912766456604004,offload,855.1465454101562,2000.0,40.0,0.3241767287254333,0.0340065732598304,0.2040896862745285,False,3.0,0.3242650032043457,acdnet,0.0463186912238597,100.0,pytorch,178773.609375,4.965165138244629,4.411756992340088,400.0,1.0,1.0,5.0,129.70599365234375,500.0,250210_acd_onoffbench.csv,0.3232726752758026,2025-03-20T16:05:05.290Z
0.3128049969673157,3.1968884468078613,offload,1300.8406982421875,2000.0,40.0,0.3127452433109283,0.0327174179255962,0.1638846844434738,False,6.0,0.3128049969673157,acdnet,0.0854767933487892,100.0,pytorch,178773.609375,5.16209602355957,4.573015213012695,400.0,1.0,1.0,5.0,125.12200164794922,500.0,250210_acd_onoffbench.csv,0.311377078294754,2025-03-20T16:05:05.290Z
0.5250391364097595,1.904624104499817,offload,739.616943359375,2000.0,40.0,0.5249680280685425,0.0171746127307415,0.3504457771778106,False,3.0,0.5250391364097595,acdnet,0.0527793578803539,100.0,pytorch,178773.609375,3.224822998046875,2.724335193634033,400.0,1.0,1.0,3.0,210.0156707763672,500.0,250210_acd_onoffbench.csv,0.5231903195381165,2025-03-20T16:05:05.290Z
0.5255591869354248,1.90273916721344,offload,1092.1380615234375,4000.0,40.0,0.525500476360321,0.0091057298704981,0.4016226530075073,False,6.0,0.5255591869354248,acdnet,0.0433634109795093,100.0,pytorch,178773.609375,3.205716848373413,2.7215747833251958,400.0,1.0,1.0,3.0,210.22366333007807,500.0,250210_acd_onoffbench.csv,0.5234531164169312,2025-03-20T16:05:05.290Z
0.5250999927520752,1.9043993949890137,offload,527.7997436523438,2000.0,40.0,0.5250267386436462,0.0388859398663044,0.2468318194150924,False,1.0,0.5250999927520752,acdnet,0.0502065829932689,100.0,pytorch,178773.609375,3.2120418548583984,2.7240304946899414,400.0,1.0,1.0,3.0,210.0399932861328,500.0,250210_acd_onoffbench.csv,0.5229177474975586,2025-03-20T16:05:05.290Z
0.5245116949081421,1.906541347503662,offload,602.9393310546875,4000.0,40.0,0.5244550704956055,0.0086906049400568,0.4118696749210357,False,3.0,0.5245116949081421,acdnet,0.0404418297111988,100.0,pytorch,178773.609375,3.214047431945801,2.726999998092652,400.0,1.0,1.0,3.0,209.8046722412109,500.0,250210_acd_onoffbench.csv,0.5227509140968323,2025-03-20T16:05:05.290Z
0.523900032043457,1.9087668657302856,offload,391.4744262695313,4000.0,40.0,0.5238475799560547,0.019353624433279,0.3132578432559967,False,1.0,0.523900032043457,acdnet,0.0205288734287023,100.0,pytorch,178773.609375,3.2338547706604004,2.7301623821258545,400.0,1.0,1.0,3.0,209.55999755859372,500.0,250210_acd_onoffbench.csv,0.5221431255340576,2025-03-20T16:05:05.290Z
0.5268741846084595,1.898076057434082,offload,1035.2928466796875,2000.0,40.0,0.5268096923828125,0.0455048717558383,0.3034906089305877,False,6.0,0.5268741846084595,acdnet,0.0748317241668701,100.0,pytorch,178773.609375,3.192402601242065,2.714811325073242,400.0,1.0,1.0,3.0,210.74966430664065,500.0,250210_acd_onoffbench.csv,0.5251684188842773,2025-03-20T16:05:05.290Z
1.58708918094635,0.6300920248031616,offload,145.96946716308594,4000.0,40.0,1.5870271921157837,0.0061525115743279,1.3548824787139893,False,1.0,1.58708918094635,acdnet,0.0399929694831371,100.0,pytorch,178773.609375,1.1182527542114258,0.9011747241020204,400.0,1.0,1.0,1.0,634.8356323242188,500.0,250210_acd_onoffbench.csv,1.585597276687622,2025-03-20T16:05:05.290Z
1.581210017204285,0.6324356198310852,offload,342.7814025878906,4000.0,40.0,1.5811384916305542,0.0043994882144033,1.4538931846618652,False,6.0,1.581210017204285,acdnet,0.0634210109710693,100.0,pytorch,178773.609375,1.1401214599609375,0.9045310616493224,400.0,1.0,1.0,1.0,632.4840087890625,500.0,250210_acd_onoffbench.csv,1.5795283317565918,2025-03-20T16:05:05.290Z
1.587428331375122,0.6299506425857544,offload,230.59014892578125,4000.0,40.0,1.5873671770095823,0.0047161593101918,1.449263095855713,False,3.0,1.587428331375122,acdnet,0.0470612049102783,100.0,pytorch,178773.609375,1.12464702129364,0.9009817838668824,400.0,1.0,1.0,1.0,634.9713134765625,500.0,250210_acd_onoffbench.csv,1.586544394493103,2025-03-20T16:05:05.290Z
1.6670324802398682,0.6002897024154663,offload,469.5364990234375,2000.0,40.0,1.6668474674224854,0.0149411195889115,1.329272985458374,False,6.0,1.6670324802398682,acdnet,0.0516835860908031,100.0,pytorch,178773.609375,1.110263109207153,0.8580202460289001,400.0,1.0,1.0,1.0,666.81298828125,500.0,250210_acd_onoffbench.csv,1.6664514541625977,2025-03-20T16:05:05.290Z
1.6622024774551392,0.602457582950592,offload,257.1109619140625,2000.0,40.0,1.6621272563934326,0.0052369302138686,1.4726221561431885,False,3.0,1.6622024774551392,acdnet,0.0529009513556957,100.0,pytorch,178773.609375,1.106236219406128,0.8604568839073181,400.0,1.0,1.0,1.0,664.8809814453125,500.0,250210_acd_onoffbench.csv,1.6610441207885742,2025-03-20T16:05:05.290Z
1.625528335571289,0.6159034371376038,offload,166.72787475585938,2000.0,40.0,1.6254644393920898,0.0071295984089374,1.354917287826538,False,1.0,1.625528335571289,acdnet,0.0645964965224266,100.0,pytorch,178773.609375,1.1177884340286257,0.8798647522926331,400.0,1.0,1.0,1.0,650.2113647460938,500.0,250210_acd_onoffbench.csv,1.6246726512908936,2025-03-20T16:05:05.290Z
0.0725300014019012,13.817386627197266,offload,3704.3173828125,4000.0,100.0,0.0724488049745559,5.380783557891846,0.0028321170248091,False,6.0,0.0725300014019012,acdnet,0.0353959389030933,70.0,pytorch,178773.609375,20.37425804138184,19.74068260192871,400.0,1.0,1.0,70.0,29.011999130249023,500.0,250210_acd_onoffbench.csv,0.0453876368701458,2025-03-20T16:05:05.290Z
0.090369164943695,11.255155563354492,offload,3842.4716796875,4000.0,100.0,0.0902907624840736,4.585124969482422,0.0019275258528068,False,6.0,0.090369164943695,acdnet,0.0434160232543945,70.0,pytorch,178773.609375,16.77866554260254,15.839814186096191,400.0,1.0,1.0,30.0,36.14766693115234,500.0,250210_acd_onoffbench.csv,0.0699399784207344,2025-03-20T16:05:05.290Z
0.0940716713666915,10.631647109985352,offload,2659.26025390625,4000.0,100.0,0.0939843952655792,8.407102584838867,0.00044137536315247416,False,3.0,0.0940716713666915,acdnet,0.060105562210083,70.0,pytorch,178773.609375,16.399856567382812,15.21730136871338,400.0,1.0,1.0,30.0,37.628665924072266,500.0,250210_acd_onoffbench.csv,0.0517671667039394,2025-03-20T16:05:05.290Z
0.0938533321022987,10.739078521728516,offload,1865.570068359375,2000.0,100.0,0.0937631055712699,10.180588722229004,0.000327513407683,False,3.0,0.0938533321022987,acdnet,0.0311741027981042,70.0,pytorch,178773.609375,15.903427124023438,15.253215789794922,400.0,1.0,1.0,70.0,37.54133224487305,500.0,250210_acd_onoffbench.csv,0.0424882099032402,2025-03-20T16:05:05.290Z
0.0990533307194709,10.19154453277588,offload,1936.3309326171875,2000.0,100.0,0.0989359840750694,8.869597434997559,0.0006691829185001552,False,3.0,0.0990533307194709,acdnet,0.0472540073096752,70.0,pytorch,178773.609375,15.557324409484863,14.45569896697998,400.0,1.0,1.0,30.0,39.62133407592773,500.0,250210_acd_onoffbench.csv,0.0568766295909881,2025-03-20T16:05:05.290Z
0.1379741728305816,7.295571804046631,offload,950.550537109375,2000.0,100.0,0.1379140019416809,21.03365707397461,0.00029853402520529926,False,1.0,0.1379741728305816,acdnet,0.0222381744533777,70.0,pytorch,178773.609375,10.84233283996582,10.370150566101074,400.0,1.0,1.0,70.0,55.18966674804688,500.0,250210_acd_onoffbench.csv,0.0319326817989349,2025-03-20T16:05:05.290Z
0.2231641709804535,5.341982841491699,offload,1946.7176513671875,2000.0,100.0,0.2230871021747589,10.108607292175291,0.0013714345404878,False,6.0,0.2231641709804535,acdnet,0.0428589172661304,70.0,pytorch,178773.609375,8.077610969543457,6.410898685455322,400.0,1.0,1.0,15.0,89.26566314697266,500.0,250210_acd_onoffbench.csv,0.1751522868871688,2025-03-20T16:05:05.290Z
0.133507490158081,7.5563812255859375,offload,996.7002563476562,2000.0,100.0,0.1333056390285492,5.070645809173584,0.00035756867146119475,False,1.0,0.133507490158081,acdnet,0.049103420227766,70.0,pytorch,178773.609375,11.948305130004885,10.728645324707031,400.0,1.0,1.0,15.0,53.40299987792969,500.0,250210_acd_onoffbench.csv,0.1084438115358352,2025-03-20T16:05:05.290Z
0.1245166659355163,8.039700508117676,offload,1959.6375732421875,2000.0,100.0,0.1244363337755203,3.132753372192383,0.0007467987015843391,False,3.0,0.1245166659355163,acdnet,0.0334045886993408,70.0,pytorch,178773.609375,12.647496223449709,11.493338584899902,400.0,1.0,1.0,15.0,49.80666732788086,500.0,250210_acd_onoffbench.csv,0.109276607632637,2025-03-20T16:05:05.290Z
0.1196716725826263,8.44250774383545,offload,2937.9189453125,4000.0,100.0,0.1195830777287483,0.1303687542676925,0.0417398251593112,False,6.0,0.1196716725826263,acdnet,0.0499113388359546,70.0,pytorch,178773.609375,13.198036193847656,11.959793090820312,400.0,1.0,1.0,15.0,47.86866760253906,500.0,250210_acd_onoffbench.csv,0.1205443665385246,2025-03-20T16:05:05.290Z
0.157197505235672,6.459753036499023,offload,997.4832763671876,4000.0,100.0,0.1570887118577957,10.488577842712402,0.0004413992282934487,False,1.0,0.157197505235672,acdnet,0.0495746135711669,70.0,pytorch,178773.609375,10.470917701721191,9.104339599609377,400.0,1.0,1.0,15.0,62.87900161743164,500.0,250210_acd_onoffbench.csv,0.1042055860161781,2025-03-20T16:05:05.290Z
0.1239508315920829,8.170605659484863,offload,1812.8155517578125,4000.0,100.0,0.1238875836133956,0.0732703804969787,0.0354348942637443,False,3.0,0.1239508315920829,acdnet,0.0592126846313476,70.0,pytorch,178773.609375,12.81946086883545,11.5442476272583,400.0,1.0,1.0,15.0,49.5803337097168,500.0,250210_acd_onoffbench.csv,0.1150237619876861,2025-03-20T16:05:05.290Z
0.1486608386039734,6.826211929321289,offload,982.0851440429688,4000.0,100.0,0.1485603302717209,19.20049285888672,0.00045105814933776855,False,1.0,0.1486608386039734,acdnet,0.0394492149353027,70.0,pytorch,178773.609375,10.400233268737791,9.62699031829834,400.0,1.0,1.0,30.0,59.464332580566406,500.0,250210_acd_onoffbench.csv,0.051957469433546,2025-03-20T16:05:05.290Z
0.1732549965381622,5.815750598907471,offload,978.6293334960938,2000.0,100.0,0.173184648156166,24.25798225402832,0.00045777400373481214,False,1.0,0.1732549965381622,acdnet,0.0503365211188793,70.0,pytorch,178773.609375,9.0757417678833,8.258173942565918,400.0,1.0,1.0,30.0,69.302001953125,500.0,250210_acd_onoffbench.csv,0.0518841780722141,2025-03-20T16:05:05.290Z
0.1925408393144607,5.586500644683838,offload,1918.4984130859373,2000.0,100.0,0.1924096345901489,6.2451171875,0.0087938094511628,False,6.0,0.1925408393144607,acdnet,0.0711433887481689,70.0,pytorch,178773.609375,8.349625587463379,7.433042049407959,400.0,1.0,1.0,70.0,77.0163345336914,500.0,250210_acd_onoffbench.csv,0.1619897633790969,2025-03-20T16:05:05.290Z
0.2520283460617065,4.417455196380615,offload,1947.87744140625,2000.0,100.0,0.2519506216049194,15.581995964050291,0.0053978953510522,False,6.0,0.2520283460617065,acdnet,0.0375967025756835,70.0,pytorch,178773.609375,6.6627607345581055,5.6764655113220215,400.0,1.0,1.0,30.0,100.81133270263672,500.0,250210_acd_onoffbench.csv,0.1783032864332199,2025-03-20T16:05:05.290Z
0.1733116656541824,5.872272968292236,offload,758.7450561523438,4000.0,100.0,0.1732444912195205,0.1829148679971695,0.0364441834390163,False,1.0,0.1733116656541824,acdnet,0.0233814716339111,70.0,pytorch,178773.609375,9.164565086364746,8.25532054901123,400.0,1.0,1.0,10.0,69.32466888427734,500.0,250210_acd_onoffbench.csv,0.172290101647377,2025-03-20T16:05:05.290Z
0.1564075052738189,6.393669128417969,offload,1213.06396484375,4000.0,100.0,0.156347319483757,0.021180622279644,0.0909781754016876,False,3.0,0.1564075052738189,acdnet,0.0161834564059972,70.0,pytorch,178773.609375,9.994333267211914,9.14751148223877,400.0,1.0,1.0,10.0,62.5629997253418,500.0,250210_acd_onoffbench.csv,0.1553378105163574,2025-03-20T16:05:05.290Z
0.1570374965667724,6.368049621582031,offload,1837.302490234375,4000.0,100.0,0.1569864302873611,0.0139012429863214,0.1030889153480529,False,6.0,0.1570374965667724,acdnet,0.0186479892581701,70.0,pytorch,178773.609375,9.901909828186035,9.110270500183104,400.0,1.0,1.0,10.0,62.81499862670898,500.0,250210_acd_onoffbench.csv,0.1557500511407852,2025-03-20T16:05:05.290Z
0.1661650091409683,6.042171955108643,offload,910.7294921875,2000.0,100.0,0.1660827547311782,1.8097386360168457,0.0124797951430082,False,1.0,0.1661650091409683,acdnet,0.0285823345184326,70.0,pytorch,178773.609375,9.752527236938477,8.611302375793457,400.0,1.0,1.0,10.0,66.46600341796875,500.0,250210_acd_onoffbench.csv,0.156116634607315,2025-03-20T16:05:05.290Z
0.1581691652536392,6.322660446166992,offload,1656.6807861328125,2000.0,100.0,0.1580878347158432,0.1293814331293106,0.0382692776620388,False,3.0,0.1581691652536392,acdnet,0.04710054397583,70.0,pytorch,178773.609375,10.159902572631836,9.046798706054688,400.0,1.0,1.0,10.0,63.26766586303711,500.0,250210_acd_onoffbench.csv,0.1565772444009781,2025-03-20T16:05:05.290Z
0.3164399862289428,3.1602578163146973,offload,780.3438110351562,4000.0,100.0,0.3163793385028839,0.0111806001514196,0.2301077246665954,False,3.0,0.3164399862289428,acdnet,0.0350148677825927,70.0,pytorch,178773.609375,5.1821489334106445,4.520487785339356,400.0,1.0,1.0,5.0,126.57599639892578,500.0,250210_acd_onoffbench.csv,0.3151090741157532,2025-03-20T16:05:05.290Z
0.3160274922847748,3.1643764972686768,offload,1235.690673828125,4000.0,100.0,0.3159643709659576,0.0107995271682739,0.2369717061519622,False,6.0,0.3160274922847748,acdnet,0.0223442707210779,70.0,pytorch,178773.609375,5.229019641876221,4.526424407958984,400.0,1.0,1.0,5.0,126.41100311279295,500.0,250210_acd_onoffbench.csv,0.3151005804538727,2025-03-20T16:05:05.290Z
0.3171525001525879,3.1531991958618164,offload,506.232177734375,2000.0,100.0,0.3170940279960632,0.0264656729996204,0.1584578454494476,False,1.0,0.3171525001525879,acdnet,0.0376663990318775,70.0,pytorch,178773.609375,5.118695259094238,4.510298728942871,400.0,1.0,1.0,5.0,126.86100006103516,500.0,250210_acd_onoffbench.csv,0.3160298466682434,2025-03-20T16:05:05.290Z
0.3160966634750366,3.163666248321533,offload,973.0881958007812,2000.0,100.0,0.3160175085067749,0.0248866900801658,0.1832094639539718,False,3.0,0.3160966634750366,acdnet,0.0481897182762622,70.0,pytorch,178773.609375,5.242412090301514,4.525663375854492,400.0,1.0,1.0,5.0,126.43866729736328,500.0,250210_acd_onoffbench.csv,0.3148476481437683,2025-03-20T16:05:05.290Z
0.3148133158683777,3.176486015319824,offload,591.503662109375,4000.0,100.0,0.3147546947002411,0.0381704829633235,0.1281334459781646,False,1.0,0.3148133158683777,acdnet,0.0245179329067468,70.0,pytorch,178773.609375,5.221222877502441,4.543820858001709,400.0,1.0,1.0,5.0,125.92533111572266,500.0,250210_acd_onoffbench.csv,0.3131326735019684,2025-03-20T16:05:05.290Z
0.3230883181095123,3.0986733436584477,offload,1976.0694580078125,2000.0,100.0,0.3230040967464447,26.35045623779297,0.0011683370685204,False,6.0,0.3230883181095123,acdnet,0.0320418663322925,70.0,pytorch,178773.609375,4.660175800323486,4.427772998809815,400.0,1.0,1.0,10.0,129.23533630371094,500.0,250210_acd_onoffbench.csv,0.1945940107107162,2025-03-20T16:05:05.290Z
0.334692507982254,2.9982426166534424,offload,1783.625732421875,2000.0,100.0,0.3345798254013061,1.330755352973938,0.0444284342229366,False,6.0,0.334692507982254,acdnet,0.034674484282732,70.0,pytorch,178773.609375,4.690934658050537,4.274581909179688,400.0,1.0,1.0,5.0,133.8769989013672,500.0,250210_acd_onoffbench.csv,0.3296513557434082,2025-03-20T16:05:05.290Z
0.5389875173568726,1.856797456741333,offload,341.1151428222656,2000.0,100.0,0.5389309525489807,0.0190822314471006,0.3565032482147217,False,1.0,0.5389875173568726,acdnet,0.0315724201500415,70.0,pytorch,178773.609375,3.182629108428955,2.6537516117095947,400.0,1.0,1.0,3.0,215.59500122070312,500.0,250210_acd_onoffbench.csv,0.537946343421936,2025-03-20T16:05:05.290Z
0.5458124876022339,1.8327502012252808,offload,546.8421020507812,4000.0,100.0,0.5457523465156555,0.0086346445605158,0.4326438009738922,False,3.0,0.5458124876022339,acdnet,0.0369036197662353,70.0,pytorch,178773.609375,3.1385490894317627,2.620582103729248,400.0,1.0,1.0,3.0,218.3249969482422,500.0,250210_acd_onoffbench.csv,0.5467801690101624,2025-03-20T16:05:05.290Z
0.5484641790390015,1.8249280452728271,offload,335.3526611328125,4000.0,100.0,0.548384428024292,0.0179424323141574,0.3647815287113189,False,1.0,0.5484641790390015,acdnet,0.0352469272911548,70.0,pytorch,178773.609375,3.172935724258423,2.608004093170166,400.0,1.0,1.0,3.0,219.3856658935547,500.0,250210_acd_onoffbench.csv,0.5473392605781555,2025-03-20T16:05:05.290Z
0.5507941842079163,1.816029667854309,offload,844.2053833007812,4000.0,100.0,0.5507286787033081,0.0087565016001462,0.4471271932125091,False,6.0,0.5507941842079163,acdnet,0.024393955245614,70.0,pytorch,178773.609375,3.0589864253997803,2.596902847290039,400.0,1.0,1.0,3.0,220.3176727294922,500.0,250210_acd_onoffbench.csv,0.5499357581138611,2025-03-20T16:05:05.290Z
0.0578133314847946,17.302867889404297,offload,2796.9267578125,4000.0,70.0,0.0577513165771961,0.8363634347915649,0.0009769549360498786,False,3.0,0.0578133314847946,acdnet,0.0270576477050781,70.0,pytorch,178773.609375,26.33625221252441,24.764612197875977,400.0,1.0,1.0,30.0,23.125333786010746,500.0,250210_acd_onoffbench.csv,0.0544856674969196,2025-03-20T16:05:05.290Z
0.0842633321881294,12.118328094482422,offload,2588.59814453125,4000.0,70.0,0.0841573700308799,7.981837749481201,0.0004097068449482322,False,3.0,0.0842633321881294,acdnet,0.0373529605567455,70.0,pytorch,178773.609375,18.11538314819336,16.994218826293945,400.0,1.0,1.0,70.0,33.7053337097168,500.0,250210_acd_onoffbench.csv,0.042570911347866,2025-03-20T16:05:05.290Z
0.0933800041675567,11.03989028930664,offload,3678.965087890625,4000.0,70.0,0.0933086723089218,4.774977207183838,0.0023796099703758,False,6.0,0.0933800041675567,acdnet,0.0378186702728271,70.0,pytorch,178773.609375,16.474782943725586,15.32750129699707,400.0,1.0,1.0,70.0,37.35200119018555,500.0,250210_acd_onoffbench.csv,0.0677217543125152,2025-03-20T16:05:05.290Z
0.1450116634368896,7.139271259307861,offload,968.3165283203124,4000.0,70.0,0.1449251174926757,21.317401885986328,0.0003910762025043368,False,1.0,0.1450116634368896,acdnet,0.0190912876278162,70.0,pytorch,178773.609375,10.637413024902344,9.868467330932615,400.0,1.0,1.0,70.0,58.00466537475586,500.0,250210_acd_onoffbench.csv,0.0342163667082786,2025-03-20T16:05:05.290Z
0.1304141581058502,7.730211734771728,offload,1944.2222900390625,2000.0,70.0,0.1302741318941116,14.745720863342283,0.0009025577455759048,False,3.0,0.1304141581058502,acdnet,0.0380959510803222,70.0,pytorch,178773.609375,11.585488319396973,10.978302001953123,400.0,1.0,1.0,70.0,52.16566467285156,500.0,250210_acd_onoffbench.csv,0.0587485991418361,2025-03-20T16:05:05.290Z
0.1564041674137115,6.394336223602295,offload,989.2504272460938,4000.0,70.0,0.156324878334999,19.904878616333008,0.00035874982131645083,False,1.0,0.1564041674137115,acdnet,0.0394299030303955,70.0,pytorch,178773.609375,9.798095703125,9.14882469177246,400.0,1.0,1.0,30.0,62.56166458129883,500.0,250210_acd_onoffbench.csv,0.0568668991327285,2025-03-20T16:05:05.290Z
0.1664450019598007,6.043362617492676,offload,989.5885009765624,2000.0,70.0,0.1663833856582641,24.64287757873535,0.0004925461835227907,False,1.0,0.1664450019598007,acdnet,0.0471360683441162,70.0,pytorch,178773.609375,9.025012016296388,8.595743179321289,400.0,1.0,1.0,70.0,66.57799530029297,500.0,250210_acd_onoffbench.csv,0.0479757897555828,2025-03-20T16:05:05.290Z
0.2563316822052002,3.926368713378906,offload,1876.74609375,2000.0,70.0,0.2562302649021148,5.594425201416016,0.0162883903831243,False,6.0,0.2563316822052002,acdnet,0.0308683719485998,70.0,pytorch,178773.609375,6.020129680633545,5.58165454864502,400.0,1.0,1.0,70.0,102.5326690673828,500.0,250210_acd_onoffbench.csv,0.2282050400972366,2025-03-20T16:05:05.290Z
0.5227183103561401,1.9130796194076536,offload,566.7418823242188,2000.0,100.0,0.5226256251335144,0.005616336595267,0.4425351619720459,False,6.0,0.5227183103561401,acdnet,0.0391244888305664,70.0,pytorch,178773.609375,3.253753662109375,2.7365455627441406,400.0,1.0,1.0,3.0,209.0873260498047,500.0,250210_acd_onoffbench.csv,0.5214377045631409,2025-03-20T16:05:05.290Z
0.5336141586303711,1.8757331371307373,offload,473.2513732910156,2000.0,100.0,0.5335620045661926,0.0083146011456847,0.4346011579036712,False,3.0,0.5336141586303711,acdnet,0.0195828285068273,70.0,pytorch,178773.609375,3.234919309616089,2.680454969406128,400.0,1.0,1.0,3.0,213.44566345214844,500.0,250210_acd_onoffbench.csv,0.5328214764595032,2025-03-20T16:05:05.290Z
1.5774799585342407,0.6339235901832581,offload,281.6630859375,4000.0,100.0,1.577399730682373,0.0573545694351196,1.4614708423614502,False,6.0,1.5774799585342407,acdnet,0.0262502823024988,70.0,pytorch,178773.609375,1.1445766687393188,0.9066749811172484,400.0,1.0,1.0,1.0,630.9920043945312,500.0,250210_acd_onoffbench.csv,1.5756760835647583,2025-03-20T16:05:05.290Z
1.581165790557861,0.6324447393417358,offload,197.18569946289065,2000.0,100.0,1.5811079740524292,0.0642141699790954,1.4328969717025757,False,3.0,1.581165790557861,acdnet,0.0462845154106617,70.0,pytorch,178773.609375,1.132875680923462,0.9045484662055968,400.0,1.0,1.0,1.0,632.46630859375,500.0,250210_acd_onoffbench.csv,1.5794705152511597,2025-03-20T16:05:05.290Z
1.590000867843628,0.6289481520652771,offload,94.0171890258789,4000.0,100.0,1.589924931526184,0.0694542750716209,1.4211201667785645,False,1.0,1.590000867843628,acdnet,0.0139195919036865,70.0,pytorch,178773.609375,1.1068942546844482,0.8995323181152344,400.0,1.0,1.0,1.0,636.0003662109375,500.0,250210_acd_onoffbench.csv,1.5885534286499023,2025-03-20T16:05:05.290Z
1.5811524391174316,0.6324502229690552,offload,155.91795349121094,4000.0,100.0,1.581095576286316,0.0430672653019428,1.4768868684768677,False,3.0,1.5811524391174316,acdnet,0.018681526184082,70.0,pytorch,178773.609375,1.122935771942139,0.9045555591583252,400.0,1.0,1.0,1.0,632.4609985351562,500.0,250210_acd_onoffbench.csv,1.5793662071228027,2025-03-20T16:05:05.290Z
1.5808149576187134,0.6325855255126953,offload,131.37484741210938,2000.0,100.0,1.5807234048843384,0.0628380179405212,1.3593872785568235,False,1.0,1.5808149576187134,acdnet,0.033422153443098,70.0,pytorch,178773.609375,1.1415388584136963,0.9047685861587524,400.0,1.0,1.0,1.0,632.3259887695312,500.0,250210_acd_onoffbench.csv,1.5786908864974976,2025-03-20T16:05:05.290Z
1.5820382833480835,0.6321057081222534,offload,291.8587951660156,2000.0,100.0,1.5818798542022705,0.0532965064048767,1.392653226852417,False,6.0,1.5820382833480835,acdnet,0.0463063716888427,70.0,pytorch,178773.609375,1.131994128227234,0.90410715341568,400.0,1.0,1.0,1.0,632.8153076171875,500.0,250210_acd_onoffbench.csv,1.5809153318405151,2025-03-20T16:05:05.290Z
0.0680141672492027,14.744123458862305,offload,3279.945068359375,4000.0,70.0,0.0679428726434707,2.174708366394043,0.002566366456449,False,6.0,0.0680141672492027,acdnet,0.0225992202758789,70.0,pytorch,178773.609375,21.77923011779785,21.04987335205078,400.0,1.0,1.0,30.0,27.205665588378903,500.0,250210_acd_onoffbench.csv,0.0572273284196853,2025-03-20T16:05:05.290Z
0.0887724980711937,11.280696868896484,offload,1924.5836181640625,2000.0,70.0,0.0886906832456588,6.871007919311523,0.00039086421020329,False,3.0,0.0887724980711937,acdnet,0.023584047332406,70.0,pytorch,178773.609375,17.056400299072266,16.125581741333008,400.0,1.0,1.0,30.0,35.50899887084961,500.0,250210_acd_onoffbench.csv,0.0545809008181095,2025-03-20T16:05:05.290Z
0.1060266718268394,9.435099601745604,offload,2395.50732421875,4000.0,70.0,0.1059490069746971,0.076004572212696,0.0133453020825982,False,3.0,0.1060266718268394,acdnet,0.0472709350287914,70.0,pytorch,178773.609375,14.86244010925293,13.498841285705566,400.0,1.0,1.0,15.0,42.4106674194336,500.0,250210_acd_onoffbench.csv,0.1046520769596099,2025-03-20T16:05:05.290Z
0.1218750029802322,8.469460487365723,offload,1803.639404296875,2000.0,70.0,0.1218143999576568,3.588168144226074,0.0131046306341886,False,3.0,0.1218750029802322,acdnet,0.0540228672325611,70.0,pytorch,178773.609375,13.50881576538086,11.740720748901367,400.0,1.0,1.0,15.0,48.75,500.0,250210_acd_onoffbench.csv,0.1038249358534812,2025-03-20T16:05:05.290Z
0.1068075001239776,9.367448806762695,offload,3226.800537109375,4000.0,70.0,0.1067362427711486,0.1478420197963714,0.0262423884123563,False,6.0,0.1068075001239776,acdnet,0.030481019988656,70.0,pytorch,178773.609375,14.713590621948242,13.399280548095703,400.0,1.0,1.0,15.0,42.72299957275391,500.0,250210_acd_onoffbench.csv,0.1040211096405983,2025-03-20T16:05:05.290Z
0.152811661362648,6.550262928009033,offload,978.9647827148438,2000.0,70.0,0.1527574360370636,20.027055740356445,0.0002875260543078184,False,1.0,0.152811661362648,acdnet,0.0139715671539306,70.0,pytorch,178773.609375,10.250775337219238,9.362483024597168,400.0,1.0,1.0,30.0,61.12466812133789,500.0,250210_acd_onoffbench.csv,0.0525954812765121,2025-03-20T16:05:05.290Z
0.1689216643571853,5.93568229675293,offload,2511.73095703125,4000.0,70.0,0.1688257008790969,0.0686982721090316,0.0712634921073913,False,6.0,0.1689216643571853,acdnet,0.0390616245567798,70.0,pytorch,178773.609375,9.35609245300293,8.471393585205078,400.0,1.0,1.0,10.0,67.56866455078125,500.0,250210_acd_onoffbench.csv,0.1685000509023666,2025-03-20T16:05:05.290Z
0.1687716692686081,5.934905529022217,offload,837.9247436523438,2000.0,70.0,0.1686846911907196,0.2657628953456878,0.0282442849129438,False,1.0,0.1687716692686081,acdnet,0.0382351092994213,70.0,pytorch,178773.609375,9.483736991882324,8.478474617004395,400.0,1.0,1.0,10.0,67.5086669921875,500.0,250210_acd_onoffbench.csv,0.1689074784517288,2025-03-20T16:05:05.290Z
0.1733616590499878,5.820533752441406,offload,1003.2479248046876,2000.0,70.0,0.1732933223247528,13.7735595703125,0.0004360111488495022,False,1.0,0.1733616590499878,acdnet,0.0305467452853918,70.0,pytorch,178773.609375,9.450177192687988,8.252994537353516,400.0,1.0,1.0,15.0,69.34466552734375,500.0,250210_acd_onoffbench.csv,0.1047575548291206,2025-03-20T16:05:05.290Z
0.1665433347225189,6.023894309997559,offload,953.9598388671876,4000.0,70.0,0.1664749085903167,1.6299773454666138,0.0062072463333606,False,1.0,0.1665433347225189,acdnet,0.04527123644948,70.0,pytorch,178773.609375,9.68761920928955,8.591017723083496,400.0,1.0,1.0,10.0,66.6173324584961,500.0,250210_acd_onoffbench.csv,0.15707828104496,2025-03-20T16:05:05.290Z
0.1635925024747848,6.2796783447265625,offload,991.0641479492188,4000.0,70.0,0.1635240614414215,11.843377113342283,0.00043586076935753226,False,1.0,0.1635925024747848,acdnet,0.0392288379371166,70.0,pytorch,178773.609375,10.114764213562012,8.746045112609863,400.0,1.0,1.0,15.0,65.43700408935547,500.0,250210_acd_onoffbench.csv,0.1040773019194603,2025-03-20T16:05:05.290Z
0.1658266633749008,6.047245502471924,offload,1687.8489990234375,4000.0,70.0,0.1657512933015823,0.0460625439882278,0.0625536814332008,False,3.0,0.1658266633749008,acdnet,0.0362310409545898,70.0,pytorch,178773.609375,9.744058609008787,8.628523826599121,400.0,1.0,1.0,10.0,66.3306655883789,500.0,250210_acd_onoffbench.csv,0.1648278385400772,2025-03-20T16:05:05.290Z
0.1732283383607864,5.792250156402588,offload,1381.5760498046875,2000.0,70.0,0.1730997413396835,0.0749673843383789,0.0639434605836868,False,3.0,0.1732283383607864,acdnet,0.0313049964606761,70.0,pytorch,178773.609375,9.25930404663086,8.262224197387695,400.0,1.0,1.0,10.0,69.29133605957031,500.0,250210_acd_onoffbench.csv,0.1721995919942855,2025-03-20T16:05:05.290Z
0.2622849941253662,4.469874382019043,offload,1947.27392578125,2000.0,70.0,0.2622081935405731,17.278993606567383,0.0092778010293841,False,6.0,0.2622849941253662,acdnet,0.0551211833953857,70.0,pytorch,178773.609375,6.708652496337891,5.454401969909668,400.0,1.0,1.0,15.0,104.91400146484376,500.0,250210_acd_onoffbench.csv,0.1797584295272827,2025-03-20T16:05:05.290Z
0.2091866582632064,5.550765514373779,offload,1941.6572265625,2000.0,70.0,0.2091225236654281,10.482185363769531,0.0097720697522163,False,6.0,0.2091866582632064,acdnet,0.0888852253556251,70.0,pytorch,178773.609375,8.215789794921875,6.8389997482299805,400.0,1.0,1.0,30.0,83.67466735839844,500.0,250210_acd_onoffbench.csv,0.1609826683998108,2025-03-20T16:05:05.290Z
0.3132725059986114,3.19213342666626,offload,626.155029296875,4000.0,70.0,0.313211977481842,0.007492865435779,0.2459318786859512,False,3.0,0.3132725059986114,acdnet,0.01518424320966,70.0,pytorch,178773.609375,5.313052654266357,4.566200733184815,400.0,1.0,1.0,5.0,125.30899810791016,500.0,250210_acd_onoffbench.csv,0.3122216761112213,2025-03-20T16:05:05.290Z
0.0736024975776672,14.561991691589355,offload,2784.66357421875,4000.0,40.0,0.0735405534505844,3.870533227920532,0.0003745895519386977,False,3.0,0.0736024975776672,acdnet,0.028888463973999,70.0,pytorch,178773.609375,22.69106101989746,19.447622299194336,400.0,1.0,1.0,30.0,29.44099998474121,500.0,250210_acd_onoffbench.csv,0.0536449030041694,2025-03-20T16:05:05.290Z
0.3008750081062317,3.3317501544952397,offload,1953.9814453125,2000.0,70.0,0.3007220923900604,18.10022354125977,0.0016064781229943,False,6.0,0.3008750081062317,acdnet,0.0423818826675415,70.0,pytorch,178773.609375,5.087347984313965,4.75584888458252,400.0,1.0,1.0,10.0,120.35000610351562,500.0,250210_acd_onoffbench.csv,0.2210345417261123,2025-03-20T16:05:05.290Z
0.5509783625602722,1.814965009689331,offload,64.4327621459961,2000.0,40.0,0.5508900284767151,0.0066508976742625,0.5193607211112976,True,1.0,0.5509783625602722,acdnet,3.903541803359986,40.0,pytorch,178773.609375,3.17315411567688,2.596142292022705,400.0,1.0,1.0,3.0,220.39134216308597,500.0,250210_acd_onoffbench.csv,0.5514724254608154,2025-03-20T16:05:05.290Z
0.5609266757965088,1.7828844785690308,offload,114.8778076171875,4000.0,40.0,0.560844361782074,0.0066513884812593,0.5272226929664612,True,6.0,0.5609266757965088,acdnet,3.7651753425598153,40.0,pytorch,178773.609375,3.145310640335083,2.5500636100769043,400.0,1.0,1.0,3.0,224.37066650390625,500.0,250210_acd_onoffbench.csv,0.5624433159828186,2025-03-20T16:05:05.290Z
0.5626674890518188,1.7772527933120728,offload,112.33837127685548,2000.0,40.0,0.5625565648078918,0.0072615751996636,0.5286979675292969,True,6.0,0.5626674890518188,acdnet,3.8320775032043457,40.0,pytorch,178773.609375,3.1023366451263428,2.542302370071411,400.0,1.0,1.0,3.0,225.06700134277344,500.0,250210_acd_onoffbench.csv,0.5622408390045166,2025-03-20T16:05:05.290Z
0.6302074790000916,1.6282362937927246,offload,77.71775817871094,4000.0,40.0,0.6301332116127014,0.0075956853106617,0.5971379280090332,True,3.0,0.6302074790000916,acdnet,3.751355409622192,40.0,pytorch,178773.609375,2.853854179382324,2.2696611881256104,400.0,1.0,1.0,3.0,252.0829925537109,500.0,250210_acd_onoffbench.csv,0.6298777461051941,2025-03-20T16:05:05.290Z
0.5353350043296814,1.868000864982605,offload,83.8970947265625,2000.0,40.0,0.5352352857589722,0.0071134963072836,0.5038714408874512,True,3.0,0.5353350043296814,acdnet,4.222049236297607,40.0,pytorch,178773.609375,3.163058042526245,2.672075033187866,400.0,1.0,1.0,3.0,214.13400268554688,500.0,250210_acd_onoffbench.csv,0.5336600542068481,2025-03-20T16:05:05.290Z
0.3685691654682159,2.735849380493164,offload,116.96601104736328,2000.0,40.0,0.3683196008205414,0.0088824685662984,0.338289350271225,True,3.0,0.3685691654682159,acdnet,3.752822160720825,40.0,pytorch,178773.609375,4.539287567138672,3.8830106258392334,400.0,1.0,1.0,5.0,147.4276580810547,500.0,250210_acd_onoffbench.csv,0.3702975213527679,2025-03-20T16:05:05.290Z
0.5388208627700806,1.8559895753860476,offload,72.50178527832031,4000.0,40.0,0.5387489199638367,0.0077567445114254,0.5061994791030884,True,1.0,0.5388208627700806,acdnet,4.080334186553955,40.0,pytorch,178773.609375,3.179862260818481,2.654648303985596,400.0,1.0,1.0,3.0,215.52833557128903,500.0,250210_acd_onoffbench.csv,0.5375041365623474,2025-03-20T16:05:05.290Z
0.3336541652679443,2.997186183929444,offload,128.2996826171875,4000.0,40.0,0.3335297405719757,0.0144904628396034,0.3003881573677063,True,3.0,0.3336541652679443,acdnet,3.816277027130127,40.0,pytorch,178773.609375,4.950020790100098,4.288039684295654,400.0,1.0,1.0,5.0,133.461669921875,500.0,250210_acd_onoffbench.csv,0.333442360162735,2025-03-20T16:05:05.290Z
0.357194185256958,2.803891897201538,offload,97.60598754882812,2000.0,40.0,0.3571101725101471,0.012677589431405,0.32437264919281,True,1.0,0.357194185256958,acdnet,3.920517921447754,40.0,pytorch,178773.609375,4.636651992797852,4.004895210266113,400.0,1.0,1.0,5.0,142.87767028808594,500.0,250210_acd_onoffbench.csv,0.3569589257240295,2025-03-20T16:05:05.290Z
0.3495741784572601,2.8652148246765137,offload,100.33522033691406,4000.0,40.0,0.3495028018951416,0.0194440092891454,0.3159872889518738,True,1.0,0.3495741784572601,acdnet,3.859211444854736,40.0,pytorch,178773.609375,4.757664203643799,4.092067241668701,400.0,1.0,1.0,5.0,139.8296661376953,500.0,250210_acd_onoffbench.csv,0.3493002653121948,2025-03-20T16:05:05.290Z
0.3452791571617126,2.901573419570923,offload,178.09005737304688,2000.0,40.0,0.3451660275459289,0.0075753242708742,0.3118091225624084,True,6.0,0.3452791571617126,acdnet,3.799028396606445,40.0,pytorch,178773.609375,4.804990291595459,4.143481254577637,400.0,1.0,1.0,5.0,138.11166381835938,500.0,250210_acd_onoffbench.csv,0.3463106751441955,2025-03-20T16:05:05.290Z
0.1784649938344955,5.605689525604248,offload,183.9307556152344,2000.0,40.0,0.1783756017684936,0.0125047201290726,0.1490033715963363,True,1.0,0.1784649938344955,acdnet,3.793965339660645,40.0,pytorch,178773.609375,8.614940643310547,8.017850875854492,400.0,1.0,1.0,10.0,71.38600158691406,500.0,250210_acd_onoffbench.csv,0.1784152686595916,2025-03-20T16:05:05.290Z
0.2029908299446106,4.947608947753906,offload,277.3795166015625,2000.0,40.0,0.2028954178094864,0.0138676110655069,0.1731456071138382,True,6.0,0.2029908299446106,acdnet,3.881067752838135,40.0,pytorch,178773.609375,7.968381404876709,7.048896789550781,400.0,1.0,1.0,10.0,81.19633483886719,500.0,250210_acd_onoffbench.csv,0.2029261738061905,2025-03-20T16:05:05.290Z
0.1992216557264328,5.022552967071533,offload,273.446533203125,4000.0,40.0,0.1991554945707321,0.0127419512718915,0.1713085174560547,True,6.0,0.1992216557264328,acdnet,3.8518025875091553,40.0,pytorch,178773.609375,8.023072242736816,7.181267738342285,400.0,1.0,1.0,10.0,79.68866729736328,500.0,250210_acd_onoffbench.csv,0.1990407854318618,2025-03-20T16:05:05.290Z
0.3211208283901214,3.1141021251678467,offload,190.2654266357422,4000.0,40.0,0.3210286200046539,0.0125055890530347,0.2859936654567718,True,6.0,0.3211208283901214,acdnet,4.2055439949035645,40.0,pytorch,178773.609375,5.116775035858154,4.455019950866699,400.0,1.0,1.0,5.0,128.44833374023438,500.0,250210_acd_onoffbench.csv,0.3196648359298706,2025-03-20T16:05:05.290Z
1.6774649620056152,0.5961430072784424,offload,29.693017959594727,4000.0,40.0,1.6773709058761597,0.0065483395010232,1.6398195028305054,True,3.0,1.6774649620056152,acdnet,3.835092544555664,40.0,pytorch,178773.609375,1.0935378074645996,0.8526372313499451,400.0,1.0,1.0,1.0,670.9860229492188,500.0,250210_acd_onoffbench.csv,1.6772053241729736,2025-03-20T16:05:05.290Z
1.7223666906356812,0.5806169509887695,offload,24.536846160888672,4000.0,40.0,1.7222900390625,0.0060575241222977,1.6852608919143677,True,1.0,1.7223666906356812,acdnet,3.8770511150360103,40.0,pytorch,178773.609375,1.0780068635940552,0.8303995728492737,400.0,1.0,1.0,1.0,688.9466552734375,500.0,250210_acd_onoffbench.csv,1.7228710651397705,2025-03-20T16:05:05.290Z
1.7066324949264526,0.5859678983688354,offload,25.518808364868164,2000.0,40.0,1.7065603733062744,0.0059803095646202,1.6687304973602295,True,1.0,1.7066324949264526,acdnet,3.9868571758270255,40.0,pytorch,178773.609375,1.081307053565979,0.8380534648895264,400.0,1.0,1.0,1.0,682.6530151367188,500.0,250210_acd_onoffbench.csv,1.7062530517578125,2025-03-20T16:05:05.290Z
0.1386266648769378,7.234310150146484,offload,274.3369445800781,2000.0,40.0,0.1385286003351211,0.0139036085456609,0.1115973219275474,True,3.0,0.1386266648769378,acdnet,3.8420121669769287,40.0,pytorch,178773.609375,11.493646621704102,10.324141502380373,400.0,1.0,1.0,15.0,55.45066833496094,500.0,250210_acd_onoffbench.csv,0.1391401886940002,2025-03-20T16:05:05.290Z
0.1630349904298782,6.135534763336182,offload,203.15228271484372,4000.0,40.0,0.162960797548294,0.0147158028557896,0.1341959536075592,True,1.0,0.1630349904298782,acdnet,4.243460655212402,40.0,pytorch,178773.609375,9.791887283325195,8.776275634765625,400.0,1.0,1.0,10.0,65.21399688720703,500.0,250210_acd_onoffbench.csv,0.1622379422187805,2025-03-20T16:05:05.290Z
0.2057124972343444,4.892180442810059,offload,202.41796875,4000.0,40.0,0.2055964916944503,0.0125647019594907,0.1765425503253936,True,3.0,0.2057124972343444,acdnet,3.730623006820679,40.0,pytorch,178773.609375,7.567018508911133,6.956290245056152,400.0,1.0,1.0,10.0,82.28499603271484,500.0,250210_acd_onoffbench.csv,0.2064726948738098,2025-03-20T16:05:05.290Z
0.1613624989986419,6.197425842285156,offload,261.12139892578125,2000.0,40.0,0.1612522006034851,0.0134471291676163,0.1327485144138336,True,3.0,0.1613624989986419,acdnet,3.960372447967529,40.0,pytorch,178773.609375,9.855481147766112,8.869267463684082,400.0,1.0,1.0,10.0,64.54499816894531,500.0,250210_acd_onoffbench.csv,0.1601407825946808,2025-03-20T16:05:05.290Z
0.1294925063848495,7.737756252288818,offload,305.2012023925781,4000.0,40.0,0.1294096708297729,0.0165132712572813,0.1015510633587837,True,3.0,0.1294925063848495,acdnet,3.777265548706055,40.0,pytorch,178773.609375,12.14365577697754,11.05163860321045,400.0,1.0,1.0,15.0,51.797000885009766,500.0,250210_acd_onoffbench.csv,0.1297658830881118,2025-03-20T16:05:05.290Z
0.1393716633319854,7.203426837921143,offload,227.3834228515625,2000.0,40.0,0.1392848640680313,0.0140176173299551,0.1112180650234222,True,1.0,0.1393716633319854,acdnet,3.773181676864624,40.0,pytorch,178773.609375,11.265568733215332,10.268085479736328,400.0,1.0,1.0,15.0,55.74866485595703,500.0,250210_acd_onoffbench.csv,0.1406244486570358,2025-03-20T16:05:05.290Z
0.1404149979352951,7.14199686050415,offload,211.40185546875,4000.0,40.0,0.1403074562549591,0.0089564900845289,0.1142631694674491,True,1.0,0.1404149979352951,acdnet,3.805999517440796,40.0,pytorch,178773.609375,11.207035064697266,10.193249702453612,400.0,1.0,1.0,15.0,56.16600036621094,500.0,250210_acd_onoffbench.csv,0.1416489034891128,2025-03-20T16:05:05.290Z
0.1231383308768272,8.122061729431152,offload,404.0982971191406,2000.0,40.0,0.1230636015534401,0.0194227993488311,0.0950837656855583,True,6.0,0.1231383308768272,acdnet,3.803729295730591,40.0,pytorch,178773.609375,12.036455154418944,11.621542930603027,400.0,1.0,1.0,15.0,49.255332946777344,500.0,250210_acd_onoffbench.csv,0.1229206025600433,2025-03-20T16:05:05.290Z
0.0713791698217392,14.297780990600586,offload,383.0867309570313,2000.0,40.0,0.0712566152215004,1.5657730102539062,0.034792061895132,True,1.0,0.0713791698217392,acdnet,3.938600778579712,40.0,pytorch,178773.609375,21.58917617797852,20.07096290588379,400.0,1.0,1.0,30.0,28.551666259765625,500.0,250210_acd_onoffbench.csv,0.0714450404047966,2025-03-20T16:05:05.290Z
0.0847191661596298,11.820054054260254,offload,578.221923828125,4000.0,40.0,0.084588848054409,1.3683252334594729,0.0465993285179138,True,6.0,0.0847191661596298,acdnet,3.825972080230713,40.0,pytorch,178773.609375,16.953630447387695,16.907533645629883,400.0,1.0,1.0,30.0,33.88766860961914,500.0,250210_acd_onoffbench.csv,0.0859907791018486,2025-03-20T16:05:05.290Z
0.0906466692686081,11.201799392700195,offload,627.2615966796875,2000.0,40.0,0.0905700996518135,1.6209863424301147,0.0516452305018901,True,6.0,0.0906466692686081,acdnet,3.824444770812988,40.0,pytorch,178773.609375,16.962820053100586,15.790961265563965,400.0,1.0,1.0,30.0,36.2586669921875,500.0,250210_acd_onoffbench.csv,0.0916705504059791,2025-03-20T16:05:05.290Z
0.1114783361554145,8.970884323120117,offload,464.9172668457031,4000.0,40.0,0.1113974004983902,0.0170731488615274,0.0841010734438896,True,6.0,0.1114783361554145,acdnet,4.229936122894287,40.0,pytorch,178773.609375,13.909051895141602,12.83862018585205,400.0,1.0,1.0,15.0,44.59133529663086,500.0,250210_acd_onoffbench.csv,0.1104593947529792,2025-03-20T16:05:05.290Z
1.7123525142669678,0.5839926600456238,offload,30.21851921081543,2000.0,40.0,1.7122691869735718,0.0314099378883838,1.658050775527954,True,3.0,1.7123525142669678,acdnet,3.7699577808380127,40.0,pytorch,178773.609375,1.07550048828125,0.8352593779563904,400.0,1.0,1.0,1.0,684.9409790039062,500.0,250210_acd_onoffbench.csv,1.71289324760437,2025-03-20T16:05:05.290Z
1.670930027961731,0.5984764099121094,offload,41.437232971191406,2000.0,40.0,1.670863151550293,0.0326243564486503,1.6179300546646118,True,6.0,1.670930027961731,acdnet,3.966463088989258,40.0,pytorch,178773.609375,1.0974435806274414,0.855958104133606,400.0,1.0,1.0,1.0,668.3720092773438,500.0,250210_acd_onoffbench.csv,1.6719095706939695,2025-03-20T16:05:05.290Z
1.6187750101089478,0.6177603006362915,offload,43.25075149536133,4000.0,40.0,1.6186965703964231,0.0064908354543149,1.579455852508545,True,6.0,1.6187750101089478,acdnet,4.263920307159424,40.0,pytorch,178773.609375,1.130048394203186,0.8835434913635254,400.0,1.0,1.0,1.0,647.510009765625,500.0,250210_acd_onoffbench.csv,1.6171319484710691,2025-03-20T16:05:05.290Z
1.678785800933838,0.5960904359817505,offload,32.62582015991211,4000.0,70.0,1.6787101030349731,0.0247334390878677,1.6221312284469604,True,3.0,1.678785800933838,acdnet,3.817594051361084,100.0,pytorch,178773.609375,1.1002978086471558,0.8519570231437683,400.0,1.0,1.0,1.0,671.5143432617188,500.0,250210_acd_onoffbench.csv,1.6794660091400146,2025-03-20T16:05:05.290Z
1.6352516412734983,0.6117087006568909,offload,32.62923812866211,2000.0,70.0,1.6351702213287354,0.0337246805429458,1.5814273357391355,True,3.0,1.6352516412734983,acdnet,4.249608516693115,100.0,pytorch,178773.609375,1.121396541595459,0.8746421933174133,400.0,1.0,1.0,1.0,654.1006469726562,500.0,250210_acd_onoffbench.csv,1.6339682340621948,2025-03-20T16:05:05.290Z
1.6879658699035645,0.592582106590271,offload,25.340394973754883,2000.0,70.0,1.6878899335861206,0.0258411169052124,1.6352124214172363,True,1.0,1.6879658699035645,acdnet,3.785161018371582,100.0,pytorch,178773.609375,1.0926872491836548,0.8473235368728638,400.0,1.0,1.0,1.0,675.1863403320312,500.0,250210_acd_onoffbench.csv,1.6895196437835691,2025-03-20T16:05:05.290Z
1.6732791662216189,0.5980135798454285,offload,43.00093078613281,2000.0,70.0,1.6732131242752075,0.0052601243369281,1.6321383714675903,True,6.0,1.6732791662216189,acdnet,4.052049160003662,100.0,pytorch,178773.609375,1.103556513786316,0.8547559380531311,400.0,1.0,1.0,1.0,669.3117065429688,500.0,250210_acd_onoffbench.csv,1.6729367971420288,2025-03-20T16:05:05.290Z
1.7127983570098877,0.5838447213172913,offload,42.35251235961914,4000.0,70.0,1.7127138376235962,0.0049615902826189,1.6715497970581057,True,6.0,1.7127983570098877,acdnet,3.775055885314941,100.0,pytorch,178773.609375,1.082758545875549,0.8350425362586975,400.0,1.0,1.0,1.0,685.1193237304688,500.0,250210_acd_onoffbench.csv,1.7132256031036377,2025-03-20T16:05:05.290Z
0.0559624992311,18.35681915283203,offload,465.626953125,2000.0,40.0,0.0558762475848197,0.0321282371878623,0.0315534621477127,True,1.0,0.0559624992311,acdnet,4.122531414031982,100.0,pytorch,178773.609375,25.45578384399414,25.59564971923828,400.0,1.0,1.0,70.0,22.38500022888184,500.0,250210_acd_onoffbench.csv,0.0557512752711772,2025-03-20T16:05:05.290Z
0.0922600030899047,12.260348320007324,offload,418.3672180175781,4000.0,40.0,0.0921833515167236,0.0191256124526262,0.0661216676235199,True,3.0,0.0922600030899047,acdnet,3.677284002304077,100.0,pytorch,178773.609375,18.599449157714844,15.51461124420166,400.0,1.0,1.0,70.0,36.90399932861328,500.0,250210_acd_onoffbench.csv,0.0922887995839119,2025-03-20T16:05:05.290Z
0.0675766691565513,14.971985816955566,offload,626.2611083984375,4000.0,40.0,0.0674546360969543,0.0443349070847034,0.0412238389253616,True,6.0,0.0675766691565513,acdnet,4.187267780303955,100.0,pytorch,178773.609375,19.549579620361328,21.202232360839844,400.0,1.0,1.0,70.0,27.03066635131836,500.0,250210_acd_onoffbench.csv,0.0668646469712257,2025-03-20T16:05:05.290Z
0.0756216645240783,14.5192289352417,offload,372.8215637207031,4000.0,40.0,0.0755347162485122,0.0215315539389848,0.0502786338329315,True,1.0,0.0756216645240783,acdnet,3.833768844604492,100.0,pytorch,178773.609375,20.50067901611328,18.934192657470703,400.0,1.0,1.0,70.0,30.248666763305664,500.0,250210_acd_onoffbench.csv,0.075338065624237,2025-03-20T16:05:05.290Z
0.0666050016880035,15.153539657592772,offload,709.99853515625,2000.0,40.0,0.0664982944726944,0.2168318927288055,0.0389197282493114,True,6.0,0.0666050016880035,acdnet,3.766446828842163,100.0,pytorch,178773.609375,21.990066528320312,21.507152557373047,400.0,1.0,1.0,70.0,26.642000198364254,500.0,250210_acd_onoffbench.csv,0.0668894425034523,2025-03-20T16:05:05.290Z
0.0663758367300033,15.21534252166748,offload,407.6241455078125,4000.0,40.0,0.0662935599684715,0.1369467079639434,0.0374727621674537,True,1.0,0.0663758367300033,acdnet,3.963860511779785,100.0,pytorch,178773.609375,21.447895050048828,21.57357215881348,400.0,1.0,1.0,30.0,26.55033302307129,500.0,250210_acd_onoffbench.csv,0.0666359364986419,2025-03-20T16:05:05.290Z
0.0775766670703888,13.059829711914062,offload,423.5318908691406,4000.0,40.0,0.0774495899677276,0.1646236628293991,0.0487181507050991,True,3.0,0.0775766670703888,acdnet,3.889047384262085,100.0,pytorch,178773.609375,16.927167892456055,18.46606063842773,400.0,1.0,1.0,30.0,31.03066635131836,500.0,250210_acd_onoffbench.csv,0.0779621750116348,2025-03-20T16:05:05.290Z
0.089259997010231,11.232339859008787,offload,391.3548583984375,2000.0,40.0,0.0891725271940231,0.1196557506918907,0.0602315329015255,True,3.0,0.089259997010231,acdnet,3.697359323501587,100.0,pytorch,178773.609375,17.149192810058594,16.038448333740234,400.0,1.0,1.0,70.0,35.70399856567383,500.0,250210_acd_onoffbench.csv,0.0901508331298828,2025-03-20T16:05:05.290Z
0.0817183330655098,13.208906173706056,offload,352.1502990722656,2000.0,40.0,0.081603430211544,0.0226895362138748,0.0558430403470993,True,1.0,0.0817183330655098,acdnet,3.79582953453064,100.0,pytorch,178773.609375,19.225078582763672,17.52608871459961,400.0,1.0,1.0,30.0,32.68733215332031,500.0,250210_acd_onoffbench.csv,0.0820721164345741,2025-03-20T16:05:05.290Z
0.0699766650795936,14.396440505981444,offload,563.1864624023438,2000.0,40.0,0.0698632150888443,0.0238895677030086,0.04328303784132,True,3.0,0.0699766650795936,acdnet,4.134387969970703,100.0,pytorch,178773.609375,21.5946102142334,20.471271514892575,400.0,1.0,1.0,30.0,27.99066734313965,500.0,250210_acd_onoffbench.csv,0.0694377720355987,2025-03-20T16:05:05.290Z
0.0680708363652229,14.830141067504885,offload,732.4663696289062,2000.0,40.0,0.0679637640714645,0.028952794149518,0.0406461618840694,True,6.0,0.0680708363652229,acdnet,4.046690464019775,100.0,pytorch,178773.609375,22.376665115356445,21.04340362548828,400.0,1.0,1.0,30.0,27.228334426879883,500.0,250210_acd_onoffbench.csv,0.0675932988524437,2025-03-20T16:05:05.290Z
0.0970799997448921,10.678790092468262,offload,501.3701171875,4000.0,40.0,0.0969994291663169,0.0184953641146421,0.0703441873192787,True,6.0,0.0970799997448921,acdnet,3.753471612930298,100.0,pytorch,178773.609375,15.34428596496582,14.744302749633787,400.0,1.0,1.0,30.0,38.83200073242188,500.0,250210_acd_onoffbench.csv,0.0972780808806419,2025-03-20T16:05:05.290Z
0.1183616667985916,8.537851333618164,offload,443.2303466796875,4000.0,40.0,0.1182760149240493,0.0176632888615131,0.0888222828507423,True,6.0,0.1183616667985916,acdnet,3.953758955001831,100.0,pytorch,178773.609375,12.622605323791504,12.091959953308104,400.0,1.0,1.0,15.0,47.34466552734375,500.0,250210_acd_onoffbench.csv,0.1179764494299888,2025-03-20T16:05:05.290Z
0.1354549974203109,7.698966979980469,offload,250.81727600097656,2000.0,40.0,0.1353377103805542,0.0175567548722028,0.1065985113382339,True,1.0,0.1354549974203109,acdnet,3.998525619506836,100.0,pytorch,178773.609375,12.141335487365724,10.567556381225586,400.0,1.0,1.0,15.0,54.18199920654297,500.0,250210_acd_onoffbench.csv,0.1348250061273574,2025-03-20T16:05:05.290Z
0.1299433261156082,7.724559307098389,offload,302.83673095703125,4000.0,40.0,0.1298530548810959,0.014822837896645,0.1025783941149711,True,3.0,0.1299433261156082,acdnet,3.9887847900390634,100.0,pytorch,178773.609375,12.166242599487305,11.01390266418457,400.0,1.0,1.0,15.0,51.977333068847656,500.0,250210_acd_onoffbench.csv,0.1295495927333831,2025-03-20T16:05:05.290Z
0.1432916671037674,7.0329437255859375,offload,219.8663024902344,4000.0,40.0,0.1426349878311157,0.022876912727952,0.1147195920348167,True,1.0,0.1432916671037674,acdnet,3.817957162857056,100.0,pytorch,178773.609375,10.864142417907717,10.026914596557615,400.0,1.0,1.0,15.0,57.31666564941406,500.0,250210_acd_onoffbench.csv,0.1433071941137313,2025-03-20T16:05:05.290Z
0.1287391632795334,7.789709568023682,offload,390.3558654785156,2000.0,40.0,0.1286583989858627,0.0185642819851636,0.1008297130465507,True,6.0,0.1287391632795334,acdnet,3.683241605758667,100.0,pytorch,178773.609375,12.365063667297363,11.116171836853027,400.0,1.0,1.0,15.0,51.49566650390625,500.0,250210_acd_onoffbench.csv,0.1285157948732376,2025-03-20T16:05:05.290Z
0.137401670217514,7.283516883850098,offload,281.6393737792969,2000.0,40.0,0.1373109966516494,0.0146376192569732,0.1089315339922905,True,3.0,0.137401670217514,acdnet,3.809385299682617,100.0,pytorch,178773.609375,11.522788047790527,10.415691375732422,400.0,1.0,1.0,15.0,54.96066665649414,500.0,250210_acd_onoffbench.csv,0.1384530514478683,2025-03-20T16:05:05.290Z
0.170320838689804,5.904815196990967,offload,198.0652008056641,4000.0,40.0,0.1702331900596618,0.0124229323118925,0.140501007437706,True,1.0,0.170320838689804,acdnet,4.113836288452148,100.0,pytorch,178773.609375,8.959635734558105,8.401351928710938,400.0,1.0,1.0,10.0,68.12833404541016,500.0,250210_acd_onoffbench.csv,0.1707685440778732,2025-03-20T16:05:05.290Z
0.1780091673135757,5.647557735443115,offload,239.9407196044922,4000.0,40.0,0.1779092848300933,0.0145437382161617,0.1481783241033554,True,3.0,0.1780091673135757,acdnet,3.95039963722229,100.0,pytorch,178773.609375,9.023078918457031,8.03886604309082,400.0,1.0,1.0,10.0,71.20366668701172,500.0,250210_acd_onoffbench.csv,0.1774132996797561,2025-03-20T16:05:05.290Z
0.1717058271169662,5.832444667816162,offload,247.2895965576172,2000.0,40.0,0.1716088503599167,0.0133993122726678,0.141863465309143,True,3.0,0.1717058271169662,acdnet,4.043730735778809,100.0,pytorch,178773.609375,9.339170455932615,8.334004402160645,400.0,1.0,1.0,10.0,68.68233489990234,500.0,250210_acd_onoffbench.csv,0.1708524972200393,2025-03-20T16:05:05.290Z
0.1892441660165786,5.286266803741455,offload,177.57383728027344,2000.0,40.0,0.1891429126262664,0.0122096575796604,0.1599389612674713,True,1.0,0.1892441660165786,acdnet,3.764492511749268,100.0,pytorch,178773.609375,8.234515190124512,7.561419486999512,400.0,1.0,1.0,10.0,75.69766235351562,500.0,250210_acd_onoffbench.csv,0.1902433484792709,2025-03-20T16:05:05.290Z
0.1912975013256073,5.232305526733398,offload,290.8362121582031,4000.0,40.0,0.1912125200033188,0.0124124996364116,0.1613367795944214,True,6.0,0.1912975013256073,acdnet,3.7843613624572754,100.0,pytorch,178773.609375,8.32072639465332,7.479577541351318,400.0,1.0,1.0,10.0,76.51899719238281,500.0,250210_acd_onoffbench.csv,0.1909794807434082,2025-03-20T16:05:05.290Z
0.1854341626167297,5.44998836517334,offload,316.5352478027344,2000.0,40.0,0.1853614002466201,0.0108710527420043,0.1548618674278259,True,6.0,0.1854341626167297,acdnet,4.043156623840332,100.0,pytorch,178773.609375,8.692113876342773,7.715677738189697,400.0,1.0,1.0,10.0,74.17366790771484,500.0,250210_acd_onoffbench.csv,0.1846053600311279,2025-03-20T16:05:05.290Z
0.3280850052833557,3.049393653869629,offload,192.51165771484372,4000.0,40.0,0.3280112743377685,0.0099704805761575,0.2936609089374542,True,6.0,0.3280850052833557,acdnet,4.069680213928223,100.0,pytorch,178773.609375,5.0424628257751465,4.360182285308838,400.0,1.0,1.0,5.0,131.23399353027344,500.0,250210_acd_onoffbench.csv,0.327178806066513,2025-03-20T16:05:05.290Z
0.3418491780757904,2.926650285720825,offload,131.9373779296875,4000.0,40.0,0.3417790532112121,0.0066594379022717,0.3094612956047058,True,3.0,0.3418491780757904,acdnet,3.7614336013793945,100.0,pytorch,178773.609375,4.907670497894287,4.184542179107666,400.0,1.0,1.0,5.0,136.7396697998047,500.0,250210_acd_onoffbench.csv,0.3423674404621124,2025-03-20T16:05:05.290Z
0.3456083536148071,2.895484447479248,offload,102.6098861694336,4000.0,40.0,0.3455094993114471,0.0093601271510124,0.3148549795150757,True,1.0,0.3456083536148071,acdnet,3.7589192390441895,100.0,pytorch,178773.609375,4.790605068206787,4.13936185836792,400.0,1.0,1.0,5.0,138.2433319091797,500.0,250210_acd_onoffbench.csv,0.3463463485240936,2025-03-20T16:05:05.290Z
0.339501678943634,2.9523205757141118,offload,111.6360321044922,2000.0,40.0,0.3394157886505127,0.0081388363614678,0.307721197605133,True,1.0,0.339501678943634,acdnet,3.9926602840423584,100.0,pytorch,178773.609375,4.891868591308594,4.213677883148193,400.0,1.0,1.0,5.0,135.8006591796875,500.0,250210_acd_onoffbench.csv,0.3391642272472381,2025-03-20T16:05:05.290Z
0.3393108248710632,2.9499528408050537,offload,171.50440979003906,2000.0,40.0,0.3392285406589508,0.0094594117254018,0.3061189949512481,True,6.0,0.3393108248710632,acdnet,3.840744733810425,100.0,pytorch,178773.609375,4.7255635261535645,4.216003894805908,400.0,1.0,1.0,5.0,135.72433471679688,500.0,250210_acd_onoffbench.csv,0.3395698070526123,2025-03-20T16:05:05.290Z
0.3542425036430359,2.8231396675109863,offload,127.004638671875,2000.0,40.0,0.3540892899036407,0.0095659866929054,0.3226412534713745,True,3.0,0.3542425036430359,acdnet,3.8468427658081055,100.0,pytorch,178773.609375,4.660032272338867,4.039062976837158,400.0,1.0,1.0,5.0,141.69700622558594,500.0,250210_acd_onoffbench.csv,0.3549710810184479,2025-03-20T16:05:05.290Z
0.5415949821472168,1.8469268083572388,offload,71.39718627929688,4000.0,40.0,0.5415125489234924,0.00839448813349,0.5082489848136902,True,1.0,0.5415949821472168,acdnet,4.032992362976074,100.0,pytorch,178773.609375,3.180866479873657,2.6411001682281494,400.0,1.0,1.0,3.0,216.63800048828125,500.0,250210_acd_onoffbench.csv,0.5407882928848267,2025-03-20T16:05:05.290Z
0.5509374737739563,1.8156059980392456,offload,87.26395416259766,4000.0,40.0,0.5508549213409424,0.0072848657146096,0.516975998878479,True,3.0,0.5509374737739563,acdnet,4.135154724121094,100.0,pytorch,178773.609375,3.1460838317871094,2.5963077545166016,400.0,1.0,1.0,3.0,220.375,500.0,250210_acd_onoffbench.csv,0.5512276887893677,2025-03-20T16:05:05.290Z
0.5405583381652832,1.850289225578308,offload,87.7934341430664,2000.0,40.0,0.5404701232910156,0.0083281118422746,0.5063701272010803,True,3.0,0.5405583381652832,acdnet,4.190308570861816,100.0,pytorch,178773.609375,3.1792867183685303,2.6461942195892334,400.0,1.0,1.0,3.0,216.22332763671875,500.0,250210_acd_onoffbench.csv,0.5410252809524536,2025-03-20T16:05:05.290Z
0.5549783110618591,1.802225947380066,offload,68.50231170654297,2000.0,40.0,0.5548967123031616,0.0076328064315021,0.5216387510299683,True,1.0,0.5549783110618591,acdnet,3.864271879196167,100.0,pytorch,178773.609375,3.181896448135376,2.5773966312408447,400.0,1.0,1.0,3.0,221.9913330078125,500.0,250210_acd_onoffbench.csv,0.5545280575752258,2025-03-20T16:05:05.290Z
0.5520333647727966,1.8124094009399412,offload,117.6854248046875,2000.0,40.0,0.5519399046897888,0.0071363737806677,0.5162211060523987,True,6.0,0.5520333647727966,acdnet,4.063117504119873,100.0,pytorch,178773.609375,3.1653523445129395,2.591204166412353,400.0,1.0,1.0,3.0,220.81333923339844,500.0,250210_acd_onoffbench.csv,0.5511463284492493,2025-03-20T16:05:05.290Z
0.5628166794776917,1.7767921686172483,offload,112.50187683105467,4000.0,40.0,0.5627259016036987,0.0066955871880054,0.5275561213493347,True,6.0,0.5628166794776917,acdnet,3.734131574630737,100.0,pytorch,178773.609375,3.1386842727661133,2.541537284851074,400.0,1.0,1.0,3.0,225.1266632080078,500.0,250210_acd_onoffbench.csv,0.5635173320770264,2025-03-20T16:05:05.290Z
1.634737491607666,0.6118589043617249,offload,44.081302642822266,4000.0,40.0,1.634645938873291,0.0942500680685043,1.5571378469467163,True,6.0,1.634737491607666,acdnet,3.924238681793213,100.0,pytorch,178773.609375,1.1188218593597412,0.8749227523803711,400.0,1.0,1.0,1.0,653.89501953125,500.0,250210_acd_onoffbench.csv,1.634041428565979,2025-03-20T16:05:05.290Z
1.6936508417129517,0.5905836820602417,offload,31.01773452758789,4000.0,40.0,1.693550944328308,0.063350535929203,1.6212238073349,True,3.0,1.6936508417129517,acdnet,3.839033365249634,100.0,pytorch,178773.609375,1.087965488433838,0.844491183757782,400.0,1.0,1.0,1.0,677.4603271484375,500.0,250210_acd_onoffbench.csv,1.6931829452514648,2025-03-20T16:05:05.290Z
1.6790432929992676,0.5960982441902161,offload,28.45353889465332,2000.0,40.0,1.6789621114730835,0.046881940215826,1.6201122999191284,True,1.0,1.6790432929992676,acdnet,4.012363910675049,100.0,pytorch,178773.609375,1.0975764989852903,0.8518291711807251,400.0,1.0,1.0,1.0,671.6173095703125,500.0,250210_acd_onoffbench.csv,1.6781423091888428,2025-03-20T16:05:05.290Z
1.7221215963363647,0.5806820392608643,offload,25.397998809814453,4000.0,40.0,1.7220425605773926,0.0650722235441207,1.6647770404815674,True,1.0,1.7221215963363647,acdnet,3.735435724258423,100.0,pytorch,178773.609375,1.0787016153335571,0.830518901348114,400.0,1.0,1.0,1.0,688.8486328125,500.0,250210_acd_onoffbench.csv,1.7221226692199707,2025-03-20T16:05:05.290Z
0.0629483312368393,15.98017120361328,offload,502.5320739746094,4000.0,100.0,0.0626014992594719,0.0241568386554718,0.0382255725562572,True,3.0,0.0629483312368393,acdnet,4.000026226043701,70.0,pytorch,178773.609375,22.886964797973636,22.84592056274414,400.0,1.0,1.0,70.0,25.179332733154297,500.0,250210_acd_onoffbench.csv,0.062221210449934,2025-03-20T16:05:05.290Z
0.0683391615748405,15.289158821105955,offload,396.6898193359375,4000.0,100.0,0.0682355538010597,0.0312073249369859,0.0441810861229896,True,1.0,0.0683391615748405,acdnet,4.118692874908447,70.0,pytorch,178773.609375,19.81175804138184,20.959583282470703,400.0,1.0,1.0,70.0,27.33566665649414,500.0,250210_acd_onoffbench.csv,0.0676289796829223,2025-03-20T16:05:05.290Z
1.697527527809143,0.5892590880393982,offload,41.6528549194336,2000.0,40.0,1.69744610786438,0.0055364863947033,1.656402826309204,True,6.0,1.697527527809143,acdnet,3.803344488143921,100.0,pytorch,178773.609375,1.0904778242111206,0.8425533175468445,400.0,1.0,1.0,1.0,679.010986328125,500.0,250210_acd_onoffbench.csv,1.6969012022018433,2025-03-20T16:05:05.290Z
1.720370888710022,0.581280529499054,offload,31.201828002929688,2000.0,40.0,1.7202974557876587,0.0061107142828404,1.6803776025772097,True,3.0,1.720370888710022,acdnet,3.730978727340698,100.0,pytorch,178773.609375,1.0786052942276,0.8313613533973694,400.0,1.0,1.0,1.0,688.1483154296875,500.0,250210_acd_onoffbench.csv,1.7199978828430176,2025-03-20T16:05:05.290Z
0.0573016665875911,20.201839447021484,offload,492.7412109375,2000.0,100.0,0.0572123937308788,0.0194055754691362,0.0343902148306369,True,1.0,0.0573016665875911,acdnet,3.7870566844940186,70.0,pytorch,178773.609375,29.607162475585938,24.997886657714844,400.0,1.0,1.0,70.0,22.9206657409668,500.0,250210_acd_onoffbench.csv,0.0571615062654018,2025-03-20T16:05:05.290Z
0.0587783344089984,17.01605987548828,offload,726.939208984375,2000.0,100.0,0.0586338266730308,0.0311396922916173,0.0343562625348567,True,6.0,0.0587783344089984,acdnet,3.888300657272339,70.0,pytorch,178773.609375,24.729887008666992,24.39187431335449,400.0,1.0,1.0,70.0,23.51133346557617,500.0,250210_acd_onoffbench.csv,0.0581931956112384,2025-03-20T16:05:05.290Z
0.068033330142498,14.72623348236084,offload,639.2546997070312,4000.0,100.0,0.0679596811532974,0.0182423144578933,0.0426192432641983,True,6.0,0.068033330142498,acdnet,3.780595302581787,70.0,pytorch,178773.609375,21.466127395629883,21.044666290283203,400.0,1.0,1.0,70.0,27.21333312988281,500.0,250210_acd_onoffbench.csv,0.0685149952769279,2025-03-20T16:05:05.290Z
0.0702116712927818,14.944876670837402,offload,453.5910034179688,2000.0,100.0,0.0701259970664978,0.0269185248762369,0.0438553616404533,True,3.0,0.0702116712927818,acdnet,3.996904850006104,70.0,pytorch,178773.609375,18.558868408203125,20.39455986022949,400.0,1.0,1.0,70.0,28.084667205810547,500.0,250210_acd_onoffbench.csv,0.0694841668009758,2025-03-20T16:05:05.290Z
0.0827933326363563,13.352239608764648,offload,483.8365783691406,4000.0,100.0,0.0826756060123443,0.0230397712439298,0.0564855523407459,True,3.0,0.0827933326363563,acdnet,3.743501663208008,70.0,pytorch,178773.609375,19.57306861877441,17.29880142211914,400.0,1.0,1.0,30.0,33.117332458496094,500.0,250210_acd_onoffbench.csv,0.0831731185317039,2025-03-20T16:05:05.290Z
0.0736675038933754,14.21724796295166,offload,702.4452514648438,4000.0,100.0,0.0735673457384109,0.0337232910096645,0.0461101047694683,True,6.0,0.0736675038933754,acdnet,4.038761138916016,70.0,pytorch,178773.609375,20.91355323791504,19.44053840637207,400.0,1.0,1.0,30.0,29.46700096130371,500.0,250210_acd_onoffbench.csv,0.0730737745761871,2025-03-20T16:05:05.290Z
0.0709316655993461,14.259652137756348,offload,387.5867309570313,2000.0,100.0,0.070805124938488,0.0221758987754583,0.0452438220381736,True,1.0,0.0709316655993461,acdnet,3.929244041442871,70.0,pytorch,178773.609375,21.86722946166992,20.198945999145508,400.0,1.0,1.0,30.0,28.37266731262207,500.0,250210_acd_onoffbench.csv,0.0724951922893524,2025-03-20T16:05:05.290Z
0.1003875061869621,10.140654563903809,offload,293.2502746582031,4000.0,100.0,0.1003033593297004,0.0154534289613366,0.0735056921839714,True,1.0,0.1003875061869621,acdnet,3.796173572540283,70.0,pytorch,178773.609375,15.357133865356444,14.258633613586426,400.0,1.0,1.0,30.0,40.15500259399414,500.0,250210_acd_onoffbench.csv,0.1009443700313568,2025-03-20T16:05:05.290Z
0.08245749771595,13.129530906677246,offload,605.3525390625,2000.0,100.0,0.0823602676391601,0.0217974763363599,0.0563906244933605,True,6.0,0.08245749771595,acdnet,3.737931966781616,70.0,pytorch,178773.609375,18.90756225585937,17.365034103393555,400.0,1.0,1.0,30.0,32.98299789428711,500.0,250210_acd_onoffbench.csv,0.083455353975296,2025-03-20T16:05:05.290Z
0.0955091714859008,10.633747100830078,offload,400.619873046875,2000.0,100.0,0.0954301729798317,0.0188157279044389,0.0690464675426483,True,3.0,0.0955091714859008,acdnet,3.838123321533203,70.0,pytorch,178773.609375,15.94832992553711,14.986757278442385,400.0,1.0,1.0,30.0,38.20366668701172,500.0,250210_acd_onoffbench.csv,0.0951884314417839,2025-03-20T16:05:05.290Z
0.1157291680574417,8.740246772766113,offload,288.6421813964844,4000.0,100.0,0.1156009510159492,0.0210075862705707,0.0860016793012619,True,1.0,0.1157291680574417,acdnet,4.045619964599609,70.0,pytorch,178773.609375,13.793274879455566,12.371774673461914,400.0,1.0,1.0,15.0,46.29166793823242,500.0,250210_acd_onoffbench.csv,0.1149571239948272,2025-03-20T16:05:05.290Z
0.1248291656374931,8.098895072937012,offload,327.2557373046875,4000.0,100.0,0.124507188796997,0.0132314311340451,0.0954938232898712,True,3.0,0.1248291656374931,acdnet,3.9126250743865967,70.0,pytorch,178773.609375,12.488059043884276,11.486797332763672,400.0,1.0,1.0,15.0,49.93166732788086,500.0,250210_acd_onoffbench.csv,0.1243705824017524,2025-03-20T16:05:05.290Z
0.1370474994182586,7.434837818145752,offload,226.302734375,2000.0,100.0,0.136974886059761,0.0179651081562042,0.1085010692477226,True,1.0,0.1370474994182586,acdnet,3.714637041091919,70.0,pytorch,178773.609375,11.449694633483888,10.441248893737791,400.0,1.0,1.0,15.0,54.81900024414063,500.0,250210_acd_onoffbench.csv,0.1371118873357772,2025-03-20T16:05:05.290Z
0.1165800020098686,8.615860939025879,offload,350.8108215332031,2000.0,100.0,0.1165025979280471,0.0200229231268167,0.0885123535990715,True,3.0,0.1165800020098686,acdnet,3.965441226959229,70.0,pytorch,178773.609375,13.524006843566896,12.276025772094728,400.0,1.0,1.0,15.0,46.63199996948242,500.0,250210_acd_onoffbench.csv,0.1159372776746749,2025-03-20T16:05:05.290Z
0.1529366672039032,6.601624488830566,offload,357.9742431640625,4000.0,100.0,0.1528390198945999,0.0123843317851424,0.1237257644534111,True,6.0,0.1529366672039032,acdnet,3.694301128387451,70.0,pytorch,178773.609375,10.051745414733888,9.357484817504885,400.0,1.0,1.0,15.0,61.17466735839844,500.0,250210_acd_onoffbench.csv,0.1525009870529174,2025-03-20T16:05:05.290Z
0.1349550038576126,7.565061569213867,offload,410.9447937011719,2000.0,100.0,0.1348747760057449,0.0231119822710752,0.1041761115193367,True,6.0,0.1349550038576126,acdnet,4.07550573348999,70.0,pytorch,178773.609375,11.69105052947998,10.60382843017578,400.0,1.0,1.0,15.0,53.98199844360352,500.0,250210_acd_onoffbench.csv,0.1344011425971985,2025-03-20T16:05:05.290Z
0.1741541624069214,5.773744583129883,offload,331.086669921875,4000.0,100.0,0.1740722805261612,0.013066410087049,0.1422666311264038,True,6.0,0.1741541624069214,acdnet,4.067436695098877,70.0,pytorch,178773.609375,9.155163764953612,8.216063499450684,400.0,1.0,1.0,10.0,69.66166687011719,500.0,250210_acd_onoffbench.csv,0.1738032698631286,2025-03-20T16:05:05.290Z
0.1893958300352096,5.342850685119629,offload,217.7251739501953,4000.0,100.0,0.1893010139465332,0.0148901073262095,0.159999594092369,True,3.0,0.1893958300352096,acdnet,3.794875144958496,70.0,pytorch,178773.609375,8.558808326721191,7.555104255676269,400.0,1.0,1.0,10.0,75.75833129882812,500.0,250210_acd_onoffbench.csv,0.1898934990167617,2025-03-20T16:05:05.290Z
0.1902174949645996,5.2744317054748535,offload,175.58343505859375,4000.0,100.0,0.1901340782642364,0.0119212213903665,0.1609489917755127,True,1.0,0.1902174949645996,acdnet,3.7117795944213863,70.0,pytorch,178773.609375,8.201421737670898,7.52200174331665,400.0,1.0,1.0,10.0,76.08699798583984,500.0,250210_acd_onoffbench.csv,0.1902134418487548,2025-03-20T16:05:05.290Z
0.1796749979257583,5.607178688049316,offload,195.0006103515625,2000.0,100.0,0.1795438379049301,0.0148446569219231,0.1494419127702713,True,1.0,0.1796749979257583,acdnet,3.923030376434326,70.0,pytorch,178773.609375,8.798623085021973,7.9656805992126465,400.0,1.0,1.0,10.0,71.87000274658203,500.0,250210_acd_onoffbench.csv,0.1796059906482696,2025-03-20T16:05:05.290Z
0.1986100077629089,5.050601959228516,offload,207.2509002685547,2000.0,100.0,0.1985120624303817,0.0106786228716373,0.1691152155399322,True,3.0,0.1986100077629089,acdnet,3.795336961746216,70.0,pytorch,178773.609375,7.711285591125488,7.2045440673828125,400.0,1.0,1.0,10.0,79.44400024414062,500.0,250210_acd_onoffbench.csv,0.1984348148107528,2025-03-20T16:05:05.290Z
0.1925341635942459,5.203983783721924,offload,287.3619384765625,2000.0,100.0,0.1924595385789871,0.0136247482150793,0.1622236520051956,True,6.0,0.1925341635942459,acdnet,3.84099555015564,70.0,pytorch,178773.609375,8.035992622375488,7.431114673614502,400.0,1.0,1.0,10.0,77.01366424560547,500.0,250210_acd_onoffbench.csv,0.1922121793031692,2025-03-20T16:05:05.290Z
0.3274499773979187,3.0558202266693115,offload,110.76549530029295,4000.0,100.0,0.3271843492984772,0.0109380390495061,0.2955485582351684,True,1.0,0.3274499773979187,acdnet,4.044445037841797,70.0,pytorch,178773.609375,5.095584869384766,4.371201992034912,400.0,1.0,1.0,5.0,130.97999572753906,500.0,250210_acd_onoffbench.csv,0.3264676630496979,2025-03-20T16:05:05.290Z
0.3410708308219909,2.941882848739624,offload,135.1725311279297,4000.0,100.0,0.3409925401210785,0.0088675748556852,0.3085951507091522,True,3.0,0.3410708308219909,acdnet,3.952038526535034,70.0,pytorch,178773.609375,4.783073425292969,4.194194316864014,400.0,1.0,1.0,5.0,136.42832946777344,500.0,250210_acd_onoffbench.csv,0.3408828377723694,2025-03-20T16:05:05.290Z
0.3288458287715912,3.043839931488037,offload,137.10328674316406,2000.0,100.0,0.3287601470947265,0.0090069938451051,0.2964637875556946,True,3.0,0.3288458287715912,acdnet,3.996579885482788,70.0,pytorch,178773.609375,4.93306827545166,4.350250244140625,400.0,1.0,1.0,5.0,131.538330078125,500.0,250210_acd_onoffbench.csv,0.3279772698879242,2025-03-20T16:05:05.290Z
0.3456858396530151,2.895752429962158,offload,101.6952133178711,2000.0,100.0,0.3455758392810821,0.0091665023937821,0.3145101368427276,True,1.0,0.3456858396530151,acdnet,3.7549567222595215,70.0,pytorch,178773.609375,4.8399200439453125,4.1385674476623535,400.0,1.0,1.0,5.0,138.2743377685547,500.0,250210_acd_onoffbench.csv,0.3451562523841858,2025-03-20T16:05:05.290Z
0.3485566675662994,2.8701367378234863,offload,177.17855834960938,4000.0,100.0,0.3484574854373932,0.0097581315785646,0.3157473802566528,True,6.0,0.3485566675662994,acdnet,3.7647299766540527,70.0,pytorch,178773.609375,4.743393421173096,4.104342460632324,400.0,1.0,1.0,5.0,139.42266845703125,500.0,250210_acd_onoffbench.csv,0.3482467830181122,2025-03-20T16:05:05.290Z
0.3383708298206329,2.958367824554444,offload,185.5088806152344,2000.0,100.0,0.3382770419120788,0.010075625963509,0.3047171831130981,True,6.0,0.3383708298206329,acdnet,3.997034788131714,70.0,pytorch,178773.609375,4.860805988311768,4.22786283493042,400.0,1.0,1.0,5.0,135.3483428955078,500.0,250210_acd_onoffbench.csv,0.3376684486865997,2025-03-20T16:05:05.290Z
0.542454183101654,1.843817353248596,offload,121.89250946044922,4000.0,100.0,0.5423656702041626,0.0085732731968164,0.5073115229606628,True,6.0,0.542454183101654,acdnet,3.933293581008911,70.0,pytorch,178773.609375,3.200800895690918,2.6369457244873047,400.0,1.0,1.0,3.0,216.98165893554688,500.0,250210_acd_onoffbench.csv,0.541362464427948,2025-03-20T16:05:05.290Z
0.5558149814605713,1.7994741201400757,offload,83.19120788574219,4000.0,100.0,0.5557257533073425,0.0075620776042342,0.5222012996673584,True,3.0,0.5558149814605713,acdnet,3.987022399902344,70.0,pytorch,178773.609375,3.160101413726806,2.5735514163970947,400.0,1.0,1.0,3.0,222.3260040283203,500.0,250210_acd_onoffbench.csv,0.5562666058540344,2025-03-20T16:05:05.290Z
0.5640666484832764,1.772923231124878,offload,67.06431579589844,4000.0,100.0,0.5639984607696533,0.0074847005307674,0.5315375328063965,True,1.0,0.5640666484832764,acdnet,3.841411590576172,70.0,pytorch,178773.609375,3.0997684001922607,2.5358026027679443,400.0,1.0,1.0,3.0,225.6266632080078,500.0,250210_acd_onoffbench.csv,0.565581202507019,2025-03-20T16:05:05.290Z
0.5567224621772766,1.7977807521820068,offload,69.710693359375,2000.0,100.0,0.5566234588623047,0.0050260899588465,0.5231798887252808,True,1.0,0.5567224621772766,acdnet,3.993947505950928,70.0,pytorch,178773.609375,3.1598684787750244,2.5694010257720947,400.0,1.0,1.0,3.0,222.68899536132807,500.0,250210_acd_onoffbench.csv,0.5566339492797852,2025-03-20T16:05:05.290Z
0.5655216574668884,1.7683861255645752,offload,81.42400360107422,2000.0,100.0,0.5654423832893372,0.0078485989943146,0.5284948945045471,True,3.0,0.5655216574668884,acdnet,3.776124238967896,70.0,pytorch,178773.609375,3.151802062988281,2.529327392578125,400.0,1.0,1.0,3.0,226.2086639404297,500.0,250210_acd_onoffbench.csv,0.5662752389907837,2025-03-20T16:05:05.290Z
0.5547016859054565,1.802917242050171,offload,117.53082275390624,2000.0,100.0,0.5545876026153564,0.0133049758151173,0.5162200331687927,True,6.0,0.5547016859054565,acdnet,3.909769296646118,70.0,pytorch,178773.609375,3.1365113258361816,2.578833103179932,400.0,1.0,1.0,3.0,221.8806610107422,500.0,250210_acd_onoffbench.csv,0.5545094013214111,2025-03-20T16:05:05.290Z
1.6373534202575684,0.6109225153923035,offload,27.282062530517575,4000.0,100.0,1.6372510194778442,0.0464923977851867,1.5667986869812012,True,1.0,1.6373534202575684,acdnet,4.33755350112915,70.0,pytorch,178773.609375,1.11739182472229,0.8735305666923523,400.0,1.0,1.0,1.0,654.9413452148438,500.0,250210_acd_onoffbench.csv,1.635781168937683,2025-03-20T16:05:05.290Z
1.681166648864746,0.5952686667442322,offload,33.09965133666992,4000.0,100.0,1.6810873746871948,0.0313562154769897,1.6245170831680298,True,3.0,1.681166648864746,acdnet,4.00250244140625,70.0,pytorch,178773.609375,1.0957677364349363,0.8507522344589233,400.0,1.0,1.0,1.0,672.4666748046875,500.0,250210_acd_onoffbench.csv,1.681073784828186,2025-03-20T16:05:05.290Z
1.6159275770187378,0.6188474297523499,offload,27.83208465576172,4000.0,40.0,1.6158510446548462,0.0303928293287754,1.559057116508484,True,1.0,1.6159275770187378,acdnet,4.209293842315674,70.0,pytorch,178773.609375,1.1250799894332886,0.8850994110107422,400.0,1.0,1.0,1.0,646.3710327148438,500.0,250210_acd_onoffbench.csv,1.6143546104431152,2025-03-20T16:05:05.290Z
1.7048141956329346,0.5865944027900696,offload,31.350324630737305,4000.0,40.0,1.7047337293624878,0.0509110838174819,1.64487624168396,True,3.0,1.7048141956329346,acdnet,4.02175760269165,70.0,pytorch,178773.609375,1.0850424766540527,0.8389514684677124,400.0,1.0,1.0,1.0,681.9256591796875,500.0,250210_acd_onoffbench.csv,1.7062619924545288,2025-03-20T16:05:05.290Z
1.6171241998672483,0.6183980703353882,offload,33.47745895385742,2000.0,40.0,1.6170395612716677,0.0057881423272192,1.5766264200210571,True,3.0,1.6171241998672483,acdnet,4.352544784545898,70.0,pytorch,178773.609375,1.125901222229004,0.8844488859176636,400.0,1.0,1.0,1.0,646.8496704101562,500.0,250210_acd_onoffbench.csv,1.6157805919647217,2025-03-20T16:05:05.290Z
1.6704641580581665,0.598637044429779,offload,25.32391166687012,2000.0,40.0,1.6703709363937378,0.0061219558119773,1.631753921508789,True,1.0,1.6704641580581665,acdnet,3.87116289138794,70.0,pytorch,178773.609375,1.100634217262268,0.8562103509902954,400.0,1.0,1.0,1.0,668.1856689453125,500.0,250210_acd_onoffbench.csv,1.6702234745025637,2025-03-20T16:05:05.290Z
1.7168774604797363,0.5824598670005798,offload,42.26535034179688,4000.0,40.0,1.7168006896972656,0.0063068340532481,1.6753573417663574,True,6.0,1.7168774604797363,acdnet,3.812791109085083,70.0,pytorch,178773.609375,1.0815153121948242,0.8330546617507935,400.0,1.0,1.0,1.0,686.7509765625,500.0,250210_acd_onoffbench.csv,1.7169584035873413,2025-03-20T16:05:05.290Z
1.711259126663208,0.5843702554702759,offload,42.81592178344727,2000.0,40.0,1.7111512422561646,0.0064243082888424,1.6696538925170898,True,6.0,1.711259126663208,acdnet,3.8135523796081534,70.0,pytorch,178773.609375,1.0835648775100708,0.8358050584793091,400.0,1.0,1.0,1.0,684.503662109375,500.0,250210_acd_onoffbench.csv,1.7125706672668457,2025-03-20T16:05:05.290Z
0.0653975009918212,15.801525115966797,offload,495.3398132324219,4000.0,100.0,0.0652896240353584,0.0357171408832073,0.0414893627166748,True,3.0,0.0653975009918212,acdnet,3.880514621734619,40.0,pytorch,178773.609375,23.498201370239254,21.90530014038086,400.0,1.0,1.0,70.0,26.15900039672852,500.0,250210_acd_onoffbench.csv,0.0652023181319236,2025-03-20T16:05:05.290Z
0.076766662299633,13.954625129699709,offload,344.6600952148437,2000.0,100.0,0.0766829848289489,0.0293351896107196,0.0453330874443054,True,1.0,0.076766662299633,acdnet,3.8654208183288574,40.0,pytorch,178773.609375,20.440746307373047,18.65066719055176,400.0,1.0,1.0,70.0,30.706666946411133,500.0,250210_acd_onoffbench.csv,0.0682193040847778,2025-03-20T16:05:05.290Z
0.069812498986721,14.555542945861816,offload,360.8135986328125,4000.0,100.0,0.0697103142738342,0.0207527838647365,0.0455360263586044,True,1.0,0.069812498986721,acdnet,3.764023542404175,40.0,pytorch,178773.609375,20.57372283935547,20.51617431640625,400.0,1.0,1.0,70.0,27.924999237060547,500.0,250210_acd_onoffbench.csv,0.0700597986578941,2025-03-20T16:05:05.290Z
0.0658533349633216,15.44316291809082,offload,710.6558227539062,4000.0,100.0,0.065676063299179,0.0191675834357738,0.0408993922173976,True,6.0,0.0658533349633216,acdnet,4.152732849121094,40.0,pytorch,178773.609375,20.851659774780277,21.77640914916992,400.0,1.0,1.0,70.0,26.341333389282227,500.0,250210_acd_onoffbench.csv,0.0648321434855461,2025-03-20T16:05:05.290Z
0.068590834736824,14.781158447265623,offload,612.8714599609375,2000.0,100.0,0.0685164928436279,0.0356285981833934,0.044856134802103,True,6.0,0.068590834736824,acdnet,3.9850478172302246,40.0,pytorch,178773.609375,21.29279518127441,20.87364387512207,400.0,1.0,1.0,70.0,27.43633270263672,500.0,250210_acd_onoffbench.csv,0.0683029294013977,2025-03-20T16:05:05.290Z
0.084906667470932,11.799349784851074,offload,375.759765625,4000.0,100.0,0.0847939029335975,0.024992000311613,0.0598983131349086,True,3.0,0.084906667470932,acdnet,3.758819103240967,40.0,pytorch,178773.609375,16.16008758544922,16.866647720336914,400.0,1.0,1.0,30.0,33.96266555786133,500.0,250210_acd_onoffbench.csv,0.0861626416444778,2025-03-20T16:05:05.290Z
0.0685158371925354,14.848834991455078,offload,390.2214050292969,4000.0,100.0,0.068426713347435,0.0245712306350469,0.0432856753468513,True,1.0,0.0685158371925354,acdnet,4.154512405395508,40.0,pytorch,178773.609375,21.011137008666992,20.901031494140625,400.0,1.0,1.0,30.0,27.406333923339844,500.0,250210_acd_onoffbench.csv,0.0677218958735466,2025-03-20T16:05:05.290Z
0.1054866686463356,9.729780197143556,offload,315.5909118652344,2000.0,100.0,0.1053524389863014,0.015187993645668,0.0795031934976577,True,3.0,0.1054866686463356,acdnet,3.844585418701172,40.0,pytorch,178773.609375,14.707490921020508,13.57528018951416,400.0,1.0,1.0,70.0,42.19466781616211,500.0,250210_acd_onoffbench.csv,0.1054550781846046,2025-03-20T16:05:05.290Z
0.0756250023841857,13.36323070526123,offload,596.9639282226562,2000.0,100.0,0.0755477175116539,0.0163591299206018,0.0500053577125072,True,6.0,0.0756250023841857,acdnet,3.86644458770752,40.0,pytorch,178773.609375,17.679309844970703,18.93093490600586,400.0,1.0,1.0,30.0,30.25,500.0,250210_acd_onoffbench.csv,0.0756857618689537,2025-03-20T16:05:05.290Z
0.0700041651725769,14.642115592956545,offload,494.60980224609375,2000.0,100.0,0.0698974430561065,0.024210300296545,0.044144619256258,True,3.0,0.0700041651725769,acdnet,4.200286388397217,40.0,pytorch,178773.609375,20.30643653869629,20.46124649047852,400.0,1.0,1.0,30.0,28.00166702270508,500.0,250210_acd_onoffbench.csv,0.0694827586412429,2025-03-20T16:05:05.290Z
0.0740533322095871,13.837257385253906,offload,382.46533203125,2000.0,100.0,0.0739563927054405,0.0168372485786676,0.0493586510419845,True,1.0,0.0740533322095871,acdnet,3.798951148986816,40.0,pytorch,178773.609375,21.13957405090332,19.338274002075195,400.0,1.0,1.0,30.0,29.62133407592773,500.0,250210_acd_onoffbench.csv,0.0754230171442031,2025-03-20T16:05:05.290Z
0.1114316657185554,9.3336763381958,offload,462.8155517578125,4000.0,100.0,0.1113069355487823,0.0226655974984169,0.0849034935235977,True,6.0,0.1114316657185554,acdnet,3.797422170639038,40.0,pytorch,178773.609375,14.244824409484863,12.849054336547852,400.0,1.0,1.0,30.0,44.57266616821289,500.0,250210_acd_onoffbench.csv,0.1111443564295768,2025-03-20T16:05:05.290Z
0.1116308346390724,8.971171379089355,offload,454.4793090820313,4000.0,100.0,0.1115243434906005,0.0173482540994882,0.0835566744208335,True,6.0,0.1116308346390724,acdnet,4.197535991668701,40.0,pytorch,178773.609375,13.464147567749023,12.82400608062744,400.0,1.0,1.0,15.0,44.6523323059082,500.0,250210_acd_onoffbench.csv,0.1106556951999664,2025-03-20T16:05:05.290Z
0.121579997241497,8.259201049804688,offload,319.7675476074219,4000.0,100.0,0.1214793249964714,0.014667366631329,0.0943439081311225,True,3.0,0.121579997241497,acdnet,3.740977764129639,40.0,pytorch,178773.609375,12.693363189697266,11.77310562133789,400.0,1.0,1.0,15.0,48.63199996948242,500.0,250210_acd_onoffbench.csv,0.1224736347794532,2025-03-20T16:05:05.290Z
0.1446141600608825,6.923728942871094,offload,222.8751983642578,2000.0,100.0,0.1445289850234985,0.0162807460874319,0.1171090379357338,True,1.0,0.1446141600608825,acdnet,3.7772586345672607,40.0,pytorch,178773.609375,10.988088607788086,9.895516395568848,400.0,1.0,1.0,15.0,57.845664978027344,500.0,250210_acd_onoffbench.csv,0.1451319903135299,2025-03-20T16:05:05.290Z
0.1508416682481765,6.6436448097229,offload,197.7799835205078,4000.0,100.0,0.1507540941238403,0.0206238664686679,0.1234987005591392,True,1.0,0.1508416682481765,acdnet,3.810716390609741,40.0,pytorch,178773.609375,10.183743476867676,9.486898422241213,400.0,1.0,1.0,15.0,60.33666610717773,500.0,250210_acd_onoffbench.csv,0.1513552069664001,2025-03-20T16:05:05.290Z
0.1294050067663192,7.770073413848877,offload,380.0556640625,2000.0,100.0,0.1293146908283233,0.0270137656480073,0.1009753420948982,True,6.0,0.1294050067663192,acdnet,3.736482858657837,40.0,pytorch,178773.609375,11.676559448242188,11.0597562789917,400.0,1.0,1.0,15.0,51.762001037597656,500.0,250210_acd_onoffbench.csv,0.1290212720632553,2025-03-20T16:05:05.290Z
0.1519258320331573,6.615584850311279,offload,237.138427734375,2000.0,100.0,0.1518066525459289,0.0156386401504278,0.1235604733228683,True,3.0,0.1519258320331573,acdnet,3.8234596252441406,40.0,pytorch,178773.609375,10.080692291259766,9.421120643615724,400.0,1.0,1.0,15.0,60.77033233642578,500.0,250210_acd_onoffbench.csv,0.1516240686178207,2025-03-20T16:05:05.290Z
0.1632508337497711,6.125718593597412,offload,201.9239044189453,4000.0,100.0,0.1630865186452865,0.0294025149196386,0.1317653059959411,True,1.0,0.1632508337497711,acdnet,4.171811580657959,40.0,pytorch,178773.609375,9.44154930114746,8.769510269165039,400.0,1.0,1.0,10.0,65.30033111572266,500.0,250210_acd_onoffbench.csv,0.1621064394712448,2025-03-20T16:05:05.290Z
0.191481664776802,5.223899364471436,offload,220.8523101806641,4000.0,100.0,0.1911768466234207,0.0290600098669528,0.1597329974174499,True,3.0,0.191481664776802,acdnet,3.778087615966797,40.0,pytorch,178773.609375,8.319073677062988,7.480973243713379,400.0,1.0,1.0,10.0,76.59266662597656,500.0,250210_acd_onoffbench.csv,0.192057117819786,2025-03-20T16:05:05.290Z
0.1711525022983551,5.872703075408936,offload,249.54612731933597,2000.0,100.0,0.1710570901632309,0.0486678294837474,0.132872849702835,True,3.0,0.1711525022983551,acdnet,4.154911994934082,40.0,pytorch,178773.609375,9.383017539978027,8.360886573791504,400.0,1.0,1.0,10.0,68.46099853515625,500.0,250210_acd_onoffbench.csv,0.1620207130908966,2025-03-20T16:05:05.290Z
0.1751025021076202,5.723066329956055,offload,183.45118713378903,2000.0,100.0,0.1750151515007019,0.0357340462505817,0.1437317132949829,True,1.0,0.1751025021076202,acdnet,3.9075748920440674,40.0,pytorch,178773.609375,8.85140609741211,8.17180061340332,400.0,1.0,1.0,10.0,70.04100036621094,500.0,250210_acd_onoffbench.csv,0.1748842746019363,2025-03-20T16:05:05.290Z
0.1915183365345001,5.238254547119141,offload,283.10919189453125,4000.0,100.0,0.1914387643337249,0.0209122262895107,0.1585164666175842,True,6.0,0.1915183365345001,acdnet,3.789087057113648,40.0,pytorch,178773.609375,7.978607177734375,7.470737934112549,400.0,1.0,1.0,10.0,76.60733032226562,500.0,250210_acd_onoffbench.csv,0.1930007338523864,2025-03-20T16:05:05.290Z
0.1970783323049545,5.0885910987854,offload,274.9095764160156,2000.0,100.0,0.1969978958368301,0.0340714305639267,0.1640785932540893,True,6.0,0.1970783323049545,acdnet,3.759574890136719,40.0,pytorch,178773.609375,7.964914798736572,7.259919166564941,400.0,1.0,1.0,10.0,78.83132934570312,500.0,250210_acd_onoffbench.csv,0.1965053528547287,2025-03-20T16:05:05.290Z
0.3201033174991607,3.123995065689087,offload,189.52963256835935,4000.0,100.0,0.3200361728668213,0.3569376468658447,0.2751405239105224,True,6.0,0.3201033174991607,acdnet,4.2852935791015625,40.0,pytorch,178773.609375,5.1131768226623535,4.468835353851318,400.0,1.0,1.0,5.0,128.04132080078125,500.0,250210_acd_onoffbench.csv,0.3187815248966217,2025-03-20T16:05:05.290Z
0.3439991772174835,2.9071528911590576,offload,103.0741195678711,2000.0,100.0,0.3439050614833832,0.3286496698856354,0.3002837002277374,True,1.0,0.3439991772174835,acdnet,3.8410565853118896,40.0,pytorch,178773.609375,4.830927848815918,4.1586737632751465,400.0,1.0,1.0,5.0,137.59967041015625,500.0,250210_acd_onoffbench.csv,0.3440228104591369,2025-03-20T16:05:05.290Z
0.3333174884319305,3.0007448196411133,offload,128.16171264648438,4000.0,100.0,0.3332321643829345,0.3732303977012634,0.2887637615203857,True,3.0,0.3333174884319305,acdnet,3.7939646244049072,40.0,pytorch,178773.609375,4.955689430236816,4.291869163513184,400.0,1.0,1.0,5.0,133.32699584960938,500.0,250210_acd_onoffbench.csv,0.3330983221530914,2025-03-20T16:05:05.290Z
0.3422833383083343,2.9219188690185547,offload,97.50892639160156,4000.0,100.0,0.342185914516449,0.2475231885910034,0.3008012771606445,True,1.0,0.3422833383083343,acdnet,3.802008390426636,40.0,pytorch,178773.609375,4.837104797363281,4.179566860198975,400.0,1.0,1.0,5.0,136.913330078125,500.0,250210_acd_onoffbench.csv,0.3425389528274536,2025-03-20T16:05:05.290Z
0.3361433446407318,2.975398540496826,offload,177.1208038330078,2000.0,100.0,0.3360605835914612,0.011074461042881,0.3034359216690063,True,6.0,0.3361433446407318,acdnet,3.831871032714844,40.0,pytorch,178773.609375,4.943567752838135,4.255747318267822,400.0,1.0,1.0,5.0,134.45733642578125,500.0,250210_acd_onoffbench.csv,0.3364194631576538,2025-03-20T16:05:05.290Z
0.3457741737365722,2.894408702850342,offload,122.3485870361328,2000.0,100.0,0.3457032740116119,0.0079410998150706,0.3157281875610351,True,3.0,0.3457741737365722,acdnet,3.8274524211883545,40.0,pytorch,178773.609375,4.8089776039123535,4.137042045593262,400.0,1.0,1.0,5.0,138.30966186523438,500.0,250210_acd_onoffbench.csv,0.3454317152500152,2025-03-20T16:05:05.290Z
0.5342925190925598,1.87163519859314,offload,69.86907958984375,4000.0,100.0,0.5342116355895996,0.0094145154580473,0.5008999109268188,True,1.0,0.5342925190925598,acdnet,4.1993913650512695,40.0,pytorch,178773.609375,3.188652515411377,2.677195310592652,400.0,1.0,1.0,3.0,213.71701049804688,500.0,250210_acd_onoffbench.csv,0.5333121418952942,2025-03-20T16:05:05.290Z
0.5609549880027771,1.7829221487045288,offload,81.75056457519531,4000.0,100.0,0.5608730912208557,0.0060561755672097,0.5278196930885315,True,3.0,0.5609549880027771,acdnet,3.7995216846466064,40.0,pytorch,178773.609375,3.1327693462371826,2.5499329566955566,400.0,1.0,1.0,3.0,224.3820037841797,500.0,250210_acd_onoffbench.csv,0.5612187385559082,2025-03-20T16:05:05.290Z
0.5347266793251038,1.870115041732788,offload,88.85699462890625,2000.0,100.0,0.5346583127975464,0.0959188118577003,0.4880785942077636,True,3.0,0.5347266793251038,acdnet,4.194216728210449,40.0,pytorch,178773.609375,3.209075450897217,2.6749584674835205,400.0,1.0,1.0,3.0,213.8906707763672,500.0,250210_acd_onoffbench.csv,0.5338950157165527,2025-03-20T16:05:05.290Z
0.5482058525085449,1.824161410331726,offload,66.1834716796875,2000.0,100.0,0.5481385588645935,0.1111129596829414,0.5016757845878601,True,1.0,0.5482058525085449,acdnet,3.893765687942505,40.0,pytorch,178773.609375,3.17211389541626,2.6091740131378174,400.0,1.0,1.0,3.0,219.28233337402344,500.0,250210_acd_onoffbench.csv,0.548028826713562,2025-03-20T16:05:05.290Z
0.5668983459472656,1.7640032768249512,offload,111.62964630126952,4000.0,100.0,0.5668035745620728,0.0814464688301086,0.5205546617507935,True,6.0,0.5668983459472656,acdnet,3.87518835067749,40.0,pytorch,178773.609375,3.103511333465576,2.5232532024383545,400.0,1.0,1.0,3.0,226.75933837890625,500.0,250210_acd_onoffbench.csv,0.5683101415634155,2025-03-20T16:05:05.290Z
0.5589183568954468,1.7892755270004272,offload,115.09465026855467,2000.0,100.0,0.5588365793228149,0.1118286326527595,0.5079161524772644,True,6.0,0.5589183568954468,acdnet,3.839782953262329,40.0,pytorch,178773.609375,3.115248680114746,2.5592257976531982,400.0,1.0,1.0,3.0,223.5673370361328,500.0,250210_acd_onoffbench.csv,0.5586942434310913,2025-03-20T16:05:05.290Z
1.6166841983795166,0.61855548620224,offload,43.20429229736328,4000.0,100.0,1.616614580154419,0.0061979671008884,1.5770704746246338,True,6.0,1.6166841983795166,acdnet,3.996074676513672,40.0,pytorch,178773.609375,1.1307973861694336,0.8846814036369324,400.0,1.0,1.0,1.0,646.6736450195312,500.0,250210_acd_onoffbench.csv,1.6154494285583496,2025-03-20T16:05:05.290Z
1.6718599796295166,0.5981372594833374,offload,30.584300994873047,4000.0,100.0,1.6717565059661863,0.0059260390698909,1.6329745054244995,True,3.0,1.6718599796295166,acdnet,3.875866413116455,40.0,pytorch,178773.609375,1.0970745086669922,0.8555007576942444,400.0,1.0,1.0,1.0,668.7440185546875,500.0,250210_acd_onoffbench.csv,1.6730750799179075,2025-03-20T16:05:05.290Z
1.7100424766540527,0.5847918391227722,offload,24.50878143310547,4000.0,100.0,1.7099539041519165,0.006323292851448,1.67308247089386,True,1.0,1.7100424766540527,acdnet,3.865834951400757,40.0,pytorch,178773.609375,1.076979398727417,0.8363903164863586,400.0,1.0,1.0,1.0,684.0170288085938,500.0,250210_acd_onoffbench.csv,1.7097550630569458,2025-03-20T16:05:05.290Z
1.7104333639144895,0.5846650004386902,offload,25.099929809570312,2000.0,100.0,1.7103588581085205,0.006398715544492,1.671764254570007,True,1.0,1.7104333639144895,acdnet,3.872626304626465,40.0,pytorch,178773.609375,1.078254222869873,0.8361923098564148,400.0,1.0,1.0,1.0,684.17333984375,500.0,250210_acd_onoffbench.csv,1.7101837396621704,2025-03-20T16:05:05.290Z
0.0727566629648208,13.783770561218262,offload,399.9627075195313,4000.0,70.0,0.0726567283272743,0.0260287951678037,0.0466968715190887,True,1.0,0.0727566629648208,acdnet,4.216574192047119,40.0,pytorch,178773.609375,19.77528381347656,19.68419075012207,400.0,1.0,1.0,70.0,29.1026668548584,500.0,250210_acd_onoffbench.csv,0.0717576891183853,2025-03-20T16:05:05.290Z
0.078363336622715,12.84526252746582,offload,435.3410949707031,4000.0,70.0,0.0782635360956192,0.0283358730375766,0.054851621389389,True,3.0,0.078363336622715,acdnet,3.872239589691162,40.0,pytorch,178773.609375,17.904001235961914,18.27401351928711,400.0,1.0,1.0,70.0,31.345333099365234,500.0,250210_acd_onoffbench.csv,0.0780887752771377,2025-03-20T16:05:05.290Z
1.673420786857605,0.5975807309150696,offload,41.35657501220703,2000.0,100.0,1.6733484268188477,0.0066314861178398,1.6337811946868896,True,6.0,1.673420786857605,acdnet,3.863377809524536,40.0,pytorch,178773.609375,1.0995887517929075,0.8546867966651917,400.0,1.0,1.0,1.0,669.3683471679688,500.0,250210_acd_onoffbench.csv,1.673052430152893,2025-03-20T16:05:05.290Z
1.719133377075195,0.5817073583602905,offload,29.917144775390625,2000.0,100.0,1.7190507650375366,0.0055369762703776,1.680980205535889,True,3.0,1.719133377075195,acdnet,3.741533517837525,40.0,pytorch,178773.609375,1.0800352096557615,0.8319643139839172,400.0,1.0,1.0,1.0,687.6533203125,500.0,250210_acd_onoffbench.csv,1.7200329303741455,2025-03-20T16:05:05.290Z
0.0574316643178463,17.699615478515625,offload,747.9642333984375,2000.0,70.0,0.0573275238275527,0.0208210945129394,0.0339042320847511,True,6.0,0.0574316643178463,acdnet,3.805927038192749,40.0,pytorch,178773.609375,25.875953674316406,24.947681427001957,400.0,1.0,1.0,70.0,22.972665786743164,500.0,250210_acd_onoffbench.csv,0.0580170713365078,2025-03-20T16:05:05.290Z
0.0555466637015342,18.209585189819336,offload,447.3720703125,2000.0,70.0,0.0554390288889408,0.0225731618702411,0.0335886888206005,True,1.0,0.0555466637015342,acdnet,3.8020639419555664,40.0,pytorch,178773.609375,24.05908203125,25.797510147094727,400.0,1.0,1.0,70.0,22.21866607666016,500.0,250210_acd_onoffbench.csv,0.0558646358549594,2025-03-20T16:05:05.290Z
0.0617966651916503,16.182302474975586,offload,577.2554321289062,2000.0,70.0,0.0616651587188243,0.0269946232438087,0.0368975028395652,True,3.0,0.0617966651916503,acdnet,4.210073947906494,40.0,pytorch,178773.609375,23.56631088256836,23.192819595336918,400.0,1.0,1.0,70.0,24.71866607666016,500.0,250210_acd_onoffbench.csv,0.0607948862016201,2025-03-20T16:05:05.290Z
0.0912433341145515,10.9833345413208,offload,498.7640380859375,4000.0,70.0,0.0911385864019393,0.0201324243098497,0.0652173087000846,True,6.0,0.0912433341145515,acdnet,3.787330389022827,40.0,pytorch,178773.609375,16.55638313293457,15.692462921142578,400.0,1.0,1.0,70.0,36.49733352661133,500.0,250210_acd_onoffbench.csv,0.0918869227170944,2025-03-20T16:05:05.290Z
0.0632208362221717,15.896003723144531,offload,716.4208984375,4000.0,70.0,0.0631095767021179,0.0247538648545742,0.0371457748115062,True,6.0,0.0632208362221717,acdnet,4.1597394943237305,40.0,pytorch,178773.609375,22.24838638305664,22.6619930267334,400.0,1.0,1.0,30.0,25.288333892822266,500.0,250210_acd_onoffbench.csv,0.062338039278984,2025-03-20T16:05:05.290Z
0.0802424997091293,12.560548782348633,offload,342.8561096191406,2000.0,70.0,0.0801487192511558,0.0182874538004398,0.0553789734840393,True,1.0,0.0802424997091293,acdnet,3.878390073776245,40.0,pytorch,178773.609375,18.92263412475586,17.844188690185547,400.0,1.0,1.0,30.0,32.09700012207031,500.0,250210_acd_onoffbench.csv,0.0802749842405319,2025-03-20T16:05:05.290Z
0.0901016667485237,11.11670970916748,offload,314.8252868652344,4000.0,70.0,0.0900259390473365,0.0202745385468006,0.0647506639361381,True,1.0,0.0901016667485237,acdnet,3.8088631629943848,40.0,pytorch,178773.609375,16.451580047607422,15.886408805847168,400.0,1.0,1.0,30.0,36.04066848754883,500.0,250210_acd_onoffbench.csv,0.0911913365125656,2025-03-20T16:05:05.290Z
0.0811325013637542,12.373854637145996,offload,452.81243896484375,4000.0,70.0,0.0810579508543014,0.0202917363494634,0.0559555366635322,True,3.0,0.0811325013637542,acdnet,3.803574085235596,40.0,pytorch,178773.609375,17.501575469970703,17.64402961730957,400.0,1.0,1.0,30.0,32.452999114990234,500.0,250210_acd_onoffbench.csv,0.0820540636777877,2025-03-20T16:05:05.290Z
0.0827175006270408,12.09610080718994,offload,354.2191467285156,2000.0,70.0,0.0825568214058876,0.0254233237355947,0.0576504617929458,True,3.0,0.0827175006270408,acdnet,3.865187168121338,40.0,pytorch,178773.609375,17.79979133605957,17.323692321777344,400.0,1.0,1.0,30.0,33.08700180053711,500.0,250210_acd_onoffbench.csv,0.0824081674218177,2025-03-20T16:05:05.290Z
0.0735441669821739,13.654302597045898,offload,540.3751220703125,2000.0,70.0,0.0734521746635437,0.0273482147604227,0.0494887828826904,True,6.0,0.0735441669821739,acdnet,3.8384652137756343,40.0,pytorch,178773.609375,21.053855895996094,19.47102165222168,400.0,1.0,1.0,30.0,29.417667388916016,500.0,250210_acd_onoffbench.csv,0.0732173174619674,2025-03-20T16:05:05.290Z
0.1098933294415474,9.099835395812988,offload,279.66119384765625,4000.0,70.0,0.1097867041826248,0.0171449165791273,0.081599049270153,True,1.0,0.1098933294415474,acdnet,4.166250228881836,40.0,pytorch,178773.609375,13.603680610656738,13.0269775390625,400.0,1.0,1.0,15.0,43.957332611083984,500.0,250210_acd_onoffbench.csv,0.1089069992303848,2025-03-20T16:05:05.290Z
0.1474325060844421,6.831220626831055,offload,280.5406494140625,4000.0,70.0,0.1473072916269302,0.0170719902962446,0.1185993403196334,True,3.0,0.1474325060844421,acdnet,3.771383047103882,40.0,pytorch,178773.609375,10.69977855682373,9.708880424499512,400.0,1.0,1.0,15.0,58.97299957275391,500.0,250210_acd_onoffbench.csv,0.1472117453813552,2025-03-20T16:05:05.290Z
0.115575835108757,8.654966354370117,offload,337.0577392578125,2000.0,70.0,0.1154807955026626,0.0202535297721624,0.0880325436592102,True,3.0,0.115575835108757,acdnet,4.148204803466797,40.0,pytorch,178773.609375,12.776618003845217,12.38464641571045,400.0,1.0,1.0,15.0,46.23033142089844,500.0,250210_acd_onoffbench.csv,0.1145639047026634,2025-03-20T16:05:05.290Z
0.13680499792099,7.335088729858398,offload,369.68402099609375,4000.0,70.0,0.1366873681545257,0.0175337605178356,0.1095455959439277,True,6.0,0.13680499792099,acdnet,3.792514324188232,40.0,pytorch,178773.609375,11.588908195495604,10.463211059570312,400.0,1.0,1.0,15.0,54.72200012207031,500.0,250210_acd_onoffbench.csv,0.1365497261285781,2025-03-20T16:05:05.290Z
0.1346966624259948,7.450298309326172,offload,233.4215240478516,2000.0,70.0,0.1346151977777481,0.0191807262599468,0.1068191602826118,True,1.0,0.1346966624259948,acdnet,3.774228572845459,40.0,pytorch,178773.609375,11.882184028625488,10.624275207519531,400.0,1.0,1.0,15.0,53.878665924072266,500.0,250210_acd_onoffbench.csv,0.1345128864049911,2025-03-20T16:05:05.290Z
0.1456458419561386,6.905240535736084,offload,340.3417663574219,2000.0,70.0,0.1455482393503189,0.0181746035814285,0.1173024699091911,True,6.0,0.1456458419561386,acdnet,3.801534414291382,40.0,pytorch,178773.609375,10.918142318725586,9.82621955871582,400.0,1.0,1.0,15.0,58.25833511352539,500.0,250210_acd_onoffbench.csv,0.1471602916717529,2025-03-20T16:05:05.290Z
0.1618150025606155,6.1811299324035645,offload,362.4274291992188,4000.0,70.0,0.1617381572723388,0.0151003329083323,0.132108524441719,True,6.0,0.1618150025606155,acdnet,4.213570594787598,40.0,pytorch,178773.609375,9.590344429016112,8.842618942260742,400.0,1.0,1.0,10.0,64.72599792480469,500.0,250210_acd_onoffbench.csv,0.1606991440057754,2025-03-20T16:05:05.290Z
0.1795624941587448,5.56916093826294,offload,209.7734222412109,4000.0,70.0,0.1794776618480682,0.0120110092684626,0.1514742374420166,True,3.0,0.1795624941587448,acdnet,3.914726734161377,40.0,pytorch,178773.609375,8.845966339111328,7.968617916107178,400.0,1.0,1.0,10.0,71.82499694824219,500.0,250210_acd_onoffbench.csv,0.1800823509693145,2025-03-20T16:05:05.290Z
0.1995941549539566,5.020569324493408,offload,155.41551208496094,4000.0,70.0,0.1995068192481994,0.0112522486597299,0.1729409396648407,True,1.0,0.1995941549539566,acdnet,3.8360888957977295,40.0,pytorch,178773.609375,8.024895668029785,7.16862154006958,400.0,1.0,1.0,10.0,79.83766174316406,500.0,250210_acd_onoffbench.csv,0.1998683214187622,2025-03-20T16:05:05.290Z
0.1944741606712341,5.14435338973999,offload,167.8789825439453,2000.0,70.0,0.1943996846675872,0.0066264010965824,0.1665126085281372,True,1.0,0.1944741606712341,acdnet,3.76231861114502,40.0,pytorch,178773.609375,8.264793395996094,7.356950759887695,400.0,1.0,1.0,10.0,77.78966522216797,500.0,250210_acd_onoffbench.csv,0.1947291493415832,2025-03-20T16:05:05.290Z
0.1806833297014236,5.545528888702393,offload,308.84002685546875,2000.0,70.0,0.1806172728538513,0.013179044239223,0.1517700254917144,True,6.0,0.1806833297014236,acdnet,3.796610116958618,40.0,pytorch,178773.609375,8.805171966552734,7.918339252471924,400.0,1.0,1.0,10.0,72.27333068847656,500.0,250210_acd_onoffbench.csv,0.1804206818342209,2025-03-20T16:05:05.290Z
0.2003691643476486,4.995377540588379,offload,200.22938537597656,2000.0,70.0,0.2002555876970291,0.0100381337106227,0.1729707419872284,True,3.0,0.2003691643476486,acdnet,3.777865171432495,40.0,pytorch,178773.609375,7.927779674530029,7.141817569732666,400.0,1.0,1.0,10.0,80.14766693115234,500.0,250210_acd_onoffbench.csv,0.2003424763679504,2025-03-20T16:05:05.290Z
0.3215391933917999,3.110070943832397,offload,115.16848754882812,4000.0,70.0,0.3214590847492218,0.0097666513174772,0.2910261154174804,True,1.0,0.3215391933917999,acdnet,4.071634769439697,40.0,pytorch,178773.609375,5.140082836151123,4.44905424118042,400.0,1.0,1.0,5.0,128.6156768798828,500.0,250210_acd_onoffbench.csv,0.320370078086853,2025-03-20T16:05:05.290Z
0.3469941616058349,2.887122631072998,offload,127.29782104492188,4000.0,70.0,0.3468900024890899,0.0064258510246872,0.3161240518093109,True,3.0,0.3469941616058349,acdnet,3.954812526702881,40.0,pytorch,178773.609375,4.807363033294678,4.122888565063477,400.0,1.0,1.0,5.0,138.79766845703125,500.0,250210_acd_onoffbench.csv,0.3469060063362121,2025-03-20T16:05:05.290Z
0.3200491666793823,3.1245551109313965,offload,141.16580200195312,2000.0,70.0,0.3199621737003326,0.0213857758790254,0.2847226858139038,True,3.0,0.3200491666793823,acdnet,4.144844055175781,40.0,pytorch,178773.609375,5.154810905456543,4.4698686599731445,400.0,1.0,1.0,5.0,128.01966857910156,500.0,250210_acd_onoffbench.csv,0.3187984526157379,2025-03-20T16:05:05.290Z
0.3325025141239166,3.0075180530548096,offload,102.33780670166016,2000.0,70.0,0.3324137926101684,0.0193461440503597,0.2978515028953552,True,1.0,0.3325025141239166,acdnet,3.885666608810425,40.0,pytorch,178773.609375,4.988342761993408,4.302435398101807,400.0,1.0,1.0,5.0,133.00100708007812,500.0,250210_acd_onoffbench.csv,0.3328152000904083,2025-03-20T16:05:05.290Z
0.3434475064277649,2.911821126937866,offload,169.61341857910156,4000.0,70.0,0.3433655500411987,0.0204819086939096,0.3081227540969848,True,6.0,0.3434475064277649,acdnet,3.76472806930542,40.0,pytorch,178773.609375,4.750561237335205,4.165207862854004,400.0,1.0,1.0,5.0,137.37899780273438,500.0,250210_acd_onoffbench.csv,0.3432855010032654,2025-03-20T16:05:05.290Z
0.3479225039482116,2.878074407577514,offload,181.0867919921875,2000.0,70.0,0.3478193283081054,0.0212014894932508,0.310919851064682,True,6.0,0.3479225039482116,acdnet,3.7697677612304688,40.0,pytorch,178773.609375,4.749042510986328,4.111873149871826,400.0,1.0,1.0,5.0,139.16900634765625,500.0,250210_acd_onoffbench.csv,0.3476105332374573,2025-03-20T16:05:05.290Z
0.5356141924858093,1.8670204877853396,offload,120.32913970947266,4000.0,70.0,0.5355441570281982,0.197545900940895,0.4855305254459381,True,6.0,0.5356141924858093,acdnet,4.331943988800049,40.0,pytorch,178773.609375,3.185567140579224,2.6705338954925537,400.0,1.0,1.0,3.0,214.24566650390625,500.0,250210_acd_onoffbench.csv,0.5338775515556335,2025-03-20T16:05:05.290Z
0.5538791418075562,1.8055611848831177,offload,79.0962142944336,4000.0,70.0,0.5538054704666138,0.1732037663459777,0.506166398525238,True,3.0,0.5538791418075562,acdnet,3.837836503982544,40.0,pytorch,178773.609375,3.149700880050659,2.582475185394287,400.0,1.0,1.0,3.0,221.5516662597656,500.0,250210_acd_onoffbench.csv,0.55356365442276,2025-03-20T16:05:05.290Z
0.5594725012779236,1.7874395847320557,offload,63.58911895751953,4000.0,70.0,0.559389054775238,0.18203005194664,0.5123469829559326,True,1.0,0.5594725012779236,acdnet,3.794403314590454,40.0,pytorch,178773.609375,3.152790069580078,2.5566980838775635,400.0,1.0,1.0,3.0,223.78900146484372,500.0,250210_acd_onoffbench.csv,0.5604202151298523,2025-03-20T16:05:05.290Z
0.5578583478927612,1.7925928831100464,offload,66.84368133544922,2000.0,70.0,0.5577864050865173,0.1705863624811172,0.5095705389976501,True,1.0,0.5578583478927612,acdnet,3.6747121810913086,40.0,pytorch,178773.609375,3.178156852722168,2.5640439987182617,400.0,1.0,1.0,3.0,223.1433258056641,500.0,250210_acd_onoffbench.csv,0.5586382150650024,2025-03-20T16:05:05.290Z
0.5638825297355652,1.7735509872436523,offload,78.78763580322266,2000.0,70.0,0.5637843608856201,0.0078484090045094,0.5321612358093262,True,3.0,0.5638825297355652,acdnet,3.8664357662200928,40.0,pytorch,178773.609375,3.1325786113739014,2.5367655754089355,400.0,1.0,1.0,3.0,225.55300903320312,500.0,250210_acd_onoffbench.csv,0.5643678903579712,2025-03-20T16:05:05.290Z
0.5533491373062134,1.8072025775909424,offload,113.08885955810548,2000.0,70.0,0.5532744526863098,0.0068897800520062,0.5203340649604797,True,6.0,0.5533491373062134,acdnet,3.862233877182007,40.0,pytorch,178773.609375,3.162214994430542,2.584953784942627,400.0,1.0,1.0,3.0,221.33966064453125,500.0,250210_acd_onoffbench.csv,0.5538076758384705,2025-03-20T16:05:05.290Z
1.6206916570663452,0.6170291304588318,offload,26.93393898010254,4000.0,70.0,1.6206130981445312,0.0067295753397047,1.5827958583831787,True,1.0,1.6206916570663452,acdnet,4.273705959320068,40.0,pytorch,178773.609375,1.1251533031463623,0.8824986219406128,400.0,1.0,1.0,1.0,648.2766723632812,500.0,250210_acd_onoffbench.csv,1.6191271543502808,2025-03-20T16:05:05.290Z
1.6389716863632202,0.6103290319442749,offload,31.715028762817383,2000.0,100.0,1.6388776302337646,0.0286733694374561,1.5849552154541016,True,3.0,1.6389716863632202,acdnet,4.167350769042969,70.0,pytorch,178773.609375,1.119350552558899,0.8726636171340942,400.0,1.0,1.0,1.0,655.5886840820312,500.0,250210_acd_onoffbench.csv,1.6377778053283691,2025-03-20T16:05:05.290Z
1.6921675205230713,0.5910019874572754,offload,25.758338928222656,2000.0,100.0,1.6920427083969116,0.0206127241253852,1.6392850875854492,True,1.0,1.6921675205230713,acdnet,3.847365140914917,70.0,pytorch,178773.609375,1.0883947610855105,0.8452439308166504,400.0,1.0,1.0,1.0,676.8670043945312,500.0,250210_acd_onoffbench.csv,1.6918675899505615,2025-03-20T16:05:05.290Z
1.712457537651062,0.5839621424674988,offload,43.29904556274414,2000.0,100.0,1.712375283241272,0.0218109916895627,1.6563817262649536,True,6.0,1.712457537651062,acdnet,3.96533727645874,70.0,pytorch,178773.609375,1.081641674041748,0.8352076411247253,400.0,1.0,1.0,1.0,684.9829711914062,500.0,250210_acd_onoffbench.csv,1.713399887084961,2025-03-20T16:05:05.290Z
1.723490834236145,0.5802435874938965,offload,42.54889678955078,4000.0,100.0,1.7233901023864746,0.0238715149462223,1.6676234006881714,True,6.0,1.723490834236145,acdnet,3.848688840866089,70.0,pytorch,178773.609375,1.0797375440597534,0.8298695087432861,400.0,1.0,1.0,1.0,689.3963623046875,500.0,250210_acd_onoffbench.csv,1.724139928817749,2025-03-20T16:05:05.290Z
0.0691749975085258,14.733194351196287,offload,517.4299926757812,4000.0,70.0,0.0690977126359939,0.0249188132584095,0.0442839227616786,True,3.0,0.0691749975085258,acdnet,3.8987534046173096,70.0,pytorch,178773.609375,21.129154205322266,20.69806289672852,400.0,1.0,1.0,70.0,27.670000076293945,500.0,250210_acd_onoffbench.csv,0.0688341781497001,2025-03-20T16:05:05.290Z
0.0850231274962425,12.174489974975586,offload,351.38507080078125,4000.0,70.0,0.084931269288063,0.0255251582711935,0.0601288825273513,True,1.0,0.0850231274962425,acdnet,3.757576942443848,70.0,pytorch,178773.609375,16.606430053710938,16.839366912841797,400.0,1.0,1.0,70.0,34.00925064086914,500.0,250210_acd_onoffbench.csv,0.0847958624362945,2025-03-20T16:05:05.290Z
0.0689525008201599,15.326305389404297,offload,725.6351318359375,4000.0,70.0,0.068655215203762,0.0285039134323596,0.0431081242859363,True,6.0,0.0689525008201599,acdnet,4.163493633270264,70.0,pytorch,178773.609375,22.619922637939453,20.831466674804688,400.0,1.0,1.0,70.0,27.58100128173828,500.0,250210_acd_onoffbench.csv,0.0677469000220298,2025-03-20T16:05:05.290Z
0.0722883343696594,14.75422191619873,offload,370.3194885253906,2000.0,70.0,0.0721663311123848,0.0284377895295619,0.0495486594736576,True,1.0,0.0722883343696594,acdnet,3.8265016078948975,70.0,pytorch,178773.609375,21.84053611755371,19.81795310974121,400.0,1.0,1.0,70.0,28.915332794189453,500.0,250210_acd_onoffbench.csv,0.0736348330974578,2025-03-20T16:05:05.290Z
0.0640933290123939,15.974541664123535,offload,707.3887939453125,2000.0,70.0,0.0639740675687789,0.0399476438760757,0.0402800105512142,True,6.0,0.0640933290123939,acdnet,3.89912748336792,70.0,pytorch,178773.609375,21.359130859375,22.355758666992188,400.0,1.0,1.0,70.0,25.63733291625977,500.0,250210_acd_onoffbench.csv,0.0637362450361251,2025-03-20T16:05:05.290Z
0.0657183304429054,15.497907638549805,offload,460.6128845214844,4000.0,70.0,0.0656119883060455,0.022004684433341,0.0396343655884265,True,1.0,0.0657183304429054,acdnet,4.148571491241455,70.0,pytorch,178773.609375,22.54120445251465,21.79767608642578,400.0,1.0,1.0,30.0,26.28733253479004,500.0,250210_acd_onoffbench.csv,0.0646769627928733,2025-03-20T16:05:05.290Z
0.1034716665744781,10.177496910095217,offload,388.3941345214844,2000.0,70.0,0.1033965721726417,0.0216095522046089,0.0774859189987182,True,3.0,0.1034716665744781,acdnet,3.6980714797973633,70.0,pytorch,178773.609375,14.412604331970217,13.832072257995604,400.0,1.0,1.0,70.0,41.388668060302734,500.0,250210_acd_onoffbench.csv,0.1032651886343956,2025-03-20T16:05:05.290Z
0.0908391699194908,11.02446746826172,offload,411.6018676757813,4000.0,70.0,0.0907356515526771,0.0223221741616725,0.0645819380879402,True,3.0,0.0908391699194908,acdnet,3.785012245178223,70.0,pytorch,178773.609375,16.453899383544922,15.7621488571167,400.0,1.0,1.0,30.0,36.33566665649414,500.0,250210_acd_onoffbench.csv,0.0898766070604324,2025-03-20T16:05:05.290Z
0.0580050013959407,17.276607513427734,offload,592.1682739257812,2000.0,70.0,0.0578621886670589,0.0327333509922027,0.0320066958665847,True,3.0,0.0580050013959407,acdnet,4.101473808288574,70.0,pytorch,178773.609375,24.22193717956543,24.717159271240234,400.0,1.0,1.0,30.0,23.20199966430664,500.0,250210_acd_onoffbench.csv,0.0570161156356334,2025-03-20T16:05:05.290Z
0.0946025028824806,10.869452476501465,offload,526.3258666992188,2000.0,70.0,0.094507098197937,0.0242187920957803,0.0681949704885482,True,6.0,0.0946025028824806,acdnet,3.9107260704040527,70.0,pytorch,178773.609375,16.325408935546875,15.133137702941896,400.0,1.0,1.0,30.0,37.84099960327149,500.0,250210_acd_onoffbench.csv,0.0943600088357925,2025-03-20T16:05:05.290Z
0.0921366661787033,11.755112648010254,offload,578.4645385742188,4000.0,70.0,0.0920440331101417,0.0179503932595253,0.0649778097867965,True,6.0,0.0921366661787033,acdnet,3.69479250907898,70.0,pytorch,178773.609375,17.208160400390625,15.538094520568848,400.0,1.0,1.0,30.0,36.85466766357422,500.0,250210_acd_onoffbench.csv,0.0934384018182754,2025-03-20T16:05:05.290Z
0.073775827884674,13.924421310424805,offload,397.0058288574219,2000.0,70.0,0.0736618414521217,0.0274019781500101,0.0485663823783397,True,1.0,0.073775827884674,acdnet,3.830386638641357,70.0,pytorch,178773.609375,21.00994300842285,19.415599822998047,400.0,1.0,1.0,30.0,29.510332107543945,500.0,250210_acd_onoffbench.csv,0.0735682100057601,2025-03-20T16:05:05.290Z
0.1142333298921585,8.776884078979492,offload,453.0043640136719,4000.0,70.0,0.1141004711389541,0.0212394297122955,0.0843321532011032,True,6.0,0.1142333298921585,acdnet,4.215447425842285,70.0,pytorch,178773.609375,12.949304580688477,12.534469604492188,400.0,1.0,1.0,15.0,45.69333267211914,500.0,250210_acd_onoffbench.csv,0.1132185906171798,2025-03-20T16:05:05.290Z
0.1342391669750213,7.476927280426025,offload,296.1278686523437,4000.0,70.0,0.1340987384319305,0.0190194379538297,0.1056697815656662,True,3.0,0.1342391669750213,acdnet,3.814176082611084,70.0,pytorch,178773.609375,11.674304008483888,10.66519260406494,400.0,1.0,1.0,15.0,53.6956672668457,500.0,250210_acd_onoffbench.csv,0.1339583992958068,2025-03-20T16:05:05.290Z
0.1453025043010711,6.9262471199035645,offload,218.73545837402344,4000.0,70.0,0.1452270746231079,0.0128631563857197,0.1170156598091125,True,1.0,0.1453025043010711,acdnet,3.639783143997192,70.0,pytorch,178773.609375,10.439400672912598,9.847949028015137,400.0,1.0,1.0,15.0,58.12099838256836,500.0,250210_acd_onoffbench.csv,0.145830288529396,2025-03-20T16:05:05.290Z
0.139222502708435,7.185410976409912,offload,234.20774841308597,2000.0,70.0,0.1391221135854721,0.0150395724922418,0.1111871227622032,True,1.0,0.139222502708435,acdnet,3.824326515197754,70.0,pytorch,178773.609375,11.266382217407228,10.28009796142578,400.0,1.0,1.0,15.0,55.68899917602539,500.0,250210_acd_onoffbench.csv,0.1390402168035507,2025-03-20T16:05:05.290Z
0.1273425072431564,7.866173267364502,offload,414.2232971191406,2000.0,70.0,0.1272463649511337,0.0142471343278884,0.0977455228567123,True,6.0,0.1273425072431564,acdnet,3.8291749954223633,70.0,pytorch,178773.609375,12.167738914489746,11.23952579498291,400.0,1.0,1.0,15.0,50.9370002746582,500.0,250210_acd_onoffbench.csv,0.1270360201597213,2025-03-20T16:05:05.290Z
0.1448083370923996,6.909022808074951,offload,278.2311706542969,2000.0,70.0,0.1447114199399948,0.0103005142882466,0.1154108494520187,True,3.0,0.1448083370923996,acdnet,3.7459194660186768,70.0,pytorch,178773.609375,10.354294776916504,9.88304042816162,400.0,1.0,1.0,15.0,57.92333221435547,500.0,250210_acd_onoffbench.csv,0.1468755453824997,2025-03-20T16:05:05.290Z
0.1620849967002868,6.171457290649414,offload,221.23696899414065,4000.0,70.0,0.1620022505521774,0.0144479572772979,0.1316724866628646,True,1.0,0.1620849967002868,acdnet,4.2283549308776855,70.0,pytorch,178773.609375,9.862274169921877,8.828204154968262,400.0,1.0,1.0,10.0,64.83399963378906,500.0,250210_acd_onoffbench.csv,0.1610371023416519,2025-03-20T16:05:05.290Z
0.1956875026226043,5.135180950164795,offload,215.65586853027344,4000.0,70.0,0.1956094950437545,0.012963187880814,0.1650692969560623,True,3.0,0.1956875026226043,acdnet,4.038360118865967,70.0,pytorch,178773.609375,8.078811645507812,7.3114495277404785,400.0,1.0,1.0,10.0,78.2750015258789,500.0,250210_acd_onoffbench.csv,0.1969985961914062,2025-03-20T16:05:05.290Z
0.1627733409404754,6.143758296966553,offload,261.10662841796875,2000.0,70.0,0.1626291573047638,0.0135136870667338,0.1318851113319397,True,3.0,0.1627733409404754,acdnet,4.029379367828369,70.0,pytorch,178773.609375,9.458086013793944,8.794173240661621,400.0,1.0,1.0,10.0,65.10933685302734,500.0,250210_acd_onoffbench.csv,0.1616140156984329,2025-03-20T16:05:05.290Z
0.1809499859809875,5.5365753173828125,offload,172.63626098632812,2000.0,70.0,0.1808640211820602,0.0131105873733758,0.1522108167409896,True,1.0,0.1809499859809875,acdnet,3.927868604660034,70.0,pytorch,178773.609375,8.56608772277832,7.90753698348999,400.0,1.0,1.0,10.0,72.37999725341797,500.0,250210_acd_onoffbench.csv,0.1807375997304916,2025-03-20T16:05:05.290Z
0.195977509021759,5.104677677154541,offload,267.1390380859375,4000.0,70.0,0.1958624124526977,0.0072330147959291,0.1669092923402786,True,6.0,0.195977509021759,acdnet,3.759731769561768,70.0,pytorch,178773.609375,8.066136360168457,7.302007675170898,400.0,1.0,1.0,10.0,78.39099884033203,500.0,250210_acd_onoffbench.csv,0.1974238902330398,2025-03-20T16:05:05.290Z
0.1992858350276947,5.034542083740234,offload,277.74853515625,2000.0,70.0,0.1989496052265167,0.0141230579465627,0.1670742779970169,True,6.0,0.1992858350276947,acdnet,4.013340950012207,70.0,pytorch,178773.609375,7.962884426116943,7.188699245452881,400.0,1.0,1.0,10.0,79.7143325805664,500.0,250210_acd_onoffbench.csv,0.1988042891025543,2025-03-20T16:05:05.290Z
0.3210349977016449,3.114933729171753,offload,192.7742919921875,4000.0,70.0,0.3208316266536712,0.008640662766993,0.2877269983291626,True,6.0,0.3210349977016449,acdnet,4.158423900604248,70.0,pytorch,178773.609375,5.066339015960693,4.457755088806152,400.0,1.0,1.0,5.0,128.41400146484375,500.0,250210_acd_onoffbench.csv,0.3195858895778656,2025-03-20T16:05:05.290Z
0.3503783345222473,2.8549253940582275,offload,99.84153747558594,4000.0,70.0,0.3503115773200989,0.0089759845286607,0.3201099038124084,True,1.0,0.3503783345222473,acdnet,3.738728284835816,70.0,pytorch,178773.609375,4.752518653869629,4.082619667053223,400.0,1.0,1.0,5.0,140.15133666992188,500.0,250210_acd_onoffbench.csv,0.3501165509223938,2025-03-20T16:05:05.290Z
0.3396191596984863,2.944547653198242,offload,134.7974853515625,4000.0,70.0,0.3395313918590545,0.0068061207421123,0.3066705465316772,True,3.0,0.3396191596984863,acdnet,3.722801923751831,70.0,pytorch,178773.609375,4.881612777709961,4.212243556976318,400.0,1.0,1.0,5.0,135.84767150878906,500.0,250210_acd_onoffbench.csv,0.3398949801921844,2025-03-20T16:05:05.290Z
0.3498699963092804,2.86140251159668,offload,103.4036865234375,2000.0,70.0,0.349785566329956,0.0074510904960334,0.3184019327163696,True,1.0,0.3498699963092804,acdnet,3.821078777313232,70.0,pytorch,178773.609375,4.775894165039063,4.088758945465088,400.0,1.0,1.0,5.0,139.947998046875,500.0,250210_acd_onoffbench.csv,0.3509084284305572,2025-03-20T16:05:05.290Z
0.3349825143814087,2.98560643196106,offload,178.054443359375,2000.0,70.0,0.3349211812019348,0.0091060288250446,0.301338791847229,True,6.0,0.3349825143814087,acdnet,3.86592435836792,70.0,pytorch,178773.609375,4.959197521209717,4.270225524902344,400.0,1.0,1.0,5.0,133.9929962158203,500.0,250210_acd_onoffbench.csv,0.3362560570240021,2025-03-20T16:05:05.290Z
0.351604163646698,2.8452320098876958,offload,122.18885040283205,2000.0,70.0,0.3515255451202392,0.0087039414793252,0.3202767670154571,True,3.0,0.351604163646698,acdnet,3.731754779815674,70.0,pytorch,178773.609375,4.677958488464356,4.068520545959473,400.0,1.0,1.0,5.0,140.64166259765625,500.0,250210_acd_onoffbench.csv,0.3516984581947326,2025-03-20T16:05:05.290Z
0.5343924760818481,1.8713001012802124,offload,72.5548324584961,4000.0,70.0,0.5343196988105774,0.0077977990731596,0.5005018711090088,True,1.0,0.5343924760818481,acdnet,4.127243041992188,70.0,pytorch,178773.609375,3.1932215690612797,2.676653861999512,400.0,1.0,1.0,3.0,213.7570037841797,500.0,250210_acd_onoffbench.csv,0.5328570008277893,2025-03-20T16:05:05.290Z
0.5626875162124634,1.777210354804993,offload,84.83407592773438,4000.0,70.0,0.5626069903373718,0.0079694110900163,0.5280077457427979,True,3.0,0.5626875162124634,acdnet,3.76147723197937,70.0,pytorch,178773.609375,3.147615671157837,2.54207444190979,400.0,1.0,1.0,3.0,225.0749969482422,500.0,250210_acd_onoffbench.csv,0.562380313873291,2025-03-20T16:05:05.290Z
0.5548624992370605,1.8025660514831543,offload,67.16008758544922,2000.0,70.0,0.554794192314148,0.0074412240646779,0.5209571123123169,True,1.0,0.5548624992370605,acdnet,3.8165769577026367,70.0,pytorch,178773.609375,3.1800100803375244,2.5778727531433105,400.0,1.0,1.0,3.0,221.9449920654297,500.0,250210_acd_onoffbench.csv,0.5545156002044678,2025-03-20T16:05:05.290Z
0.5356408357620239,1.8669450283050537,offload,87.87201690673828,2000.0,70.0,0.5355439186096191,0.0076237479224801,0.5009458065032959,True,3.0,0.5356408357620239,acdnet,4.421502113342285,70.0,pytorch,178773.609375,3.1848068237304688,2.670535087585449,400.0,1.0,1.0,3.0,214.2563323974609,500.0,250210_acd_onoffbench.csv,0.5340202450752258,2025-03-20T16:05:05.290Z
0.5653883218765259,1.7689383029937744,offload,117.6118392944336,2000.0,70.0,0.5653100609779358,0.0069374139420688,0.529708743095398,True,6.0,0.5653883218765259,acdnet,3.811629056930542,70.0,pytorch,178773.609375,3.091830015182495,2.529919385910034,400.0,1.0,1.0,3.0,226.15533447265625,500.0,250210_acd_onoffbench.csv,0.5649320483207703,2025-03-20T16:05:05.290Z
0.5654158592224121,1.7686278820037842,offload,114.4261474609375,4000.0,70.0,0.5653327703475952,0.0071328436024487,0.5304162502288818,True,6.0,0.5654158592224121,acdnet,3.837283372879028,70.0,pytorch,178773.609375,3.1320722103118896,2.529817819595337,400.0,1.0,1.0,3.0,226.1663360595703,500.0,250210_acd_onoffbench.csv,0.5650539994239807,2025-03-20T16:05:05.290Z
1.616241693496704,0.6187250018119812,offload,44.08190155029297,4000.0,70.0,1.6161752939224243,0.0190052222460508,1.559970736503601,True,6.0,1.616241693496704,acdnet,4.207647323608398,70.0,pytorch,178773.609375,1.1288068294525146,0.8849218487739563,400.0,1.0,1.0,1.0,646.4966430664062,500.0,250210_acd_onoffbench.csv,1.6145877838134766,2025-03-20T16:05:05.290Z
1.677885890007019,0.5959978103637695,offload,31.10313606262207,4000.0,70.0,1.6777945756912231,0.0297318436205387,1.61821711063385,True,3.0,1.677885890007019,acdnet,3.7586429119110103,70.0,pytorch,178773.609375,1.095802664756775,0.8524218797683716,400.0,1.0,1.0,1.0,671.1543579101562,500.0,250210_acd_onoffbench.csv,1.677586317062378,2025-03-20T16:05:05.290Z
1.716152548789978,0.5827068090438843,offload,25.69855117797852,2000.0,70.0,1.7160831689834597,0.0334874093532562,1.6596715450286863,True,1.0,1.716152548789978,acdnet,3.901248216629028,70.0,pytorch,178773.609375,1.0769518613815308,0.8334029912948608,400.0,1.0,1.0,1.0,686.4609985351562,500.0,250210_acd_onoffbench.csv,1.7160519361495972,2025-03-20T16:05:05.290Z
1.7236474752426147,0.5801749229431152,offload,26.061182022094727,4000.0,70.0,1.7235513925552368,0.0322468504309654,1.6654677391052246,True,1.0,1.7236474752426147,acdnet,3.7955493927001953,70.0,pytorch,178773.609375,1.0766757726669312,0.8297918438911438,400.0,1.0,1.0,1.0,689.458984375,500.0,250210_acd_onoffbench.csv,1.723608136177063,2025-03-20T16:05:05.290Z
0.0743575021624565,13.851591110229492,offload,452.4084167480469,4000.0,40.0,0.0742709264159202,0.023909319192171,0.0504590310156345,True,3.0,0.0743575021624565,acdnet,3.978166341781616,70.0,pytorch,178773.609375,19.984010696411133,19.25637626647949,400.0,1.0,1.0,70.0,29.743000030517575,500.0,250210_acd_onoffbench.csv,0.0754226818680763,2025-03-20T16:05:05.290Z
0.0761075019836425,13.291749954223633,offload,393.1820068359375,4000.0,40.0,0.0759833753108978,0.0258402153849601,0.0479938127100467,True,1.0,0.0761075019836425,acdnet,4.368920803070068,70.0,pytorch,178773.609375,18.26346015930176,18.82239151000977,400.0,1.0,1.0,70.0,30.4429988861084,500.0,250210_acd_onoffbench.csv,0.0750807374715805,2025-03-20T16:05:05.290Z
1.6806683540344238,0.5950095653533936,offload,42.44176483154297,2000.0,70.0,1.6805827617645264,0.0059695988893508,1.6387730836868286,True,6.0,1.6806683540344238,acdnet,3.706575393676758,70.0,pytorch,178773.609375,1.094504714012146,0.8510076999664307,400.0,1.0,1.0,1.0,672.267333984375,500.0,250210_acd_onoffbench.csv,1.680270075798035,2025-03-20T16:05:05.290Z
1.7205016613006592,0.5812326669692993,offload,30.74270248413086,2000.0,70.0,1.7204147577285769,0.0058348062448203,1.6809656620025637,True,3.0,1.7205016613006592,acdnet,3.780171871185303,70.0,pytorch,178773.609375,1.0786033868789673,0.8313047289848328,400.0,1.0,1.0,1.0,688.20068359375,500.0,250210_acd_onoffbench.csv,1.7213042974472046,2025-03-20T16:05:05.290Z
0.0583091638982296,18.124164581298828,offload,450.38427734375,2000.0,40.0,0.0581874288618564,0.0408046320080757,0.0352791398763656,True,1.0,0.0583091638982296,acdnet,3.8718996047973633,70.0,pytorch,178773.609375,25.815879821777344,24.57900047302246,400.0,1.0,1.0,70.0,23.323665618896484,500.0,250210_acd_onoffbench.csv,0.0578698106110096,2025-03-20T16:05:05.290Z
0.0666708350181579,15.930583000183104,offload,707.3258056640625,2000.0,40.0,0.0665615200996398,0.0447160378098487,0.041919432580471,True,6.0,0.0666708350181579,acdnet,3.796647310256958,70.0,pytorch,178773.609375,22.405893325805664,21.48672103881836,400.0,1.0,1.0,70.0,26.668333053588867,500.0,250210_acd_onoffbench.csv,0.0663607195019722,2025-03-20T16:05:05.290Z
0.0915224999189376,11.166671752929688,offload,506.4573059082031,4000.0,40.0,0.0914433225989341,0.0197292137891054,0.0650680214166641,True,6.0,0.0915224999189376,acdnet,3.774775266647339,70.0,pytorch,178773.609375,16.69268035888672,15.640167236328123,400.0,1.0,1.0,70.0,36.60900115966797,500.0,250210_acd_onoffbench.csv,0.0914968475699424,2025-03-20T16:05:05.290Z
0.0765808373689651,13.296862602233888,offload,506.63818359375,2000.0,40.0,0.0764162763953208,0.0319310203194618,0.0493980757892131,True,3.0,0.0765808373689651,acdnet,4.419657230377197,70.0,pytorch,178773.609375,19.07596206665039,18.715761184692383,400.0,1.0,1.0,70.0,30.632333755493164,500.0,250210_acd_onoffbench.csv,0.0755331069231033,2025-03-20T16:05:05.290Z
0.0659174993634224,15.428373336791992,offload,703.4158935546875,4000.0,40.0,0.065796323120594,0.0269471835345029,0.0387263447046279,True,6.0,0.0659174993634224,acdnet,3.864103317260742,70.0,pytorch,178773.609375,21.222394943237305,21.736608505249023,400.0,1.0,1.0,30.0,26.367000579833984,500.0,250210_acd_onoffbench.csv,0.0651395544409751,2025-03-20T16:05:05.290Z
0.0887116640806198,11.535555839538574,offload,322.77911376953125,2000.0,40.0,0.088582843542099,0.0262706987559795,0.0633848085999488,True,1.0,0.0887116640806198,acdnet,3.8390517234802246,70.0,pytorch,178773.609375,17.185293197631836,16.145212173461914,400.0,1.0,1.0,30.0,35.48466491699219,500.0,250210_acd_onoffbench.csv,0.0894917994737625,2025-03-20T16:05:05.290Z
0.0770541653037071,13.255717277526855,offload,485.6307067871094,4000.0,40.0,0.0769710913300514,0.0208018589764833,0.0513179711997509,True,3.0,0.0770541653037071,acdnet,3.829355239868164,70.0,pytorch,178773.609375,19.76668739318848,18.580856323242188,400.0,1.0,1.0,30.0,30.821666717529297,500.0,250210_acd_onoffbench.csv,0.0768833756446838,2025-03-20T16:05:05.290Z
0.0962541699409484,10.450798988342283,offload,304.9526062011719,4000.0,40.0,0.0961726307868957,0.0212883874773979,0.0699011161923408,True,1.0,0.0962541699409484,acdnet,3.7700858116149902,70.0,pytorch,178773.609375,15.494077682495115,14.87105941772461,400.0,1.0,1.0,30.0,38.50166702270508,500.0,250210_acd_onoffbench.csv,0.0960255712270736,2025-03-20T16:05:05.290Z
0.0848399996757507,12.289473533630373,offload,446.4403381347656,2000.0,40.0,0.0847285017371177,0.0170987732708454,0.0588641054928302,True,3.0,0.0848399996757507,acdnet,3.818756580352783,70.0,pytorch,178773.609375,18.10900115966797,16.87966537475586,400.0,1.0,1.0,30.0,33.93600082397461,500.0,250210_acd_onoffbench.csv,0.0853881016373634,2025-03-20T16:05:05.290Z
0.0681358352303505,14.68504524230957,offload,624.8580932617188,2000.0,40.0,0.0680434256792068,0.0227168183773756,0.0417376607656478,True,6.0,0.0681358352303505,acdnet,4.002641201019287,70.0,pytorch,178773.609375,21.79401206970215,21.01876640319824,400.0,1.0,1.0,30.0,27.25433349609375,500.0,250210_acd_onoffbench.csv,0.0681263953447341,2025-03-20T16:05:05.290Z
0.1085858345031738,9.210102081298828,offload,307.844970703125,4000.0,40.0,0.1084904447197914,0.0188999511301517,0.0799780860543251,True,1.0,0.1085858345031738,acdnet,4.198641300201416,70.0,pytorch,178773.609375,14.284594535827637,13.182624816894531,400.0,1.0,1.0,15.0,43.43433380126953,500.0,250210_acd_onoffbench.csv,0.1076353341341018,2025-03-20T16:05:05.290Z
0.151429995894432,6.677303314208984,offload,278.0758361816406,4000.0,40.0,0.1511639952659607,0.0175225809216499,0.1217875108122825,True,3.0,0.151429995894432,acdnet,3.841278791427612,70.0,pytorch,178773.609375,10.634198188781738,9.461174011230469,400.0,1.0,1.0,15.0,60.57200241088867,500.0,250210_acd_onoffbench.csv,0.1525273770093917,2025-03-20T16:05:05.290Z
0.1120925024151802,8.922651290893555,offload,351.2525329589844,2000.0,40.0,0.1119731217622757,0.0193637404590845,0.0830963030457496,True,3.0,0.1120925024151802,acdnet,4.234391689300537,70.0,pytorch,178773.609375,12.913070678710938,12.772608757019045,400.0,1.0,1.0,15.0,44.83700180053711,500.0,250210_acd_onoffbench.csv,0.1111649200320243,2025-03-20T16:05:05.290Z
0.1257825046777725,7.958527565002441,offload,259.4339599609375,2000.0,40.0,0.1256874352693557,0.0159059762954711,0.097479835152626,True,1.0,0.1257825046777725,acdnet,3.892539978027344,70.0,pytorch,178773.609375,12.400734901428224,11.378933906555176,400.0,1.0,1.0,15.0,50.3129997253418,500.0,250210_acd_onoffbench.csv,0.1262786388397216,2025-03-20T16:05:05.290Z
0.1421541720628738,7.078054428100586,offload,369.7759704589844,4000.0,40.0,0.1420536041259765,0.0101751191541552,0.1136436089873313,True,6.0,0.1421541720628738,acdnet,3.735447406768799,70.0,pytorch,178773.609375,11.13414192199707,10.067952156066896,400.0,1.0,1.0,15.0,56.86166763305664,500.0,250210_acd_onoffbench.csv,0.1418200731277465,2025-03-20T16:05:05.290Z
0.1474216729402542,6.819578647613525,offload,370.34173583984375,2000.0,40.0,0.1473113298416137,0.0231176353991031,0.1087508127093315,True,6.0,0.1474216729402542,acdnet,3.808957815170288,70.0,pytorch,178773.609375,10.804606437683104,9.708614349365234,400.0,1.0,1.0,15.0,58.96866607666016,500.0,250210_acd_onoffbench.csv,0.1390257179737091,2025-03-20T16:05:05.290Z
0.1595775038003921,6.266571521759033,offload,358.57696533203125,4000.0,40.0,0.1594866663217544,0.0138529622927308,0.1289571821689605,True,6.0,0.1595775038003921,acdnet,4.334666252136231,70.0,pytorch,178773.609375,9.954510688781738,8.967451095581055,400.0,1.0,1.0,10.0,63.83100128173828,500.0,250210_acd_onoffbench.csv,0.158435434103012,2025-03-20T16:05:05.290Z
0.1794166713953018,5.581396579742432,offload,230.72433471679688,4000.0,40.0,0.1793300360441208,0.0116297891363501,0.1496993899345398,True,3.0,0.1794166713953018,acdnet,3.946777820587158,70.0,pytorch,178773.609375,8.810954093933105,7.975177764892578,400.0,1.0,1.0,10.0,71.76667022705078,500.0,250210_acd_onoffbench.csv,0.1799550950527191,2025-03-20T16:05:05.290Z
0.1850691586732864,5.410299777984619,offload,169.7876434326172,4000.0,40.0,0.1849807053804397,0.0091865183785557,0.1561420559883117,True,1.0,0.1850691586732864,acdnet,3.75878381729126,70.0,pytorch,178773.609375,8.583711624145508,7.731557369232178,400.0,1.0,1.0,10.0,74.02766418457031,500.0,250210_acd_onoffbench.csv,0.1856322586536407,2025-03-20T16:05:05.290Z
0.1970466673374176,5.097821235656738,offload,173.22303771972656,2000.0,40.0,0.1969679296016693,0.0130318440496921,0.1673236936330795,True,1.0,0.1970466673374176,acdnet,3.7676689624786377,70.0,pytorch,178773.609375,7.940954685211182,7.261023998260498,400.0,1.0,1.0,10.0,78.81866455078125,500.0,250210_acd_onoffbench.csv,0.1968013644218444,2025-03-20T16:05:05.290Z
0.1948275119066238,5.147150039672852,offload,204.45895385742188,2000.0,40.0,0.1947416365146637,0.0125058107078075,0.1662413924932479,True,3.0,0.1948275119066238,acdnet,3.741335153579712,70.0,pytorch,178773.609375,8.027135848999023,7.344032287597656,400.0,1.0,1.0,10.0,77.93099975585938,500.0,250210_acd_onoffbench.csv,0.195564404129982,2025-03-20T16:05:05.290Z
0.1784074902534485,5.611059665679932,offload,309.0067443847656,2000.0,40.0,0.178332433104515,0.0157479438930749,0.1467525511980056,True,6.0,0.1784074902534485,acdnet,3.787196159362793,70.0,pytorch,178773.609375,8.906935691833496,8.019791603088379,400.0,1.0,1.0,10.0,71.36299896240234,500.0,250210_acd_onoffbench.csv,0.1780604273080825,2025-03-20T16:05:05.290Z
0.3216208219528198,3.109252452850342,offload,117.6233139038086,4000.0,40.0,0.3215338885784149,0.0099165122956037,0.2894529700279236,True,1.0,0.3216208219528198,acdnet,4.024155139923096,70.0,pytorch,178773.609375,5.118873596191406,4.448019027709961,400.0,1.0,1.0,5.0,128.64833068847656,500.0,250210_acd_onoffbench.csv,0.3201631307601928,2025-03-20T16:05:05.290Z
0.3523616790771484,2.838554859161377,offload,127.0385971069336,4000.0,40.0,0.3522778153419494,0.0076386895962059,0.3203980326652527,True,3.0,0.3523616790771484,acdnet,3.887401580810547,70.0,pytorch,178773.609375,4.673354148864746,4.0598320960998535,400.0,1.0,1.0,5.0,140.94467163085938,500.0,250210_acd_onoffbench.csv,0.354313462972641,2025-03-20T16:05:05.290Z
0.3218975067138672,3.106585502624512,offload,142.7974090576172,2000.0,40.0,0.3217986822128296,0.0093312328681349,0.2898541390895843,True,3.0,0.3218975067138672,acdnet,4.299315452575684,70.0,pytorch,178773.609375,5.141373634338379,4.444358825683594,400.0,1.0,1.0,5.0,128.75900268554688,500.0,250210_acd_onoffbench.csv,0.3207176923751831,2025-03-20T16:05:05.290Z
0.3381108343601227,2.958632469177246,offload,108.28694915771484,2000.0,40.0,0.3380153477191925,0.0077196443453431,0.3061634302139282,True,1.0,0.3381108343601227,acdnet,3.728661298751831,70.0,pytorch,178773.609375,4.842749118804932,4.231135845184326,400.0,1.0,1.0,5.0,135.2443389892578,500.0,250210_acd_onoffbench.csv,0.339407205581665,2025-03-20T16:05:05.290Z
0.347584992647171,2.877196788787842,offload,173.1282196044922,4000.0,40.0,0.347477912902832,0.0100887911394238,0.315231055021286,True,6.0,0.347584992647171,acdnet,3.7911224365234375,70.0,pytorch,178773.609375,4.802709102630615,4.115913391113281,400.0,1.0,1.0,5.0,139.03399658203125,500.0,250210_acd_onoffbench.csv,0.3471920192241668,2025-03-20T16:05:05.290Z
0.3489825129508972,2.8664472103118896,offload,176.6326141357422,2000.0,40.0,0.3488979935646057,0.0074078370817005,0.3153440654277801,True,6.0,0.3489825129508972,acdnet,3.766881465911865,70.0,pytorch,178773.609375,4.727235317230225,4.099160194396973,400.0,1.0,1.0,5.0,139.59300231933594,500.0,250210_acd_onoffbench.csv,0.3501507043838501,2025-03-20T16:05:05.290Z
0.55096834897995,1.8150092363357544,offload,85.94051361083984,4000.0,40.0,0.5508959889411926,0.0079832859337329,0.5171032547950745,True,3.0,0.55096834897995,acdnet,3.9010612964630127,70.0,pytorch,178773.609375,3.181032419204712,2.596114158630371,400.0,1.0,1.0,3.0,220.3873291015625,500.0,250210_acd_onoffbench.csv,0.5507440567016602,2025-03-20T16:05:05.290Z
0.5349141359329224,1.8694593906402588,offload,119.87002563476562,4000.0,40.0,0.5348196625709534,0.0079469066113233,0.4998493790626526,True,6.0,0.5349141359329224,acdnet,4.168216228485107,70.0,pytorch,178773.609375,3.1678569316864014,2.674151659011841,400.0,1.0,1.0,3.0,213.96566772460935,500.0,250210_acd_onoffbench.csv,0.5335292816162109,2025-03-20T16:05:05.290Z
0.5648941397666931,1.7703155279159546,offload,64.57286834716797,4000.0,40.0,0.5648300647735596,0.0065650143660604,0.5325449109077454,True,1.0,0.5648941397666931,acdnet,3.8245692253112793,70.0,pytorch,178773.609375,3.131455183029175,2.532069206237793,400.0,1.0,1.0,3.0,225.95767211914065,500.0,250210_acd_onoffbench.csv,0.564530074596405,2025-03-20T16:05:05.290Z
0.5589591860771179,1.7891355752944946,offload,68.8155288696289,2000.0,40.0,0.5588751435279846,0.0079168733209371,0.5248768925666809,True,1.0,0.5589591860771179,acdnet,3.916540145874024,70.0,pytorch,178773.609375,3.155062437057495,2.559048891067505,400.0,1.0,1.0,3.0,223.5836639404297,500.0,250210_acd_onoffbench.csv,0.558745801448822,2025-03-20T16:05:05.290Z
0.5526966452598572,1.809320330619812,offload,116.14700317382812,2000.0,40.0,0.5526281595230103,0.0079027777537703,0.517652153968811,True,6.0,0.5526966452598572,acdnet,3.813775777816773,70.0,pytorch,178773.609375,3.160128593444824,2.5879769325256348,400.0,1.0,1.0,3.0,221.07867431640625,500.0,250210_acd_onoffbench.csv,0.5523969531059265,2025-03-20T16:05:05.290Z
0.5635724663734436,1.7744474411010742,offload,80.87092590332031,2000.0,40.0,0.5634929537773132,0.0082529326900839,0.5302416086196899,True,3.0,0.5635724663734436,acdnet,3.8451972007751465,70.0,pytorch,178773.609375,3.1736111640930176,2.5380775928497314,400.0,1.0,1.0,3.0,225.4290008544922,500.0,250210_acd_onoffbench.csv,0.5641173720359802,2025-03-20T16:05:05.290Z
1.706576585769653,0.5859791040420532,offload,30.177492141723636,4000.0,70.0,1.706493258476257,0.0054232529364526,1.6671711206436155,True,3.0,1.706576585769653,acdnet,3.8020520210266113,40.0,pytorch,178773.609375,1.0844999551773071,0.8380864262580872,400.0,1.0,1.0,1.0,682.6306762695312,500.0,250210_acd_onoffbench.csv,1.7057695388793943,2025-03-20T16:05:05.290Z
1.6177659034729004,0.6181465983390808,offload,32.39310073852539,2000.0,70.0,1.6176749467849731,0.0050494838505983,1.5788822174072266,True,3.0,1.6177659034729004,acdnet,4.301313400268555,40.0,pytorch,178773.609375,1.129910945892334,0.8841015100479126,400.0,1.0,1.0,1.0,647.1063232421875,500.0,250210_acd_onoffbench.csv,1.6159675121307373,2025-03-20T16:05:05.290Z
1.6784708499908447,0.5957828164100647,offload,24.17107582092285,2000.0,70.0,1.6783872842788696,0.0068571059964597,1.6401474475860596,True,1.0,1.6784708499908447,acdnet,3.8211824893951416,40.0,pytorch,178773.609375,1.0973587036132812,0.8521208763122559,400.0,1.0,1.0,1.0,671.3883056640625,500.0,250210_acd_onoffbench.csv,1.6792144775390625,2025-03-20T16:05:05.290Z
1.707425832748413,0.5856794118881226,offload,41.862831115722656,2000.0,70.0,1.7073469161987305,0.0065866610966622,1.6629037857055664,True,6.0,1.707425832748413,acdnet,3.804753303527832,40.0,pytorch,178773.609375,1.085132360458374,0.8376674056053162,400.0,1.0,1.0,1.0,682.9703369140625,500.0,250210_acd_onoffbench.csv,1.708603858947754,2025-03-20T16:05:05.290Z
1.716105818748474,0.5827215313911438,offload,41.01510238647461,4000.0,70.0,1.716032862663269,0.0065377284772694,1.6748950481414795,True,6.0,1.716105818748474,acdnet,3.768649101257324,40.0,pytorch,178773.609375,1.0826520919799805,0.8334274291992188,400.0,1.0,1.0,1.0,686.4423217773438,500.0,250210_acd_onoffbench.csv,1.7157251834869385,2025-03-20T16:05:05.290Z
0.0680441632866859,14.750704765319824,offload,402.9573364257813,4000.0,40.0,0.0676545426249504,0.0267477817833423,0.0440817847847938,True,3.0,0.0680441632866859,acdnet,3.708752155303955,40.0,pytorch,178773.609375,21.67514991760254,21.13958549499512,400.0,1.0,1.0,70.0,27.21766662597656,500.0,250210_acd_onoffbench.csv,0.0692505165934562,2025-03-20T16:05:05.290Z
0.3162858188152313,3.161796808242798,offload,1184.0953369140625,4000.0,40.0,0.3162162899971008,0.008962919935584,0.236926794052124,False,6.0,0.3162858188152313,acdnet,0.0215202961117029,40.0,pytorch,178773.609375,5.114352226257324,4.522818565368652,400.0,1.0,1.0,5.0,126.51433563232422,500.0,250210_acd_onoffbench.csv,0.3154006600379944,2025-03-20T16:05:05.290Z
0.3269174993038177,3.0636682510375977,offload,442.4867248535156,2000.0,40.0,0.3268499672412872,0.0271001905202865,0.1845685839653015,False,1.0,0.3269174993038177,acdnet,0.0243465900421142,40.0,pytorch,178773.609375,5.00653076171875,4.375674247741699,400.0,1.0,1.0,5.0,130.76699829101562,500.0,250210_acd_onoffbench.csv,0.3258541524410248,2025-03-20T16:05:05.290Z
0.3156749904155731,3.1679184436798096,offload,314.7971496582031,4000.0,40.0,0.3156157433986664,0.0150281079113483,0.2155504375696182,False,1.0,0.3156749904155731,acdnet,0.0176492538303136,40.0,pytorch,178773.609375,5.238735675811768,4.531424045562744,400.0,1.0,1.0,5.0,126.2699966430664,500.0,250210_acd_onoffbench.csv,0.3146008253097534,2025-03-20T16:05:05.290Z
0.3270775079727173,3.0596394538879395,offload,811.0081787109375,2000.0,40.0,0.3269877433776855,0.0206821355968713,0.2136897891759872,False,3.0,0.3270775079727173,acdnet,0.0259906444698572,40.0,pytorch,178773.609375,5.053205490112305,4.373830318450928,400.0,1.0,1.0,5.0,130.83099365234375,500.0,250210_acd_onoffbench.csv,0.3266088962554931,2025-03-20T16:05:05.290Z
0.335064172744751,2.9898784160614014,offload,1345.251953125,2000.0,40.0,0.3349303305149078,0.1061142981052398,0.141006663441658,False,6.0,0.335064172744751,acdnet,0.0606839656829834,40.0,pytorch,178773.609375,4.7648468017578125,4.270108699798584,400.0,1.0,1.0,5.0,134.02566528320312,500.0,250210_acd_onoffbench.csv,0.3335948288440704,2025-03-20T16:05:05.290Z
0.547742486000061,1.8262020349502563,offload,267.4149475097656,4000.0,40.0,0.5476771593093872,0.0112908193841576,0.4013925194740295,False,1.0,0.547742486000061,acdnet,0.0235768165439367,40.0,pytorch,178773.609375,3.1697802543640137,2.611372232437134,400.0,1.0,1.0,3.0,219.0970001220703,500.0,250210_acd_onoffbench.csv,0.5475682020187378,2025-03-20T16:05:05.290Z
0.5386325120925903,1.8581713438034055,offload,380.2172546386719,4000.0,40.0,0.5385777354240417,0.0059237559325993,0.4641568660736084,False,3.0,0.5386325120925903,acdnet,0.0190103854984045,40.0,pytorch,178773.609375,3.204909086227417,2.655492067337036,400.0,1.0,1.0,3.0,215.4530029296875,500.0,250210_acd_onoffbench.csv,0.5377411246299744,2025-03-20T16:05:05.290Z
0.5228449702262878,1.912619471549988,offload,292.4903259277344,2000.0,40.0,0.5227979421615601,0.0039641191251575,0.4704094231128692,False,3.0,0.5228449702262878,acdnet,0.0355651378631591,40.0,pytorch,178773.609375,3.2716760635375977,2.7356436252593994,400.0,1.0,1.0,3.0,209.13800048828125,500.0,250210_acd_onoffbench.csv,0.5217279195785522,2025-03-20T16:05:05.290Z
0.5224909782409668,1.9139117002487185,offload,211.12249755859372,2000.0,40.0,0.5224451422691345,0.0057851495221257,0.4105536043643951,False,1.0,0.5224909782409668,acdnet,0.0117828845977783,40.0,pytorch,178773.609375,3.2672998905181885,2.7374911308288574,400.0,1.0,1.0,3.0,208.99639892578125,500.0,250210_acd_onoffbench.csv,0.5212670564651489,2025-03-20T16:05:05.290Z
0.5455920100212097,1.835200548171997,offload,579.7463989257812,4000.0,40.0,0.545516848564148,0.0046922387555241,0.4808307290077209,False,6.0,0.5455920100212097,acdnet,0.0183557979762554,40.0,pytorch,178773.609375,3.1456191539764404,2.621713638305664,400.0,1.0,1.0,3.0,218.2368011474609,500.0,250210_acd_onoffbench.csv,0.5457095503807068,2025-03-20T16:05:05.290Z
0.524305522441864,1.907289981842041,offload,604.1029052734375,2000.0,40.0,0.524237871170044,0.0100112501531839,0.4286999404430389,False,6.0,0.524305522441864,acdnet,0.0245373249053955,40.0,pytorch,178773.609375,3.259317398071289,2.7281296253204346,400.0,1.0,1.0,3.0,209.72219848632807,500.0,250210_acd_onoffbench.csv,0.522624135017395,2025-03-20T16:05:05.290Z
1.5779200792312622,0.6337463855743408,offload,258.39483642578125,4000.0,40.0,1.5778621435165403,0.0726755857467651,1.4672142267227173,False,6.0,1.5779200792312622,acdnet,0.0213842391967773,40.0,pytorch,178773.609375,1.1435933113098145,0.9064092636108398,400.0,1.0,1.0,1.0,631.1680297851562,500.0,250210_acd_onoffbench.csv,1.5758358240127563,2025-03-20T16:05:05.290Z
1.5818425416946411,0.6321743130683899,offload,167.65750122070312,4000.0,40.0,1.5817657709121704,0.0608220994472503,1.4584792852401731,False,3.0,1.5818425416946411,acdnet,0.0241405479609966,40.0,pytorch,178773.609375,1.1408683061599731,0.9041723608970642,400.0,1.0,1.0,1.0,632.7369995117188,500.0,250210_acd_onoffbench.csv,1.580101490020752,2025-03-20T16:05:05.290Z
1.5826070308685305,0.6318688988685608,offload,86.97398376464844,4000.0,40.0,1.58254873752594,0.0755689218640327,1.422482132911682,False,1.0,1.5826070308685305,acdnet,0.0171598903834819,40.0,pytorch,178773.609375,1.1242403984069824,0.9037250280380248,400.0,1.0,1.0,1.0,633.0427856445312,500.0,250210_acd_onoffbench.csv,1.5806561708450315,2025-03-20T16:05:05.290Z
1.5863330364227295,0.630394697189331,offload,307.58154296875,2000.0,40.0,1.5862106084823608,0.0638062953948974,1.3791645765304563,False,6.0,1.5863330364227295,acdnet,0.0493467822670936,40.0,pytorch,178773.609375,1.1349841356277466,0.901638686656952,400.0,1.0,1.0,1.0,634.533203125,500.0,250210_acd_onoffbench.csv,1.5851926803588867,2025-03-20T16:05:05.290Z
1.5831894874572754,0.6316386461257935,offload,97.2726058959961,2000.0,40.0,1.583113431930542,0.0721696391701698,1.408020257949829,False,1.0,1.5831894874572754,acdnet,0.0290312282741069,40.0,pytorch,178773.609375,1.1313245296478271,0.9034026265144348,400.0,1.0,1.0,1.0,633.2758178710938,500.0,250210_acd_onoffbench.csv,1.5814499855041504,2025-03-20T16:05:05.290Z
1.5831390619277954,0.6316624879837036,offload,110.88632202148438,2000.0,40.0,1.5830901861190796,0.0726081207394599,1.4982386827468872,False,3.0,1.5831390619277954,acdnet,0.0202355869114398,40.0,pytorch,178773.609375,1.1183278560638428,0.9034159183502196,400.0,1.0,1.0,1.0,633.255615234375,500.0,250210_acd_onoffbench.csv,1.5817009210586548,2025-03-20T16:05:05.290Z
0.0597649998962879,19.611459732055664,offload,487.5455627441406,2000.0,100.0,0.0596821419894695,0.0330137871205806,0.0363637059926986,True,1.0,0.0597649998962879,acdnet,4.177215099334717,100.0,pytorch,178773.609375,26.837064743041992,23.96343040466309,400.0,1.0,1.0,70.0,23.9060001373291,500.0,250210_acd_onoffbench.csv,0.0597278177738189,2025-03-20T16:05:05.290Z
0.0601958334445953,17.396074295043945,offload,775.0570678710938,4000.0,100.0,0.0600436106324195,0.0294367559254169,0.0348186492919921,True,6.0,0.0601958334445953,acdnet,5.537539005279541,100.0,pytorch,178773.609375,24.96568489074707,23.819168090820312,400.0,1.0,1.0,70.0,24.078332901000977,500.0,250210_acd_onoffbench.csv,0.0593263655900955,2025-03-20T16:05:05.290Z
0.090539164841175,11.861215591430664,offload,338.4573059082031,4000.0,100.0,0.0904534086585044,0.0501856468617916,0.0627986043691635,True,1.0,0.090539164841175,acdnet,6.35906982421875,100.0,pytorch,178773.609375,15.348843574523926,15.81133270263672,400.0,1.0,1.0,70.0,36.215667724609375,500.0,250210_acd_onoffbench.csv,0.0900387242436409,2025-03-20T16:05:05.290Z
0.0836274996399879,13.782097816467283,offload,491.0329284667969,4000.0,100.0,0.0835182517766952,0.0464458651840686,0.0579040870070457,True,3.0,0.0836274996399879,acdnet,5.467230796813965,100.0,pytorch,178773.609375,20.69722557067871,17.124267578125,400.0,1.0,1.0,70.0,33.45100021362305,500.0,250210_acd_onoffbench.csv,0.0831852406263351,2025-03-20T16:05:05.290Z
0.0800458341836929,14.397841453552246,offload,617.9766235351562,2000.0,100.0,0.0798822417855262,0.0302719827741384,0.0556878820061683,True,6.0,0.0800458341836929,acdnet,3.787708520889282,100.0,pytorch,178773.609375,21.76823234558105,17.903715133666992,400.0,1.0,1.0,70.0,32.018333435058594,500.0,250210_acd_onoffbench.csv,0.0796962529420852,2025-03-20T16:05:05.290Z
0.0769766643643379,13.440640449523926,offload,402.6663818359375,4000.0,100.0,0.076875053346157,0.0215749070048332,0.0510187484323978,True,1.0,0.0769766643643379,acdnet,4.097931861877441,100.0,pytorch,178773.609375,20.01320075988769,18.60407066345215,400.0,1.0,1.0,30.0,30.790666580200195,500.0,250210_acd_onoffbench.csv,0.0764370784163475,2025-03-20T16:05:05.290Z
0.077925831079483,13.208297729492188,offload,463.05072021484375,4000.0,100.0,0.0778395012021064,0.0253275912255048,0.0514950603246688,True,3.0,0.077925831079483,acdnet,3.993380308151245,100.0,pytorch,178773.609375,18.70905876159668,18.37356185913086,400.0,1.0,1.0,30.0,31.170333862304688,500.0,250210_acd_onoffbench.csv,0.0774238929152488,2025-03-20T16:05:05.290Z
0.1131283342838287,9.180758476257324,offload,295.0269470214844,2000.0,100.0,0.1128399148583412,0.0252441596239805,0.0848916694521904,True,3.0,0.1131283342838287,acdnet,5.586087703704834,100.0,pytorch,178773.609375,10.42984676361084,12.674494743347168,400.0,1.0,1.0,70.0,45.25133514404297,500.0,250210_acd_onoffbench.csv,0.1138817071914672,2025-03-20T16:05:05.290Z
0.0694741681218147,14.510308265686035,offload,397.2069091796875,2000.0,100.0,0.0693786665797233,0.0208174027502536,0.0444515570998191,True,1.0,0.0694741681218147,acdnet,3.785088300704956,100.0,pytorch,178773.609375,21.791263580322266,20.614246368408203,400.0,1.0,1.0,30.0,27.7896671295166,500.0,250210_acd_onoffbench.csv,0.0693058669567108,2025-03-20T16:05:05.290Z
0.0776241645216941,13.342416763305664,offload,512.3300170898438,2000.0,100.0,0.0775124058127403,0.0302521400153636,0.0510127171874046,True,3.0,0.0776241645216941,acdnet,3.96798324584961,100.0,pytorch,178773.609375,19.87329864501953,18.451095581054688,400.0,1.0,1.0,30.0,31.04966735839844,500.0,250210_acd_onoffbench.csv,0.0782712772488594,2025-03-20T16:05:05.290Z
0.0793574973940849,12.719658851623535,offload,526.5348510742188,2000.0,100.0,0.079265758395195,0.0298436898738145,0.0530262626707553,True,6.0,0.0793574973940849,acdnet,3.9406814575195312,100.0,pytorch,178773.609375,17.87154197692871,18.04295921325684,400.0,1.0,1.0,30.0,31.743000030517575,500.0,250210_acd_onoffbench.csv,0.0797119066119194,2025-03-20T16:05:05.290Z
0.1061474978923797,9.459681510925291,offload,457.6555480957031,4000.0,100.0,0.0976825878024101,0.0239727590233087,0.0714680850505828,True,6.0,0.1061474978923797,acdnet,3.827226638793945,100.0,pytorch,178773.609375,14.439168930053713,14.64118480682373,400.0,1.0,1.0,30.0,42.45899963378906,500.0,250210_acd_onoffbench.csv,0.0974286869168281,2025-03-20T16:05:05.290Z
0.1214466616511344,8.36905574798584,offload,448.0811462402344,4000.0,100.0,0.1213608309626579,0.019687071442604,0.0921906754374504,True,6.0,0.1214466616511344,acdnet,4.050887107849121,100.0,pytorch,178773.609375,13.115546226501465,11.784600257873535,400.0,1.0,1.0,15.0,48.57866668701172,500.0,250210_acd_onoffbench.csv,0.1209460943937301,2025-03-20T16:05:05.290Z
0.1245224997401237,8.072758674621582,offload,309.3863220214844,4000.0,100.0,0.1244494840502739,0.0135527243837714,0.0958302617073059,True,3.0,0.1245224997401237,acdnet,3.84365463256836,100.0,pytorch,178773.609375,12.60433578491211,11.4921236038208,400.0,1.0,1.0,15.0,49.80900192260742,500.0,250210_acd_onoffbench.csv,0.124801330268383,2025-03-20T16:05:05.290Z
0.1322783380746841,7.674977779388428,offload,246.7415008544922,2000.0,100.0,0.13217793405056,0.0158414952456951,0.1037022322416305,True,1.0,0.1322783380746841,acdnet,3.986939668655396,100.0,pytorch,178773.609375,12.05158519744873,10.820178985595703,400.0,1.0,1.0,15.0,52.91133499145508,500.0,250210_acd_onoffbench.csv,0.1317770779132843,2025-03-20T16:05:05.290Z
0.141215831041336,7.139274597167969,offload,230.6818084716797,4000.0,100.0,0.1411075890064239,0.0192946624010801,0.1134124770760536,True,1.0,0.141215831041336,acdnet,3.781660079956055,100.0,pytorch,178773.609375,11.109033584594728,10.13545036315918,400.0,1.0,1.0,15.0,56.48633193969727,500.0,250210_acd_onoffbench.csv,0.1409853398799896,2025-03-20T16:05:05.290Z
0.1326525062322616,7.550957679748535,offload,389.7000732421875,2000.0,100.0,0.1325694024562835,0.018666423857212,0.1045488268136978,True,6.0,0.1326525062322616,acdnet,3.872230529785156,100.0,pytorch,178773.609375,11.840447425842283,10.788227081298828,400.0,1.0,1.0,15.0,53.06100082397461,500.0,250210_acd_onoffbench.csv,0.1341204643249511,2025-03-20T16:05:05.290Z
0.1423941701650619,7.026237964630127,offload,276.07684326171875,2000.0,100.0,0.1422850936651229,0.0134233925491571,0.1144278943538665,True,3.0,0.1423941701650619,acdnet,3.82485556602478,100.0,pytorch,178773.609375,11.126346588134766,10.051572799682615,400.0,1.0,1.0,15.0,56.957664489746094,500.0,250210_acd_onoffbench.csv,0.1431692987680435,2025-03-20T16:05:05.290Z
0.16324083507061,6.128234386444092,offload,196.95899963378903,4000.0,100.0,0.1631187945604324,0.013101958669722,0.1337489187717437,True,1.0,0.16324083507061,acdnet,3.913097858428955,100.0,pytorch,178773.609375,9.642024993896484,8.76777458190918,400.0,1.0,1.0,10.0,65.29633331298828,500.0,250210_acd_onoffbench.csv,0.1629539430141449,2025-03-20T16:05:05.290Z
0.1878258287906646,5.403905391693115,offload,230.3617706298828,4000.0,100.0,0.1877511888742447,0.0119903115555644,0.1568819135427475,True,3.0,0.1878258287906646,acdnet,4.059025287628174,100.0,pytorch,178773.609375,8.640182495117188,7.617469310760498,400.0,1.0,1.0,10.0,75.13033294677734,500.0,250210_acd_onoffbench.csv,0.187332347035408,2025-03-20T16:05:05.290Z
0.1710608303546905,5.887351989746094,offload,250.0365295410156,2000.0,100.0,0.1709638684988021,0.010583646595478,0.1412670761346817,True,3.0,0.1710608303546905,acdnet,3.864435911178589,100.0,pytorch,178773.609375,9.39784049987793,8.365445137023926,400.0,1.0,1.0,10.0,68.42433166503906,500.0,250210_acd_onoffbench.csv,0.1701911240816116,2025-03-20T16:05:05.290Z
0.1709008365869522,5.8570966720581055,offload,349.4992370605469,2000.0,100.0,0.1708242893218994,0.0148226516321301,0.1399394273757934,True,6.0,0.1709008365869522,acdnet,3.786178827285767,100.0,pytorch,178773.609375,9.342400550842283,8.37228012084961,400.0,1.0,1.0,10.0,68.36033630371094,500.0,250210_acd_onoffbench.csv,0.1705697327852249,2025-03-20T16:05:05.290Z
0.1873441636562347,5.345347881317139,offload,176.7149200439453,2000.0,100.0,0.1872333586215973,0.0105889188125729,0.1580064445734024,True,1.0,0.1873441636562347,acdnet,3.7791857719421382,100.0,pytorch,178773.609375,8.450275421142578,7.63853645324707,400.0,1.0,1.0,10.0,74.93766784667969,500.0,250210_acd_onoffbench.csv,0.1867846846580505,2025-03-20T16:05:05.290Z
0.1871633380651474,5.36544942855835,offload,296.0604553222656,4000.0,100.0,0.1870777755975723,0.0142381340265274,0.1567265093326568,True,6.0,0.1871633380651474,acdnet,3.757200002670288,100.0,pytorch,178773.609375,8.586291313171387,7.64488935470581,400.0,1.0,1.0,10.0,74.8653335571289,500.0,250210_acd_onoffbench.csv,0.1868666410446167,2025-03-20T16:05:05.290Z
0.3288666605949402,3.044759511947632,offload,183.2429351806641,4000.0,100.0,0.3287971019744873,0.00840824842453,0.295639306306839,True,6.0,0.3288666605949402,acdnet,3.991773843765259,100.0,pytorch,178773.609375,4.900625705718994,4.349761486053467,400.0,1.0,1.0,5.0,131.54666137695312,500.0,250210_acd_onoffbench.csv,0.327992171049118,2025-03-20T16:05:05.290Z
0.3342341482639313,2.992070198059082,offload,131.46246337890625,4000.0,100.0,0.3341231942176819,0.0096135688945651,0.3029805123806,True,3.0,0.3342341482639313,acdnet,3.7441580295562735,100.0,pytorch,178773.609375,4.950770854949951,4.280424118041992,400.0,1.0,1.0,5.0,133.69366455078125,500.0,250210_acd_onoffbench.csv,0.3340170085430145,2025-03-20T16:05:05.290Z
0.3459300100803375,2.89204216003418,offload,102.2356414794922,4000.0,100.0,0.3458567261695862,0.0090830586850643,0.3148804903030395,True,1.0,0.3459300100803375,acdnet,3.842472791671753,100.0,pytorch,178773.609375,4.822410106658936,4.13520622253418,400.0,1.0,1.0,5.0,138.3719940185547,500.0,250210_acd_onoffbench.csv,0.3456567823886871,2025-03-20T16:05:05.290Z
0.3371833264827728,2.9702084064483643,offload,110.37409973144533,2000.0,100.0,0.3370917439460754,0.0088188853114843,0.3055160939693451,True,1.0,0.3371833264827728,acdnet,4.091292381286621,100.0,pytorch,178773.609375,4.953356742858887,4.2427287101745605,400.0,1.0,1.0,5.0,134.8733367919922,500.0,250210_acd_onoffbench.csv,0.3369886577129364,2025-03-20T16:05:05.290Z
0.3415133357048034,2.9293713569641118,offload,177.140625,2000.0,100.0,0.3412577509880066,0.009343228302896,0.3089457154273987,True,6.0,0.3415133357048034,acdnet,3.78288197517395,100.0,pytorch,178773.609375,4.8682780265808105,4.190934181213379,400.0,1.0,1.0,5.0,136.60533142089844,500.0,250210_acd_onoffbench.csv,0.3411193788051605,2025-03-20T16:05:05.290Z
0.3569175004959106,2.80603575706482,offload,124.38381958007812,2000.0,100.0,0.3568308055400848,0.0089168632403016,0.3257246315479278,True,3.0,0.3569175004959106,acdnet,3.850266933441162,100.0,pytorch,178773.609375,4.685619354248047,4.008030891418457,400.0,1.0,1.0,5.0,142.76699829101562,500.0,250210_acd_onoffbench.csv,0.356902539730072,2025-03-20T16:05:05.290Z
0.5400933623313904,1.851850509643555,offload,72.90575408935547,4000.0,100.0,0.54000324010849,0.0072405701503157,0.5062874555587769,True,1.0,0.5400933623313904,acdnet,4.013454914093018,100.0,pytorch,178773.609375,3.171151638031006,2.648481845855713,400.0,1.0,1.0,3.0,216.03733825683597,500.0,250210_acd_onoffbench.csv,0.5387980937957764,2025-03-20T16:05:05.290Z
0.5601358413696289,1.7871497869491575,offload,85.45051574707031,4000.0,100.0,0.560057520866394,0.0072470474988222,0.5263748168945312,True,3.0,0.5601358413696289,acdnet,3.984539747238159,100.0,pytorch,178773.609375,3.113588571548462,2.5536463260650635,400.0,1.0,1.0,3.0,224.0543365478516,500.0,250210_acd_onoffbench.csv,0.559521496295929,2025-03-20T16:05:05.290Z
0.5477058291435242,1.8276705741882324,offload,85.7424087524414,2000.0,100.0,0.5476268529891968,0.0070588458329439,0.5143502950668335,True,3.0,0.5477058291435242,acdnet,4.138514995574951,100.0,pytorch,178773.609375,3.1581003665924072,2.61161208152771,400.0,1.0,1.0,3.0,219.08233642578125,500.0,250210_acd_onoffbench.csv,0.5468360185623169,2025-03-20T16:05:05.290Z
0.5473616719245911,1.8273829221725464,offload,120.77525329589844,2000.0,100.0,0.5472835302352905,0.0084749702364206,0.511138379573822,True,6.0,0.5473616719245911,acdnet,4.099400997161865,100.0,pytorch,178773.609375,3.141421318054199,2.613250255584717,400.0,1.0,1.0,3.0,218.94467163085935,500.0,250210_acd_onoffbench.csv,0.5467211604118347,2025-03-20T16:05:05.290Z
0.5541833639144897,1.8049888610839844,offload,66.75881958007812,2000.0,100.0,0.5540632009506226,0.0069019934162497,0.5211499929428101,True,1.0,0.5541833639144897,acdnet,3.793349027633667,100.0,pytorch,178773.609375,3.1484360694885254,2.5812737941741943,400.0,1.0,1.0,3.0,221.67333984375,500.0,250210_acd_onoffbench.csv,0.5541254878044128,2025-03-20T16:05:05.290Z
0.5640883445739746,1.7728558778762815,offload,114.95130157470705,4000.0,100.0,0.563995361328125,0.0059837107546627,0.5291709899902344,True,6.0,0.5640883445739746,acdnet,3.8906381130218506,100.0,pytorch,178773.609375,3.097363948822021,2.5358166694641118,400.0,1.0,1.0,3.0,225.6353302001953,500.0,250210_acd_onoffbench.csv,0.5657298564910889,2025-03-20T16:05:05.290Z
1.6386024951934814,0.61045902967453,offload,43.296993255615234,4000.0,100.0,1.6385200023651123,0.0357383340597152,1.5814430713653564,True,6.0,1.6386024951934814,acdnet,4.01582670211792,100.0,pytorch,178773.609375,1.120403528213501,0.8728541135787964,400.0,1.0,1.0,1.0,655.4409790039062,500.0,250210_acd_onoffbench.csv,1.637257099151611,2025-03-20T16:05:05.290Z
1.6969424486160278,0.5894078612327576,offload,30.932209014892575,4000.0,100.0,1.6968607902526855,0.0311681684106588,1.6416375637054443,True,3.0,1.6969424486160278,acdnet,3.804932594299317,100.0,pytorch,178773.609375,1.0885926485061646,0.8428440093994141,400.0,1.0,1.0,1.0,678.7769775390625,500.0,250210_acd_onoffbench.csv,1.6971561908721924,2025-03-20T16:05:05.290Z
1.676705837249756,0.5968908667564392,offload,26.926118850708008,2000.0,100.0,1.6766350269317627,0.0057342052459716,1.6345081329345703,True,1.0,1.676705837249756,acdnet,3.915305376052856,100.0,pytorch,178773.609375,1.1011176109313965,0.853011429309845,400.0,1.0,1.0,1.0,670.6823120117188,500.0,250210_acd_onoffbench.csv,1.677657127380371,2025-03-20T16:05:05.290Z
1.7183657884597778,0.5819518566131592,offload,25.12678337097168,4000.0,100.0,1.7182862758636477,0.0062111914157867,1.6762179136276243,True,1.0,1.7183657884597778,acdnet,3.903264760971069,100.0,pytorch,178773.609375,1.0794548988342283,0.8323344588279724,400.0,1.0,1.0,1.0,687.3463134765625,500.0,250210_acd_onoffbench.csv,1.7191033363342283,2025-03-20T16:05:05.290Z
0.0535158328711986,19.199010848999023,offload,502.4437255859375,4000.0,70.0,0.0532943271100521,0.0752366557717323,0.0271628946065902,True,1.0,0.0535158328711986,acdnet,4.073343753814697,100.0,pytorch,178773.609375,26.65444564819336,26.83566665649414,400.0,1.0,1.0,70.0,21.406333923339844,500.0,250210_acd_onoffbench.csv,0.05282549187541,2025-03-20T16:05:05.290Z
0.0708941668272018,14.354900360107422,offload,472.71435546875,4000.0,70.0,0.0708160996437072,0.0248540733009576,0.0445140115916729,True,3.0,0.0708941668272018,acdnet,4.047121524810791,100.0,pytorch,178773.609375,20.63102912902832,20.195816040039062,400.0,1.0,1.0,70.0,28.357667922973636,500.0,250210_acd_onoffbench.csv,0.0687225013971328,2025-03-20T16:05:05.290Z
1.6914441585540771,0.5913280844688416,offload,41.9608039855957,2000.0,100.0,1.6913537979125977,0.0326170846819877,1.6361234188079834,True,6.0,1.6914441585540771,acdnet,3.949284315109253,100.0,pytorch,178773.609375,1.0922521352767944,0.8455882668495178,400.0,1.0,1.0,1.0,676.57763671875,500.0,250210_acd_onoffbench.csv,1.6913753747940063,2025-03-20T16:05:05.290Z
1.7158550024032593,0.5828179717063904,offload,31.273305892944336,2000.0,100.0,1.715788722038269,0.040049772709608,1.6603786945343018,True,3.0,1.7158550024032593,acdnet,3.8705666065216064,100.0,pytorch,178773.609375,1.0795522928237915,0.8335460424423218,400.0,1.0,1.0,1.0,686.3419799804688,500.0,250210_acd_onoffbench.csv,1.7161054611206057,2025-03-20T16:05:05.290Z
0.0577691681683063,18.689434051513672,offload,469.8406982421875,2000.0,70.0,0.0576516762375831,0.0210012830793857,0.0341960228979587,True,1.0,0.0577691681683063,acdnet,3.825835466384888,100.0,pytorch,178773.609375,26.906333923339844,24.807411193847656,400.0,1.0,1.0,70.0,23.107667922973636,500.0,250210_acd_onoffbench.csv,0.0583356097340583,2025-03-20T16:05:05.290Z
0.07197917252779,15.29037094116211,offload,707.9547119140625,2000.0,70.0,0.0716818198561668,0.0233216937631368,0.0455803647637367,True,6.0,0.07197917252779,acdnet,4.01138162612915,100.0,pytorch,178773.609375,23.017208099365234,19.951906204223636,400.0,1.0,1.0,70.0,28.791667938232425,500.0,250210_acd_onoffbench.csv,0.0721508115530014,2025-03-20T16:05:05.290Z
0.0705441683530807,14.630471229553224,offload,509.3977966308594,2000.0,70.0,0.0703450813889503,0.0234569609165191,0.0446423292160034,True,3.0,0.0705441683530807,acdnet,4.110266208648682,100.0,pytorch,178773.609375,21.77959251403809,20.331043243408203,400.0,1.0,1.0,70.0,28.21766662597656,500.0,250210_acd_onoffbench.csv,0.069814808666706,2025-03-20T16:05:05.290Z
0.099652498960495,11.289734840393066,offload,553.946044921875,4000.0,70.0,0.0993394926190376,0.0186367891728878,0.0726280286908149,True,6.0,0.099652498960495,acdnet,3.784576892852783,100.0,pytorch,178773.609375,17.098094940185547,14.396982192993164,400.0,1.0,1.0,70.0,39.86100006103516,500.0,250210_acd_onoffbench.csv,0.0992229729890823,2025-03-20T16:05:05.290Z
0.0759941637516021,13.262920379638672,offload,464.4168090820313,4000.0,70.0,0.0758984833955764,0.0267259031534194,0.0498405918478965,True,3.0,0.0759941637516021,acdnet,3.721362590789795,100.0,pytorch,178773.609375,20.008041381835938,18.84344482421875,400.0,1.0,1.0,30.0,30.397666931152344,500.0,250210_acd_onoffbench.csv,0.075800210237503,2025-03-20T16:05:05.290Z
0.0729583352804184,13.94614315032959,offload,686.765869140625,4000.0,70.0,0.0728649049997329,0.0217554625123739,0.0457954294979572,True,6.0,0.0729583352804184,acdnet,4.169666290283203,100.0,pytorch,178773.609375,21.08856773376465,19.62795066833496,400.0,1.0,1.0,30.0,29.183334350585938,500.0,250210_acd_onoffbench.csv,0.0722579434514045,2025-03-20T16:05:05.290Z
0.0793741643428802,13.125094413757324,offload,368.6595153808594,2000.0,70.0,0.0792782679200172,0.0193818751722574,0.0531300269067287,True,1.0,0.0793741643428802,acdnet,4.0301713943481445,100.0,pytorch,178773.609375,18.393775939941406,18.04011344909668,400.0,1.0,1.0,30.0,31.749666213989254,500.0,250210_acd_onoffbench.csv,0.0791943371295929,2025-03-20T16:05:05.290Z
0.1097766682505607,9.131362915039062,offload,271.9340515136719,4000.0,70.0,0.1097102984786033,0.0167786702513694,0.0828734710812568,True,1.0,0.1097766682505607,acdnet,3.866065740585327,100.0,pytorch,178773.609375,12.947587966918944,13.036049842834473,400.0,1.0,1.0,30.0,43.9106674194336,500.0,250210_acd_onoffbench.csv,0.1104108989238739,2025-03-20T16:05:05.290Z
0.0763908326625824,13.946447372436523,offload,623.328369140625,2000.0,70.0,0.0763074457645416,0.0237993840128183,0.0510102473199367,True,6.0,0.0763908326625824,acdnet,3.727648258209229,100.0,pytorch,178773.609375,19.46360206604004,18.742454528808597,400.0,1.0,1.0,30.0,30.55633354187012,500.0,250210_acd_onoffbench.csv,0.0766767933964729,2025-03-20T16:05:05.290Z
0.097242496907711,10.842978477478027,offload,407.8991088867188,2000.0,70.0,0.0971449464559555,0.0273369457572698,0.071192555129528,True,3.0,0.097242496907711,acdnet,3.839669942855835,100.0,pytorch,178773.609375,16.563390731811523,14.72221565246582,400.0,1.0,1.0,30.0,38.89699935913086,500.0,250210_acd_onoffbench.csv,0.0970378369092941,2025-03-20T16:05:05.290Z
0.1101675033569336,9.08025360107422,offload,295.9400329589844,4000.0,70.0,0.1100803688168525,0.0177544020116329,0.082097016274929,True,1.0,0.1101675033569336,acdnet,4.010780334472656,100.0,pytorch,178773.609375,14.15972900390625,12.99222469329834,400.0,1.0,1.0,15.0,44.06700134277344,500.0,250210_acd_onoffbench.csv,0.1100414767861366,2025-03-20T16:05:05.290Z
0.1436199992895126,7.151033401489258,offload,294.6435852050781,4000.0,70.0,0.1435374617576599,0.0152270188555121,0.114627294242382,True,3.0,0.1436199992895126,acdnet,4.033106327056885,100.0,pytorch,178773.609375,10.804248809814451,9.963871002197266,400.0,1.0,1.0,15.0,57.448001861572266,500.0,250210_acd_onoffbench.csv,0.1430284231901168,2025-03-20T16:05:05.290Z
0.1171641647815704,8.576252937316895,offload,341.8974304199219,2000.0,70.0,0.1170705556869506,0.0185583997517824,0.0884175449609756,True,3.0,0.1171641647815704,acdnet,3.980133533477783,100.0,pytorch,178773.609375,12.81240463256836,12.216469764709473,400.0,1.0,1.0,15.0,46.865665435791016,500.0,250210_acd_onoffbench.csv,0.1164551675319671,2025-03-20T16:05:05.290Z
0.1291175037622451,7.793179035186768,offload,236.9351043701172,2000.0,70.0,0.1290433704853058,0.0128602879121899,0.1008288785815239,True,1.0,0.1291175037622451,acdnet,3.797160387039185,100.0,pytorch,178773.609375,11.321931838989258,11.083009719848633,400.0,1.0,1.0,15.0,51.64699935913086,500.0,250210_acd_onoffbench.csv,0.1296721249818802,2025-03-20T16:05:05.290Z
0.1346108317375183,7.436202049255371,offload,393.634033203125,4000.0,70.0,0.1345444023609161,0.0118783377110958,0.1059110388159751,True,6.0,0.1346108317375183,acdnet,3.774105072021485,100.0,pytorch,178773.609375,11.67165184020996,10.629865646362305,400.0,1.0,1.0,15.0,53.84433364868164,500.0,250210_acd_onoffbench.csv,0.1374675929546356,2025-03-20T16:05:05.290Z
0.131111666560173,7.714659214019775,offload,420.233154296875,2000.0,70.0,0.1310180574655532,0.0182096846401691,0.1018037945032119,True,6.0,0.131111666560173,acdnet,3.933430433273315,100.0,pytorch,178773.609375,12.102252960205078,10.91596794128418,400.0,1.0,1.0,15.0,52.44466781616211,500.0,250210_acd_onoffbench.csv,0.1304965615272522,2025-03-20T16:05:05.290Z
0.169510006904602,5.918827056884766,offload,329.4888610839844,4000.0,70.0,0.1694345772266388,0.0134702790528535,0.1386374831199646,True,6.0,0.169510006904602,acdnet,4.10302734375,100.0,pytorch,178773.609375,8.966897010803223,8.440950393676758,400.0,1.0,1.0,10.0,67.80400085449219,500.0,250210_acd_onoffbench.csv,0.1691541820764541,2025-03-20T16:05:05.290Z
0.1973808407783508,5.086071014404297,offload,200.66131591796875,4000.0,70.0,0.1972501724958419,0.0121682062745094,0.1683280616998672,True,3.0,0.1973808407783508,acdnet,3.784411907196045,100.0,pytorch,178773.609375,8.080012321472168,7.25063419342041,400.0,1.0,1.0,10.0,78.95233154296875,500.0,250210_acd_onoffbench.csv,0.198180079460144,2025-03-20T16:05:05.290Z
0.1904699951410293,5.325004577636719,offload,185.5618438720703,2000.0,70.0,0.1903877109289169,0.0126532614231109,0.1600612998008728,True,1.0,0.1904699951410293,acdnet,3.907580614089966,100.0,pytorch,178773.609375,8.577282905578613,7.511981010437012,400.0,1.0,1.0,10.0,76.18799591064453,500.0,250210_acd_onoffbench.csv,0.1898512989282608,2025-03-20T16:05:05.290Z
0.2103700041770935,4.7823896408081055,offload,159.3936309814453,4000.0,70.0,0.2102633267641067,0.0119369300082325,0.1804007291793823,True,1.0,0.2103700041770935,acdnet,3.773542642593384,100.0,pytorch,178773.609375,7.654634475708008,6.801894187927246,400.0,1.0,1.0,10.0,84.14800262451172,500.0,250210_acd_onoffbench.csv,0.2126536518335342,2025-03-20T16:05:05.290Z
0.1807141751050949,5.560774803161621,offload,309.25421142578125,2000.0,70.0,0.1806369721889495,0.0127307539805769,0.1494664400815963,True,6.0,0.1807141751050949,acdnet,3.749962568283081,100.0,pytorch,178773.609375,8.891021728515625,7.917476177215576,400.0,1.0,1.0,10.0,72.2856674194336,500.0,250210_acd_onoffbench.csv,0.1804268956184387,2025-03-20T16:05:05.290Z
0.1944341659545898,5.147865295410156,offload,205.0647125244141,2000.0,70.0,0.1943368762731552,0.0090136369690299,0.1649526208639145,True,3.0,0.1944341659545898,acdnet,3.789627552032471,100.0,pytorch,178773.609375,8.077518463134766,7.359328269958496,400.0,1.0,1.0,10.0,77.77366638183594,500.0,250210_acd_onoffbench.csv,0.1956842541694641,2025-03-20T16:05:05.290Z
0.3251041769981384,3.07716965675354,offload,114.10002136230467,4000.0,70.0,0.3250336050987243,0.0099922083318233,0.2937427759170532,True,1.0,0.3251041769981384,acdnet,4.033578395843506,100.0,pytorch,178773.609375,5.0999836921691895,4.400125980377197,400.0,1.0,1.0,5.0,130.0416717529297,500.0,250210_acd_onoffbench.csv,0.3243763148784637,2025-03-20T16:05:05.290Z
0.3351874947547912,2.986284017562866,offload,133.60443115234375,4000.0,70.0,0.3350555598735809,0.0093095358461141,0.3028806746006012,True,3.0,0.3351874947547912,acdnet,3.862620115280152,100.0,pytorch,178773.609375,4.8677263259887695,4.268512725830078,400.0,1.0,1.0,5.0,134.0749969482422,500.0,250210_acd_onoffbench.csv,0.3344954550266266,2025-03-20T16:05:05.290Z
0.3275583386421203,3.054929733276367,offload,133.85882568359375,2000.0,70.0,0.3274571001529693,0.0089150108397006,0.294499397277832,True,3.0,0.3275583386421203,acdnet,4.079371452331543,100.0,pytorch,178773.609375,5.036412715911865,4.367560863494873,400.0,1.0,1.0,5.0,131.02333068847656,500.0,250210_acd_onoffbench.csv,0.3263745009899139,2025-03-20T16:05:05.290Z
0.0668724998831749,15.086807250976562,offload,322.7793884277344,2000.0,40.0,0.06668571382761,0.0358811095356941,0.0426072143018245,True,1.0,0.0668724998831749,acdnet,3.829784870147705,40.0,pytorch,178773.609375,22.232925415039062,21.446706771850582,400.0,1.0,1.0,70.0,26.749000549316406,500.0,250210_acd_onoffbench.csv,0.0677702948451042,2025-03-20T16:05:05.290Z
0.0702941641211509,14.238122940063477,offload,661.5045776367188,4000.0,40.0,0.0701938942074775,0.0198625996708869,0.0442240983247756,True,6.0,0.0702941641211509,acdnet,4.08317232131958,40.0,pytorch,178773.609375,19.30600357055664,20.374832153320312,400.0,1.0,1.0,70.0,28.11766624450684,500.0,250210_acd_onoffbench.csv,0.0692982599139213,2025-03-20T16:05:05.290Z
0.0905458331108093,11.047051429748535,offload,264.3500671386719,4000.0,40.0,0.0904669687151908,0.017556432634592,0.0639189332723617,True,1.0,0.0905458331108093,acdnet,3.802823781967163,40.0,pytorch,178773.609375,16.37335968017578,15.80896282196045,400.0,1.0,1.0,70.0,36.21833419799805,500.0,250210_acd_onoffbench.csv,0.0908557325601577,2025-03-20T16:05:05.290Z
0.0646374970674514,15.74121379852295,offload,674.6580200195312,2000.0,40.0,0.064563401043415,0.0350822135806083,0.0405312925577163,True,6.0,0.0646374970674514,acdnet,3.957096576690674,40.0,pytorch,178773.609375,23.140953063964844,22.15169715881348,400.0,1.0,1.0,70.0,25.854999542236328,500.0,250210_acd_onoffbench.csv,0.0644653961062431,2025-03-20T16:05:05.290Z
0.0800508335232734,12.675591468811035,offload,323.2961730957031,4000.0,40.0,0.0799356177449226,0.4310991168022156,0.0440944582223892,True,1.0,0.0800508335232734,acdnet,4.075850009918213,40.0,pytorch,178773.609375,17.010902404785156,17.891759872436523,400.0,1.0,1.0,30.0,32.02033233642578,500.0,250210_acd_onoffbench.csv,0.0701391175389289,2025-03-20T16:05:05.290Z
0.0790808349847793,13.12946605682373,offload,439.7059020996094,4000.0,40.0,0.0790047124028205,0.0651182532310485,0.051460325717926,True,3.0,0.0790808349847793,acdnet,3.776955366134644,40.0,pytorch,178773.609375,20.158485412597656,18.102575302124023,400.0,1.0,1.0,30.0,31.632333755493164,500.0,250210_acd_onoffbench.csv,0.0788236856460571,2025-03-20T16:05:05.290Z
0.1002124994993209,10.342288970947266,offload,345.8457946777344,2000.0,40.0,0.1000352054834365,0.0348016433417797,0.0726809874176979,True,3.0,0.1002124994993209,acdnet,3.7731308937072754,40.0,pytorch,178773.609375,15.54015827178955,14.296854972839355,400.0,1.0,1.0,70.0,40.084999084472656,500.0,250210_acd_onoffbench.csv,0.1002639457583427,2025-03-20T16:05:05.290Z
0.0632808357477188,15.868207931518556,offload,633.2984619140625,2000.0,40.0,0.0631936565041542,1.7459379434585571,0.0265257861465215,True,3.0,0.0632808357477188,acdnet,4.219089508056641,40.0,pytorch,178773.609375,22.311107635498047,22.6318416595459,400.0,1.0,1.0,30.0,25.312334060668945,500.0,250210_acd_onoffbench.csv,0.0625532269477844,2025-03-20T16:05:05.290Z
0.1201866641640663,8.428861618041992,offload,1862.7401123046875,2000.0,40.0,0.1200411021709442,1.5866230726242063,0.0049534095451235,False,6.0,0.1201866641640663,acdnet,0.01072867680341,40.0,pytorch,178773.609375,12.584168434143066,11.914159774780272,400.0,1.0,1.0,15.0,48.07466506958008,500.0,250210_acd_onoffbench.csv,0.1129656955599784,2025-03-20T16:05:05.290Z
0.1577350050210952,6.3398051261901855,offload,2039.8115234375,4000.0,40.0,0.1576374173164367,0.0192517209798097,0.0888152047991752,False,6.0,0.1577350050210952,acdnet,0.0222495403140783,40.0,pytorch,178773.609375,9.725452423095703,9.072649002075195,400.0,1.0,1.0,10.0,63.093997955322266,500.0,250210_acd_onoffbench.csv,0.1563516110181808,2025-03-20T16:05:05.290Z
0.1578291654586792,6.335979461669922,offload,1083.059814453125,4000.0,40.0,0.1577682048082351,0.0116202319040894,0.0998137816786766,False,3.0,0.1578291654586792,acdnet,0.0187995433807373,40.0,pytorch,178773.609375,10.159485816955566,9.0651273727417,400.0,1.0,1.0,10.0,63.13166809082031,500.0,250210_acd_onoffbench.csv,0.1565084308385849,2025-03-20T16:05:05.290Z
0.1575008332729339,6.349244594573975,offload,1328.8165283203125,2000.0,40.0,0.1574298292398452,0.0260942913591861,0.0707149058580398,False,3.0,0.1575008332729339,acdnet,0.0154163045808672,40.0,pytorch,178773.609375,10.320680618286133,9.084611892700195,400.0,1.0,1.0,10.0,63.000335693359375,500.0,250210_acd_onoffbench.csv,0.1561690121889114,2025-03-20T16:05:05.290Z
0.1573258340358734,6.3562445640563965,offload,842.2211303710938,2000.0,40.0,0.1572479158639907,0.0837801694869995,0.0269464123994112,False,1.0,0.1573258340358734,acdnet,0.0287531223148107,40.0,pytorch,178773.609375,10.430705070495604,9.095121383666992,400.0,1.0,1.0,10.0,62.93033218383789,500.0,250210_acd_onoffbench.csv,0.155818223953247,2025-03-20T16:05:05.290Z
0.1576299965381622,6.344182968139648,offload,690.273193359375,4000.0,40.0,0.1575830429792404,0.054549042135477,0.046710155904293,False,1.0,0.1576299965381622,acdnet,0.0104083223268389,40.0,pytorch,178773.609375,10.077607154846191,9.07577896118164,400.0,1.0,1.0,10.0,63.05199813842773,500.0,250210_acd_onoffbench.csv,0.1560421735048294,2025-03-20T16:05:05.290Z
0.2108891606330871,4.937179088592529,offload,1794.6270751953125,2000.0,40.0,0.2108205705881118,7.739842891693115,0.0293484535068273,False,6.0,0.2108891606330871,acdnet,0.0199929866939783,40.0,pytorch,178773.609375,7.56142520904541,6.783915042877197,400.0,1.0,1.0,10.0,84.35566711425781,500.0,250210_acd_onoffbench.csv,0.1789917796850204,2025-03-20T16:05:05.290Z
0.3168366551399231,3.156275987625122,offload,704.700439453125,4000.0,40.0,0.3167610168457031,0.0096228551119565,0.2372409105300903,False,3.0,0.3168366551399231,acdnet,0.0232884082943201,40.0,pytorch,178773.609375,5.171199321746826,4.515040397644043,400.0,1.0,1.0,5.0,126.7346649169922,500.0,250210_acd_onoffbench.csv,0.3161779046058655,2025-03-20T16:05:05.290Z
0.3384124934673309,2.95739221572876,offload,103.32667541503906,2000.0,70.0,0.338314950466156,0.0085866609588265,0.308006078004837,True,1.0,0.3384124934673309,acdnet,3.7499823570251465,100.0,pytorch,178773.609375,4.864919662475586,4.227388858795166,400.0,1.0,1.0,5.0,135.36500549316406,500.0,250210_acd_onoffbench.csv,0.3381974399089813,2025-03-20T16:05:05.290Z
0.3456216752529144,2.894024610519409,offload,176.8462677001953,4000.0,70.0,0.3455439209938049,0.0097580049186944,0.3134679794311523,True,6.0,0.3456216752529144,acdnet,3.811786413192749,100.0,pytorch,178773.609375,4.823451995849609,4.138949871063232,400.0,1.0,1.0,5.0,138.24867248535156,500.0,250210_acd_onoffbench.csv,0.3457993268966675,2025-03-20T16:05:05.290Z
0.3399133384227752,2.946178913116455,offload,186.04080200195312,2000.0,70.0,0.3398484289646148,0.0093103870749473,0.3059494793415069,True,6.0,0.3399133384227752,acdnet,3.9454286098480233,100.0,pytorch,178773.609375,4.893434047698975,4.208313941955566,400.0,1.0,1.0,5.0,135.96533203125,500.0,250210_acd_onoffbench.csv,0.3394187092781067,2025-03-20T16:05:05.290Z
0.5401108264923096,1.8517497777938845,offload,121.77889251708984,4000.0,70.0,0.540007472038269,0.0077806627377867,0.5053022503852844,True,6.0,0.5401108264923096,acdnet,4.093235492706299,100.0,pytorch,178773.609375,3.200029134750366,2.648461103439331,400.0,1.0,1.0,3.0,216.0443420410156,500.0,250210_acd_onoffbench.csv,0.540184736251831,2025-03-20T16:05:05.290Z
0.555554986000061,1.800395369529724,offload,84.08341217041016,4000.0,70.0,0.5554810762405396,0.007114921696484,0.5222741961479187,True,3.0,0.555554986000061,acdnet,3.836841106414795,100.0,pytorch,178773.609375,3.1464171409606934,2.5746850967407227,400.0,1.0,1.0,3.0,222.2220001220703,500.0,250210_acd_onoffbench.csv,0.5552557110786438,2025-03-20T16:05:05.290Z
0.5485958456993103,1.8235079050064087,offload,70.7519760131836,2000.0,70.0,0.548508882522583,0.0080224629491567,0.5139977335929871,True,1.0,0.5485958456993103,acdnet,3.9167542457580566,100.0,pytorch,178773.609375,3.09605073928833,2.607412338256836,400.0,1.0,1.0,3.0,219.43833923339844,500.0,250210_acd_onoffbench.csv,0.5476812720298767,2025-03-20T16:05:05.290Z
0.5660374760627747,1.7666782140731812,offload,66.29714965820312,4000.0,70.0,0.5659430027008057,0.0075711086392402,0.5329909920692444,True,1.0,0.5660374760627747,acdnet,3.706872940063477,100.0,pytorch,178773.609375,3.142163753509521,2.527090072631836,400.0,1.0,1.0,3.0,226.4149932861328,500.0,250210_acd_onoffbench.csv,0.5667916536331177,2025-03-20T16:05:05.290Z
0.5567683577537537,1.796465516090393,offload,116.05452728271484,2000.0,70.0,0.5566643476486206,0.0080794664099812,0.5219648480415344,True,6.0,0.5567683577537537,acdnet,4.081170558929443,100.0,pytorch,178773.609375,3.176353693008423,2.5692124366760254,400.0,1.0,1.0,3.0,222.70733642578125,500.0,250210_acd_onoffbench.csv,0.5564857125282288,2025-03-20T16:05:05.290Z
0.5627816915512085,1.7769917249679563,offload,81.7731704711914,2000.0,70.0,0.5627099275588989,0.007191059179604,0.5298407077789307,True,3.0,0.5627816915512085,acdnet,3.824019193649292,100.0,pytorch,178773.609375,3.127657175064087,2.541609525680542,400.0,1.0,1.0,3.0,225.1126708984375,500.0,250210_acd_onoffbench.csv,0.5630289912223816,2025-03-20T16:05:05.290Z
1.6371707916259766,0.6109918355941772,offload,26.745872497558597,4000.0,70.0,1.6370989084243774,0.0561762750148773,1.57889723777771,True,1.0,1.6371707916259766,acdnet,4.087889194488525,100.0,pytorch,178773.609375,1.115821361541748,0.8736117482185364,400.0,1.0,1.0,1.0,654.8683471679688,500.0,250210_acd_onoffbench.csv,1.635812520980835,2025-03-20T16:05:05.290Z
0.1550308316946029,6.450619220733643,ondevice,958.5503540039062,1000.0,100.0,0.1549461483955383,23.223085403442383,0.0003657402703538537,False,1.0,0.1550308316946029,acdnet,0.0584774017333984,70.0,pytorch,178734.234375,0.0,9.228199005126951,400.0,0.0,1.0,0.0,62.012332916259766,1000.0,250210_acd_onoffbench.csv,0.0,2025-03-20T16:05:05.290Z
0.1556633412837982,6.426443099975586,ondevice,925.6004028320312,1000.0,70.0,0.1556043326854705,23.33143424987793,0.0003315035719424486,False,1.0,0.1556633412837982,acdnet,0.0350268669426441,70.0,pytorch,178734.234375,0.0,9.189165115356444,400.0,0.0,1.0,0.0,62.26533508300781,1000.0,250210_acd_onoffbench.csv,0.0,2025-03-20T16:05:05.290Z
0.1818591654300689,5.812258243560791,ondevice,989.82958984375,1000.0,70.0,0.1818138659000396,27.27629280090332,0.0004984551924280822,False,6.0,0.1818591654300689,acdnet,0.1810619086027145,70.0,pytorch,178734.234375,0.0,7.864492893218994,400.0,0.0,1.0,0.0,72.74366760253906,1000.0,250210_acd_onoffbench.csv,0.0,2025-03-20T16:05:05.290Z
0.2649316787719726,3.974687814712525,ondevice,986.8206787109376,1000.0,40.0,0.2648723125457763,39.95527648925781,0.0005619911244139075,False,3.0,0.2649316787719726,acdnet,0.1535460948944091,100.0,pytorch,178734.234375,0.0,5.398351669311523,400.0,0.0,1.0,0.0,105.97267150878906,1000.0,250210_acd_onoffbench.csv,0.0,2025-03-20T16:05:05.290Z
0.201701670885086,4.991331577301025,ondevice,960.0534057617188,1000.0,100.0,0.2016156017780304,30.375112533569336,0.0003886590420734137,False,1.0,0.201701670885086,acdnet,0.1133577823638916,100.0,pytorch,178734.234375,0.0,7.092079639434815,400.0,0.0,1.0,0.0,80.6806640625,1000.0,250210_acd_onoffbench.csv,0.0,2025-03-20T16:05:05.290Z
0.2271725088357925,4.436469554901123,ondevice,957.9973754882812,1000.0,40.0,0.2271006554365158,34.08403778076172,0.0005098024848848581,False,1.0,0.2271725088357925,acdnet,0.1320564746856689,100.0,pytorch,178734.234375,0.0,6.296212196350098,400.0,0.0,1.0,0.0,90.86900329589844,1000.0,250210_acd_onoffbench.csv,0.0,2025-03-20T16:05:05.290Z
0.2308575063943863,4.344120025634766,ondevice,979.0847778320312,1000.0,70.0,0.2307906150817871,34.712646484375,0.0004507809935603291,False,1.0,0.2308575063943863,acdnet,0.1434667110443115,100.0,pytorch,178734.234375,0.0,6.19554615020752,400.0,0.0,1.0,0.0,92.34300231933594,1000.0,250210_acd_onoffbench.csv,0.0,2025-03-20T16:05:05.290Z
0.1906716674566269,5.568713665008545,ondevice,991.3698120117188,1000.0,100.0,0.1905905157327652,28.777851104736328,0.0005484407884068787,False,3.0,0.1906716674566269,acdnet,0.1239359378814697,70.0,pytorch,178734.234375,0.0,7.502335071563721,400.0,0.0,1.0,0.0,76.26866912841797,1000.0,250210_acd_onoffbench.csv,0.0,2025-03-20T16:05:05.290Z
0.2661641836166382,4.157005310058594,ondevice,962.4954833984376,1000.0,70.0,0.2660830914974212,39.78258514404297,0.0004695469106081873,False,6.0,0.2661641836166382,acdnet,0.1915469914674759,100.0,pytorch,178734.234375,0.0,5.373786926269531,400.0,0.0,1.0,0.0,106.46566772460938,1000.0,250210_acd_onoffbench.csv,0.0,2025-03-20T16:05:05.290Z
0.3199233114719391,3.222372531890869,ondevice,489.9139709472656,500.0,70.0,0.3198126852512359,47.70145797729492,0.0008566087344661355,False,1.0,0.3199233114719391,acdnet,0.1426656246185302,70.0,pytorch,178734.234375,0.0,4.470973014831543,400.0,0.0,1.0,0.0,127.96932983398438,500.0,250210_acd_onoffbench.csv,0.0,2025-03-20T16:05:05.290Z
0.2748283445835113,3.6399996280670166,ondevice,991.0269165039062,1000.0,100.0,0.2747716009616852,41.16716384887695,0.0008972561336122453,False,6.0,0.2748283445835113,acdnet,0.1069211140275001,70.0,pytorch,178734.234375,0.0,5.203863620758057,400.0,0.0,1.0,0.0,109.93133544921876,1000.0,250210_acd_onoffbench.csv,0.0,2025-03-20T16:05:05.290Z
0.2883133292198181,3.7733893394470215,ondevice,966.505126953125,1000.0,100.0,0.2882654666900635,43.25135803222656,0.0006088564405217767,False,3.0,0.2883133292198181,acdnet,0.1798853129148483,100.0,pytorch,178734.234375,0.0,4.960268020629883,400.0,0.0,1.0,0.0,115.32533264160156,1000.0,250210_acd_onoffbench.csv,0.0,2025-03-20T16:05:05.290Z
0.295116662979126,3.5532350540161133,ondevice,989.7264404296876,1000.0,70.0,0.295052021741867,44.30304718017578,0.0006324927089735866,False,3.0,0.295116662979126,acdnet,0.1395540982484817,100.0,pytorch,178734.234375,0.0,4.846175670623779,400.0,0.0,1.0,0.0,118.04666900634766,1000.0,250210_acd_onoffbench.csv,0.0,2025-03-20T16:05:05.290Z
0.285645842552185,3.526135206222534,ondevice,491.98333740234375,500.0,70.0,0.2855896353721618,42.885284423828125,0.0004999186494387686,False,3.0,0.285645842552185,acdnet,0.2292709350585937,70.0,pytorch,178734.234375,0.0,5.00674295425415,400.0,0.0,1.0,0.0,114.25833129882812,500.0,250210_acd_onoffbench.csv,0.0,2025-03-20T16:05:05.290Z
0.3432941436767578,2.9156174659729004,ondevice,974.055419921875,1000.0,100.0,0.3432357609272003,51.57674789428711,0.0008804593235254288,False,6.0,0.3432941436767578,acdnet,0.1945188045501709,100.0,pytorch,178734.234375,0.0,4.165864944458008,400.0,0.0,1.0,0.0,137.31765747070312,1000.0,250210_acd_onoffbench.csv,0.0,2025-03-20T16:05:05.290Z
0.5463575124740601,2.0335052013397217,ondevice,498.734619140625,500.0,100.0,0.5462325811386108,81.7618408203125,0.001199806923978,False,3.0,0.5463575124740601,acdnet,0.3461584150791168,70.0,pytorch,178734.234375,0.0,2.617701768875122,400.0,0.0,1.0,0.0,218.54299926757807,500.0,250210_acd_onoffbench.csv,0.0,2025-03-20T16:05:05.290Z
0.3733900189399719,2.7424240112304688,ondevice,481.6150207519531,500.0,100.0,0.3733187317848205,55.818580627441406,0.0008597067790105939,False,6.0,0.3733900189399719,acdnet,0.471252828836441,70.0,pytorch,178734.234375,0.0,3.830169200897217,400.0,0.0,1.0,0.0,149.3560028076172,500.0,250210_acd_onoffbench.csv,0.0,2025-03-20T16:05:05.290Z
0.3930966556072235,2.553370714187622,ondevice,497.9245300292969,500.0,40.0,0.3930191695690155,58.98492050170898,0.0008525929879397154,False,3.0,0.3930966556072235,acdnet,0.3040542602539062,100.0,pytorch,178734.234375,0.0,3.63817834854126,400.0,0.0,1.0,0.0,157.23866271972656,500.0,250210_acd_onoffbench.csv,0.0,2025-03-20T16:05:05.290Z
0.3977808356285095,2.521740674972534,ondevice,500.775634765625,500.0,100.0,0.3976500630378723,60.01213836669922,0.0011782163055613,False,1.0,0.3977808356285095,acdnet,0.2793615758419037,70.0,pytorch,178734.234375,0.0,3.5958094596862797,400.0,0.0,1.0,0.0,159.11233520507812,500.0,250210_acd_onoffbench.csv,0.0,2025-03-20T16:05:05.290Z
0.4172316491603851,2.406473159790039,ondevice,500.3448791503906,500.0,40.0,0.4171465337276459,62.58635711669922,0.0005535244708880782,False,1.0,0.4172316491603851,acdnet,0.1314642429351806,100.0,pytorch,178734.234375,0.0,3.4277496337890625,400.0,0.0,1.0,0.0,166.89266967773438,500.0,250210_acd_onoffbench.csv,0.0,2025-03-20T16:05:05.290Z
0.4693249762058258,2.134737968444824,ondevice,496.1844787597656,500.0,40.0,0.4692153334617615,70.52183532714844,0.0004350247036200017,False,6.0,0.4693249762058258,acdnet,0.4663810729980469,100.0,pytorch,178734.234375,0.0,3.047372341156006,400.0,0.0,1.0,0.0,187.72999572753903,500.0,250210_acd_onoffbench.csv,0.0,2025-03-20T16:05:05.290Z
0.6654641628265381,1.512012243270874,ondevice,500.5335388183594,500.0,100.0,0.6653369069099426,99.28103637695312,0.0014149422058835,False,1.0,0.6654641628265381,acdnet,0.6281569600105286,100.0,pytorch,178734.234375,0.0,2.149097442626953,400.0,0.0,1.0,0.0,266.1856689453125,500.0,250210_acd_onoffbench.csv,0.0,2025-03-20T16:05:05.290Z
0.7227133512496948,1.384455323219299,ondevice,499.5036926269531,500.0,100.0,0.7225670218467712,108.40348815917967,0.0011747906683012,False,3.0,0.7227133512496948,acdnet,0.4695223867893219,100.0,pytorch,178734.234375,0.0,1.978880524635315,400.0,0.0,1.0,0.0,289.0853271484375,500.0,250210_acd_onoffbench.csv,0.0,2025-03-20T16:05:05.290Z
0.5972099900245667,1.829284429550171,ondevice,499.9639587402344,500.0,70.0,0.5971552729606628,89.75765991210938,0.0008845321135595441,False,1.0,0.5972099900245667,acdnet,0.3238656520843506,100.0,pytorch,178734.234375,0.0,2.3944756984710693,400.0,0.0,1.0,0.0,238.88400268554688,500.0,250210_acd_onoffbench.csv,0.0,2025-03-20T16:05:05.290Z
0.7243733406066895,1.5433753728866575,ondevice,500.1318359375,500.0,70.0,0.72429358959198,108.6512680053711,0.0010091237490996,False,3.0,0.7243733406066895,acdnet,0.4622358381748199,100.0,pytorch,178734.234375,0.0,1.9741634130477903,400.0,0.0,1.0,0.0,289.74932861328125,500.0,250210_acd_onoffbench.csv,0.0,2025-03-20T16:05:05.290Z
0.8451237678527832,1.1832979917526243,ondevice,496.565185546875,500.0,100.0,0.8450385332107544,127.30823516845705,0.0014778160257264,False,6.0,0.8451237678527832,acdnet,0.712913990020752,100.0,pytorch,178734.234375,0.0,1.6920812129974363,400.0,0.0,1.0,0.0,338.04949951171875,500.0,250210_acd_onoffbench.csv,0.0,2025-03-20T16:05:05.290Z
0.8570783138275146,1.1710023880004885,ondevice,497.5338439941406,500.0,70.0,0.8569673299789429,128.0109405517578,0.0015971014508977,False,6.0,0.8570783138275146,acdnet,0.540687620639801,100.0,pytorch,178734.234375,0.0,1.6685279607772827,400.0,0.0,1.0,0.0,342.8313293457031,500.0,250210_acd_onoffbench.csv,0.0,2025-03-20T16:05:05.290Z
0.1121716648340225,9.395567893981934,ondevice,991.55615234375,1000.0,100.0,0.1120962724089622,16.728883743286133,0.0004393460403662175,False,1.0,0.1121716648340225,acdnet,0.0452727489173412,40.0,pytorch,178734.234375,0.0,12.755765914916992,400.0,0.0,1.0,0.0,44.86866760253906,1000.0,250210_acd_onoffbench.csv,0.0,2025-03-20T16:05:05.290Z
0.1010341644287109,9.999947547912598,ondevice,979.9747924804688,1000.0,70.0,0.1009791940450668,15.0733003616333,0.0004342074971646071,False,1.0,0.1010341644287109,acdnet,0.0311531219631433,40.0,pytorch,178734.234375,0.0,14.16008472442627,400.0,0.0,1.0,0.0,40.413665771484375,1000.0,250210_acd_onoffbench.csv,0.0,2025-03-20T16:05:05.290Z
0.1212483346462249,8.437786102294922,ondevice,971.0143432617188,1000.0,100.0,0.1211945340037345,18.21532249450684,0.0004702850128524005,False,3.0,0.1212483346462249,acdnet,0.0690294131636619,40.0,pytorch,178734.234375,0.0,11.798171997070312,400.0,0.0,1.0,0.0,48.49933242797852,1000.0,250210_acd_onoffbench.csv,0.0,2025-03-20T16:05:05.290Z
0.1227158308029174,8.151942253112793,ondevice,1002.7569580078124,1000.0,70.0,0.1226254254579544,18.34540557861328,0.0002810748410411179,False,6.0,0.1227158308029174,acdnet,0.0987718924880027,40.0,pytorch,178734.234375,0.0,11.660500526428224,400.0,0.0,1.0,0.0,49.086334228515625,1000.0,250210_acd_onoffbench.csv,0.0,2025-03-20T16:05:05.290Z
0.1374983340501785,7.490214824676514,ondevice,990.5635986328124,1000.0,70.0,0.1374446451663971,20.716535568237305,0.00041954717016778886,False,3.0,0.1374983340501785,acdnet,0.0829279422760009,40.0,pytorch,178734.234375,0.0,10.403270721435549,400.0,0.0,1.0,0.0,54.99933242797852,1000.0,250210_acd_onoffbench.csv,0.0,2025-03-20T16:05:05.290Z
0.1643558293581009,6.132025241851807,ondevice,978.1311645507812,1000.0,40.0,0.1640392541885376,24.9555606842041,0.0006459754658862948,False,6.0,0.1643558293581009,acdnet,0.0708710327744484,40.0,pytorch,178734.234375,0.0,8.716656684875488,400.0,0.0,1.0,0.0,65.7423324584961,1000.0,250210_acd_onoffbench.csv,0.0,2025-03-20T16:05:05.290Z
0.1246299967169761,8.52525520324707,ondevice,962.3013916015624,1000.0,40.0,0.1245497912168502,18.556150436401367,0.00043735027429647744,False,1.0,0.1246299967169761,acdnet,0.0296047534793615,40.0,pytorch,178734.234375,0.0,11.480339050292969,400.0,0.0,1.0,0.0,49.85200119018555,1000.0,250210_acd_onoffbench.csv,0.0,2025-03-20T16:05:05.290Z
0.1703608334064483,5.957620143890381,ondevice,1006.4159545898438,1000.0,40.0,0.1702400892972946,25.650171279907227,0.0006640388746745884,False,3.0,0.1703608334064483,acdnet,0.0764443054795265,40.0,pytorch,178734.234375,0.0,8.399160385131836,400.0,0.0,1.0,0.0,68.14433288574219,1000.0,250210_acd_onoffbench.csv,0.0,2025-03-20T16:05:05.290Z
0.1638758331537246,6.277478694915772,ondevice,987.478759765625,1000.0,40.0,0.1638173609972,24.54884147644043,0.0004896621103398502,False,1.0,0.1638758331537246,acdnet,0.059108018875122,70.0,pytorch,178734.234375,0.0,8.728463172912598,400.0,0.0,1.0,0.0,65.55033111572266,1000.0,250210_acd_onoffbench.csv,0.0,2025-03-20T16:05:05.290Z
0.2339708358049392,4.349409580230713,ondevice,994.538818359375,1000.0,40.0,0.2339045107364654,35.03622055053711,0.0007364428020082414,False,3.0,0.2339708358049392,acdnet,0.0791718140244484,70.0,pytorch,178734.234375,0.0,6.113066673278809,400.0,0.0,1.0,0.0,93.5883331298828,1000.0,250210_acd_onoffbench.csv,0.0,2025-03-20T16:05:05.290Z
0.2563991844654083,4.143655776977539,ondevice,472.8228454589844,500.0,40.0,0.2563250064849853,38.6776237487793,0.0007229163311421871,False,3.0,0.2563991844654083,acdnet,0.1632602959871292,40.0,pytorch,178734.234375,0.0,5.578362941741943,400.0,0.0,1.0,0.0,102.5596694946289,500.0,250210_acd_onoffbench.csv,0.0,2025-03-20T16:05:05.290Z
0.2074691653251648,4.824227809906006,ondevice,497.2097473144531,500.0,70.0,0.2073366343975067,31.04718780517578,0.0005685232463292778,False,1.0,0.2074691653251648,acdnet,0.0353315658867359,40.0,pytorch,178734.234375,0.0,6.896388053894043,400.0,0.0,1.0,0.0,82.9876708984375,500.0,250210_acd_onoffbench.csv,0.0,2025-03-20T16:05:05.290Z
0.2297116667032241,4.426026344299316,ondevice,992.9042358398438,1000.0,40.0,0.2296470999717712,34.49120330810547,0.0008124629384838045,False,6.0,0.2297116667032241,acdnet,0.0763529911637306,70.0,pytorch,178734.234375,0.0,6.226396560668945,400.0,0.0,1.0,0.0,91.8846664428711,1000.0,250210_acd_onoffbench.csv,0.0,2025-03-20T16:05:05.290Z
0.2581316530704498,4.025796890258789,ondevice,497.5559387207031,500.0,40.0,0.2580239474773407,38.56680679321289,0.0008076107478700578,False,1.0,0.2581316530704498,acdnet,0.1087420806288719,40.0,pytorch,178734.234375,0.0,5.541632652282715,400.0,0.0,1.0,0.0,103.2526626586914,500.0,250210_acd_onoffbench.csv,0.0,2025-03-20T16:05:05.290Z
0.2264000028371811,4.44615364074707,ondevice,498.3531494140625,500.0,70.0,0.2263483852148056,33.86068344116211,0.0004818769230041653,False,3.0,0.2264000028371811,acdnet,0.1078015938401222,40.0,pytorch,178734.234375,0.0,6.317137718200684,400.0,0.0,1.0,0.0,90.55999755859376,500.0,250210_acd_onoffbench.csv,0.0,2025-03-20T16:05:05.290Z
0.2365449965000152,4.250026702880859,ondevice,481.5744323730469,500.0,40.0,0.2364392429590225,35.56810760498047,0.0002901818370446563,False,6.0,0.2365449965000152,acdnet,0.2387828826904297,40.0,pytorch,178734.234375,0.0,6.047532081604004,400.0,0.0,1.0,0.0,94.61799621582033,500.0,250210_acd_onoffbench.csv,0.0,2025-03-20T16:05:05.290Z
0.4775108397006988,2.220111846923828,ondevice,499.1747741699219,500.0,40.0,0.4773496091365814,71.66598510742188,0.0010147241409868,False,6.0,0.4775108397006988,acdnet,0.4327130317687988,70.0,pytorch,178734.234375,0.0,2.99544358253479,400.0,0.0,1.0,0.0,191.00433349609372,500.0,250210_acd_onoffbench.csv,0.0,2025-03-20T16:05:05.290Z
0.3190025091171264,3.298915147781372,ondevice,501.19720458984375,500.0,100.0,0.3189245462417602,47.86515045166016,0.0010245046578347,False,1.0,0.3190025091171264,acdnet,0.0725550651550293,40.0,pytorch,178734.234375,0.0,4.483423709869385,400.0,0.0,1.0,0.0,127.60099792480467,500.0,250210_acd_onoffbench.csv,0.0,2025-03-20T16:05:05.290Z
0.4411283433437347,2.307501554489136,ondevice,498.85150146484375,500.0,100.0,0.4410658478736877,65.5066146850586,0.0013140012742951,False,3.0,0.4411283433437347,acdnet,0.1501994878053665,40.0,pytorch,178734.234375,0.0,3.2418603897094727,400.0,0.0,1.0,0.0,176.4513397216797,500.0,250210_acd_onoffbench.csv,0.0,2025-03-20T16:05:05.290Z
0.4021649956703186,2.498516798019409,ondevice,502.5667724609375,500.0,100.0,0.4021070301532745,60.1892204284668,0.0013455579755827,False,6.0,0.4021649956703186,acdnet,0.2707053124904632,40.0,pytorch,178734.234375,0.0,3.55595326423645,400.0,0.0,1.0,0.0,160.86599731445312,500.0,250210_acd_onoffbench.csv,0.0,2025-03-20T16:05:05.290Z
0.2859599888324737,3.866147756576538,ondevice,496.2738342285156,500.0,70.0,0.2858277559280395,43.033084869384766,0.000709228334017098,False,6.0,0.2859599888324737,acdnet,0.2362139970064163,40.0,pytorch,178734.234375,0.0,5.0025715827941895,400.0,0.0,1.0,0.0,114.38400268554688,500.0,250210_acd_onoffbench.csv,0.0,2025-03-20T16:05:05.290Z
0.463334172964096,2.194205045700073,ondevice,503.033447265625,500.0,40.0,0.4632000029087066,69.61373901367188,0.0016333278035745,False,1.0,0.463334172964096,acdnet,0.2636467516422272,70.0,pytorch,178734.234375,0.0,3.086947202682495,400.0,0.0,1.0,0.0,185.3336639404297,500.0,250210_acd_onoffbench.csv,0.0,2025-03-20T16:05:05.290Z
0.5618025064468384,1.799028396606445,ondevice,496.6695556640625,500.0,40.0,0.5617331862449646,84.42777252197266,0.0015249695861712,False,3.0,0.5618025064468384,acdnet,0.1571505814790725,70.0,pytorch,178734.234375,0.0,2.5454680919647217,400.0,0.0,1.0,0.0,224.72100830078125,500.0,250210_acd_onoffbench.csv,0.0,2025-03-20T16:05:05.290Z
0.4225433468818664,2.7417702674865723,ondevice,497.4747009277344,500.0,70.0,0.4224915504455566,63.35296630859375,0.0008758167386986315,False,6.0,0.4225433468818664,acdnet,0.3339389264583587,70.0,pytorch,178734.234375,0.0,3.384384632110596,400.0,0.0,1.0,0.0,169.017333984375,500.0,250210_acd_onoffbench.csv,0.0,2025-03-20T16:05:05.290Z
0.1167008355259895,8.939791679382324,offload,3866.44580078125,4000.0,100.0,0.1166138648986816,11.918288230895996,0.0014490575995296,False,6.0,0.1167008355259895,acdnet,0.0527044124901294,100.0,pytorch,178773.609375,13.451784133911133,12.264312744140623,400.0,1.0,1.0,30.0,46.68033599853516,500.0,250210_acd_onoffbench.csv,0.0642832219600677,2025-03-20T16:05:05.290Z
0.0928324982523918,10.803157806396484,offload,3602.556884765625,4000.0,100.0,0.0927308499813079,7.747087955474853,0.0014614723622798,False,6.0,0.0928324982523918,acdnet,0.0324658565223217,100.0,pytorch,178773.609375,15.05528736114502,15.423009872436523,400.0,1.0,1.0,70.0,37.132999420166016,500.0,250210_acd_onoffbench.csv,0.0562729872763156,2025-03-20T16:05:05.290Z
0.0875350013375282,11.4877347946167,offload,2397.5009765625,4000.0,100.0,0.0874858126044273,12.64373779296875,0.00028963806107640266,False,3.0,0.0875350013375282,acdnet,0.033182144165039,100.0,pytorch,178773.609375,17.30889129638672,16.347665786743164,400.0,1.0,1.0,70.0,35.013999938964844,500.0,250210_acd_onoffbench.csv,0.0259303078055381,2025-03-20T16:05:05.290Z
0.1100216656923294,9.098612785339355,offload,2303.951904296875,4000.0,100.0,0.1099376529455185,0.1459523439407348,0.0169306155294179,False,3.0,0.1100216656923294,acdnet,0.0661517009139061,100.0,pytorch,178773.609375,14.122005462646484,13.009090423583984,400.0,1.0,1.0,15.0,44.0086669921875,500.0,250210_acd_onoffbench.csv,0.109347403049469,2025-03-20T16:05:05.290Z
0.1140541657805442,8.769618034362793,offload,3649.279541015625,4000.0,100.0,0.11395975202322,1.11759352684021,0.0089621767401695,False,6.0,0.1140541657805442,acdnet,0.0657172203063964,100.0,pytorch,178773.609375,13.598414421081545,12.549946784973145,400.0,1.0,1.0,15.0,45.62166595458984,500.0,250210_acd_onoffbench.csv,0.1090650483965873,2025-03-20T16:05:05.290Z
0.1072475016117096,9.623668670654297,offload,2588.7109375,4000.0,100.0,0.1071683391928672,10.494763374328612,0.0004228873876854777,False,3.0,0.1072475016117096,acdnet,0.0908740386366844,100.0,pytorch,178773.609375,15.13753604888916,13.345254898071287,400.0,1.0,1.0,30.0,42.89899826049805,500.0,250210_acd_onoffbench.csv,0.0535790920257568,2025-03-20T16:05:05.290Z
0.1462841629981994,7.054500102996826,offload,1926.990234375,2000.0,100.0,0.1461906433105468,18.96233367919922,0.0006261784001253545,False,3.0,0.1462841629981994,acdnet,0.0975199565291404,100.0,pytorch,178773.609375,10.610325813293455,9.783040046691896,400.0,1.0,1.0,30.0,58.513668060302734,500.0,250210_acd_onoffbench.csv,0.0546912029385566,2025-03-20T16:05:05.290Z
0.2280108332633972,4.516449451446533,offload,983.848876953125,4000.0,100.0,0.2279371321201324,35.13447189331055,0.0004016961611341685,False,1.0,0.2280108332633972,acdnet,0.0844351425766944,100.0,pytorch,178773.609375,7.094105243682861,6.27448844909668,400.0,1.0,1.0,30.0,91.20433044433594,500.0,250210_acd_onoffbench.csv,0.0518430732190609,2025-03-20T16:05:05.290Z
0.2182275056838989,4.593853950500488,offload,955.7174072265624,4000.0,100.0,0.2181596308946609,36.063018798828125,0.000324480322888121,False,1.0,0.2182275056838989,acdnet,0.0350600071251392,100.0,pytorch,178773.609375,6.837803363800049,6.555698871612549,400.0,1.0,1.0,70.0,87.29100036621094,500.0,250210_acd_onoffbench.csv,0.0385276861488819,2025-03-20T16:05:05.290Z
0.2076166719198227,5.01001501083374,offload,989.1024780273438,4000.0,100.0,0.207544058561325,19.981101989746094,0.0007020620396360755,False,1.0,0.2076166719198227,acdnet,0.0800205096602439,100.0,pytorch,178773.609375,8.014595031738281,6.891013622283936,400.0,1.0,1.0,15.0,83.04666900634766,500.0,250210_acd_onoffbench.csv,0.1093728691339492,2025-03-20T16:05:05.290Z
0.1730183213949203,5.986978054046631,offload,1887.501708984375,2000.0,100.0,0.172938197851181,24.02291679382324,0.000683237100020051,False,3.0,0.1730183213949203,acdnet,0.0604730434715747,100.0,pytorch,178773.609375,8.900157928466797,8.269942283630371,400.0,1.0,1.0,70.0,69.20732879638672,500.0,250210_acd_onoffbench.csv,0.0577645115554332,2025-03-20T16:05:05.290Z
0.2123541682958603,4.730240821838379,offload,987.9720458984376,2000.0,100.0,0.2122325897216797,21.020790100097656,0.0003767019370570779,False,1.0,0.2123541682958603,acdnet,0.064088262617588,100.0,pytorch,178773.609375,7.44048261642456,6.738780975341797,400.0,1.0,1.0,15.0,84.94166564941406,500.0,250210_acd_onoffbench.csv,0.1072963699698448,2025-03-20T16:05:05.290Z
0.2161841690540313,4.642365455627441,offload,952.50390625,2000.0,100.0,0.2160867154598236,34.51155090332031,0.0003540913166943937,False,1.0,0.2161841690540313,acdnet,0.0545339584350585,100.0,pytorch,178773.609375,6.847067832946777,6.618587970733643,400.0,1.0,1.0,70.0,86.47366333007812,500.0,250210_acd_onoffbench.csv,0.0400649905204772,2025-03-20T16:05:05.290Z
0.2277716696262359,4.473851203918457,offload,984.670654296875,2000.0,100.0,0.2276733070611953,34.83787536621094,0.0004283114394638688,False,1.0,0.2277716696262359,acdnet,0.0872124806046485,100.0,pytorch,178773.609375,6.946343421936035,6.281758785247803,400.0,1.0,1.0,30.0,91.1086654663086,500.0,250210_acd_onoffbench.csv,0.0550264231860637,2025-03-20T16:05:05.290Z
0.3797208368778229,2.6578800678253174,offload,1976.52783203125,2000.0,100.0,0.3796376883983612,41.384033203125,0.0017956342780962,False,6.0,0.3797208368778229,acdnet,0.0922906398773193,100.0,pytorch,178773.609375,3.97785758972168,3.767246723175049,400.0,1.0,1.0,70.0,151.88833618164062,500.0,250210_acd_onoffbench.csv,0.1733867675065994,2025-03-20T16:05:05.290Z
0.3849058151245117,2.623403310775757,offload,1956.263916015625,2000.0,100.0,0.3848100304603576,36.877967834472656,0.0014961932320147,False,6.0,0.3849058151245117,acdnet,0.1089005470275878,100.0,pytorch,178773.609375,3.997011423110962,3.716610193252564,400.0,1.0,1.0,30.0,153.9623260498047,500.0,250210_acd_onoffbench.csv,0.2084279209375381,2025-03-20T16:05:05.290Z
0.1296750009059906,7.814058303833008,offload,1832.8848876953125,2000.0,100.0,0.1295939832925796,4.742371559143066,0.000492852705065161,False,3.0,0.1296750009059906,acdnet,0.0418214797973632,100.0,pytorch,178773.609375,12.27638339996338,11.035921096801758,400.0,1.0,1.0,15.0,51.869998931884766,500.0,250210_acd_onoffbench.csv,0.1082996279001236,2025-03-20T16:05:05.290Z
0.1577624976634979,6.338752746582031,offload,1704.0899658203125,4000.0,100.0,0.1575997769832611,0.0377393849194049,0.060115922242403,False,3.0,0.1577624976634979,acdnet,0.0439075641334056,100.0,pytorch,178773.609375,10.178372383117676,9.07481575012207,400.0,1.0,1.0,10.0,63.10499954223633,500.0,250210_acd_onoffbench.csv,0.156254842877388,2025-03-20T16:05:05.290Z
0.1790950000286102,5.62933349609375,offload,1750.2421875,2000.0,100.0,0.1790252029895782,4.802026748657227,0.0214511528611183,False,3.0,0.1790950000286102,acdnet,0.0474644489586353,100.0,pytorch,178773.609375,9.130046844482422,7.988757133483887,400.0,1.0,1.0,10.0,71.63800048828125,500.0,250210_acd_onoffbench.csv,0.155632197856903,2025-03-20T16:05:05.290Z
0.1577299982309341,6.3399810791015625,offload,2958.288818359375,4000.0,100.0,0.1576655805110931,0.0634051784873008,0.0501945987343788,False,6.0,0.1577299982309341,acdnet,0.0422778129577636,100.0,pytorch,178773.609375,9.85170841217041,9.071027755737305,400.0,1.0,1.0,10.0,63.09199905395508,500.0,250210_acd_onoffbench.csv,0.1558964252471923,2025-03-20T16:05:05.290Z
0.2048058360815048,4.88503360748291,offload,965.170166015625,4000.0,100.0,0.204742282629013,9.444864273071287,0.0003071049868594855,False,1.0,0.2048058360815048,acdnet,0.0202632751315832,100.0,pytorch,178773.609375,7.981255531311035,6.9853129386901855,400.0,1.0,1.0,10.0,81.92233276367188,500.0,250210_acd_onoffbench.csv,0.1557847261428833,2025-03-20T16:05:05.290Z
0.1895516663789749,5.372603416442871,offload,1933.7379150390625,2000.0,100.0,0.1892676353454589,15.392385482788086,0.0014724959619343,False,6.0,0.1895516663789749,acdnet,0.0432300567626953,100.0,pytorch,178773.609375,8.212523460388184,7.556436538696289,400.0,1.0,1.0,15.0,75.82066345214844,500.0,250210_acd_onoffbench.csv,0.1119371056556701,2025-03-20T16:05:05.290Z
0.2564600110054016,3.916770458221436,offload,1002.4718627929688,2000.0,100.0,0.2563627362251282,19.459169387817383,0.0004697803524322808,False,1.0,0.2564600110054016,acdnet,0.0644184723496437,100.0,pytorch,178773.609375,6.437897682189941,5.578770637512207,400.0,1.0,1.0,10.0,102.58399963378906,500.0,250210_acd_onoffbench.csv,0.1556688845157623,2025-03-20T16:05:05.290Z
0.3161941766738891,3.162722110748291,offload,638.2977905273438,4000.0,100.0,0.3161360323429107,0.0585933066904544,0.1043754965066909,False,1.0,0.3161941766738891,acdnet,0.0413955859839916,100.0,pytorch,178773.609375,5.156310081481934,4.5239667892456055,400.0,1.0,1.0,5.0,126.47766876220705,500.0,250210_acd_onoffbench.csv,0.3144120872020721,2025-03-20T16:05:05.290Z
0.3165999948978424,3.158609628677368,offload,964.8788452148438,4000.0,100.0,0.3165388703346252,0.0196240581572055,0.2005810737609863,False,3.0,0.3165999948978424,acdnet,0.061551809310913,100.0,pytorch,178773.609375,5.151517391204834,4.518209457397461,400.0,1.0,1.0,5.0,126.63999938964844,500.0,250210_acd_onoffbench.csv,0.3157181143760681,2025-03-20T16:05:05.290Z
0.3161841630935669,3.162783145904541,offload,1767.8961181640625,4000.0,100.0,0.3161168694496155,0.0184709765017032,0.1903438568115234,False,6.0,0.3161841630935669,acdnet,0.0702087879180908,100.0,pytorch,178773.609375,5.1511430740356445,4.524240970611572,400.0,1.0,1.0,5.0,126.47366333007812,500.0,250210_acd_onoffbench.csv,0.3149046003818512,2025-03-20T16:05:05.290Z
0.3217066526412964,3.109816074371338,offload,689.7683715820312,2000.0,100.0,0.3216410875320434,0.0809477940201759,0.0987281054258346,False,1.0,0.3217066526412964,acdnet,0.0655841007828712,100.0,pytorch,178773.609375,5.019928455352783,4.446536540985107,400.0,1.0,1.0,5.0,128.6826629638672,500.0,250210_acd_onoffbench.csv,0.3202548623085022,2025-03-20T16:05:05.290Z
0.3344824910163879,2.9964585304260254,offload,1080.0540771484375,2000.0,100.0,0.334401786327362,0.0424893796443939,0.1726447790861129,False,3.0,0.3344824910163879,acdnet,0.0533571243286132,100.0,pytorch,178773.609375,4.8065338134765625,4.276857852935791,400.0,1.0,1.0,5.0,133.79299926757812,500.0,250210_acd_onoffbench.csv,0.3336057364940643,2025-03-20T16:05:05.290Z
0.3698408305644989,2.707480192184448,offload,1953.82763671875,2000.0,100.0,0.3697575330734253,7.709390163421631,0.0043456251733005,False,6.0,0.3698408305644989,acdnet,0.0545558147132396,100.0,pytorch,178773.609375,4.29302453994751,3.8679099082946777,400.0,1.0,1.0,5.0,147.93634033203125,500.0,250210_acd_onoffbench.csv,0.3323901891708374,2025-03-20T16:05:05.290Z
0.3453049957752228,3.2298874855041504,offload,1949.799560546875,2000.0,100.0,0.3450541198253631,33.33218765258789,0.0015381381381303,False,6.0,0.3453049957752228,acdnet,0.0413633175194263,100.0,pytorch,178773.609375,4.898881435394287,4.144824981689453,400.0,1.0,1.0,10.0,138.12200927734375,500.0,250210_acd_onoffbench.csv,0.1835751086473465,2025-03-20T16:05:05.290Z
0.5365658402442932,1.864973068237305,offload,596.4358520507812,4000.0,100.0,0.536504864692688,0.0114251170307397,0.4187358319759369,False,3.0,0.5365658402442932,acdnet,0.0361422710120677,100.0,pytorch,178773.609375,3.207834959030152,2.6657519340515137,400.0,1.0,1.0,3.0,214.62632751464844,500.0,250210_acd_onoffbench.csv,0.5353310108184814,2025-03-20T16:05:05.290Z
0.5497183203697205,1.8201594352722168,offload,435.5343017578125,4000.0,100.0,0.5496445894241333,0.0343232303857803,0.307009220123291,False,1.0,0.5497183203697205,acdnet,0.0437463112175464,100.0,pytorch,178773.609375,3.1445717811584477,2.602025032043457,400.0,1.0,1.0,3.0,219.8873291015625,500.0,250210_acd_onoffbench.csv,0.5487003326416016,2025-03-20T16:05:05.290Z
0.1019991710782051,9.922235488891602,offload,2412.16650390625,4000.0,70.0,0.1019023135304451,12.128568649291992,0.00042464971193112433,False,3.0,0.1019991710782051,acdnet,0.0629511699080467,100.0,pytorch,178773.609375,14.858721733093262,14.034900665283203,400.0,1.0,1.0,70.0,40.79966735839844,500.0,250210_acd_onoffbench.csv,0.0404680557548999,2025-03-20T16:05:05.290Z
0.1035050004720687,9.840534210205078,offload,3487.99951171875,4000.0,70.0,0.1034104526042938,7.921060562133789,0.000487990997498855,False,6.0,0.1035050004720687,acdnet,0.0420765094459056,100.0,pytorch,178773.609375,14.776307106018066,13.830215454101562,400.0,1.0,1.0,70.0,41.402000427246094,500.0,250210_acd_onoffbench.csv,0.0698380693793296,2025-03-20T16:05:05.290Z
0.1523783355951309,6.591714859008789,offload,1861.8929443359373,2000.0,70.0,0.1522750407457351,18.58440399169922,0.0005267238593660295,False,3.0,0.1523783355951309,acdnet,0.047954399138689,100.0,pytorch,178773.609375,9.880910873413086,9.392142295837402,400.0,1.0,1.0,70.0,60.95133590698242,500.0,250210_acd_onoffbench.csv,0.0605303384363651,2025-03-20T16:05:05.290Z
0.1933016777038574,5.182946681976318,offload,978.4015502929688,2000.0,70.0,0.1932203918695449,28.876161575317383,0.0003824796294793487,False,1.0,0.1933016777038574,acdnet,0.0495223999023437,100.0,pytorch,178773.609375,7.759775161743164,7.401852607727051,400.0,1.0,1.0,70.0,77.32067108154297,500.0,250210_acd_onoffbench.csv,0.0508493594825267,2025-03-20T16:05:05.290Z
0.2040083259344101,4.984477519989014,offload,1000.6002197265624,4000.0,70.0,0.2039362639188766,33.177825927734375,0.0004172954941168428,False,1.0,0.2040083259344101,acdnet,0.0599082298576831,100.0,pytorch,178773.609375,7.405291080474853,7.01292085647583,400.0,1.0,1.0,70.0,81.60333251953125,500.0,250210_acd_onoffbench.csv,0.0367491692304611,2025-03-20T16:05:05.290Z
0.3137508332729339,3.3798604011535645,offload,1946.548095703125,2000.0,70.0,0.3136186897754669,37.2951545715332,0.0015180844347923,False,6.0,0.3137508332729339,acdnet,0.0507950000464916,100.0,pytorch,178773.609375,5.010633945465088,4.560279369354248,400.0,1.0,1.0,70.0,125.50032806396484,500.0,250210_acd_onoffbench.csv,0.1440090537071228,2025-03-20T16:05:05.290Z
0.5227958559989929,1.9128003120422363,offload,418.15435791015625,2000.0,100.0,0.5227504968643188,0.0211796052753925,0.298961728811264,False,1.0,0.5227958559989929,acdnet,0.0206360016018152,100.0,pytorch,178773.609375,3.223801851272583,2.735891819000244,400.0,1.0,1.0,3.0,209.1183319091797,500.0,250210_acd_onoffbench.csv,0.5215465426445007,2025-03-20T16:05:05.290Z
0.5329733490943909,1.8778324127197263,offload,729.32861328125,4000.0,100.0,0.5329239368438721,0.0064972718246281,0.4559720456600189,False,6.0,0.5329733490943909,acdnet,0.025529146194458,100.0,pytorch,178773.609375,3.219293594360352,2.683664083480835,400.0,1.0,1.0,3.0,213.1893310546875,500.0,250210_acd_onoffbench.csv,0.5320212841033936,2025-03-20T16:05:05.290Z
0.5236966609954834,1.9095091819763184,offload,533.5162963867188,2000.0,100.0,0.5236387848854065,0.0081882309168577,0.4169245362281799,False,3.0,0.5236966609954834,acdnet,0.070144809782505,100.0,pytorch,178773.609375,3.239715337753296,2.731251001358032,400.0,1.0,1.0,3.0,209.47866821289065,500.0,250210_acd_onoffbench.csv,0.5221624970436096,2025-03-20T16:05:05.290Z
0.5244399905204773,1.90679943561554,offload,962.0035400390624,2000.0,100.0,0.5243764519691467,0.0292583983391523,0.3339539170265198,False,6.0,0.5244399905204773,acdnet,0.0642038956284523,100.0,pytorch,178773.609375,3.205249547958374,2.7274086475372314,400.0,1.0,1.0,3.0,209.7760009765625,500.0,250210_acd_onoffbench.csv,0.5225874781608582,2025-03-20T16:05:05.290Z
1.5766841173171997,0.6342443227767944,offload,320.4272766113281,4000.0,100.0,1.5766215324401855,0.0045779389329254,1.465973138809204,False,6.0,1.5766841173171997,acdnet,0.0330704860389232,100.0,pytorch,178773.609375,1.1425548791885376,0.9071224927902222,400.0,1.0,1.0,1.0,630.6736450195312,500.0,250210_acd_onoffbench.csv,1.5748822689056396,2025-03-20T16:05:05.290Z
1.5816466808319092,0.6322528719902039,offload,264.2536315917969,4000.0,100.0,1.5815829038619995,0.0053615365177392,1.4152096509933472,False,3.0,1.5816466808319092,acdnet,0.0605696029961109,100.0,pytorch,178773.609375,1.141522765159607,0.9042769074440002,400.0,1.0,1.0,1.0,632.65869140625,500.0,250210_acd_onoffbench.csv,1.5796793699264526,2025-03-20T16:05:05.290Z
1.5835117101669312,0.6315096020698547,offload,161.24932861328125,4000.0,100.0,1.5834431648254397,0.0067067602649331,1.3254579305648804,False,1.0,1.5835117101669312,acdnet,0.0481335334479808,100.0,pytorch,178773.609375,1.1303691864013672,0.9032145142555236,400.0,1.0,1.0,1.0,633.4046630859375,500.0,250210_acd_onoffbench.csv,1.5811767578125,2025-03-20T16:05:05.290Z
1.5850965976715088,0.6308882236480713,offload,439.6441955566406,2000.0,100.0,1.5850118398666382,0.0113407112658023,1.2994489669799805,False,6.0,1.5850965976715088,acdnet,0.0784647464752197,100.0,pytorch,178773.609375,1.1353580951690674,0.9023206233978271,400.0,1.0,1.0,1.0,634.0386352539062,500.0,250210_acd_onoffbench.csv,1.5838061571121216,2025-03-20T16:05:05.290Z
0.405558317899704,2.4687588214874268,offload,643.735595703125,4000.0,70.0,0.4054765403270721,0.0400927327573299,0.3048199117183685,False,3.0,0.405558317899704,resnet50,0.1183139458298683,70.0,pytorch,44053.38671875,1.106656551361084,0.8691676259040833,400.0,1.0,1.0,1.0,162.22332763671875,500.0,250212_resnet_onoffbench2.csv,0.3988394439220428,2025-03-20T16:13:20.548Z
0.0763233304023742,13.208535194396973,offload,2773.381103515625,4000.0,40.0,0.0762356296181678,10.264132499694824,8.860130765242502e-05,False,3.0,0.0763233304023742,resnet50,0.0912191048264503,70.0,pytorch,27287.087890625,2.9811997413635254,2.863447427749634,400.0,1.0,1.0,70.0,30.529333114624023,500.0,250212_resnet_onoffbench2.csv,0.0054513998329639,2025-03-20T16:13:20.548Z
0.124371662735939,8.669044494628906,offload,3333.598388671875,4000.0,40.0,0.124298371374607,20.16278839111328,0.00011334915325278416,False,6.0,0.124371662735939,resnet50,0.1207301616668701,70.0,pytorch,27287.087890625,1.9671846628189087,1.756231427192688,400.0,1.0,1.0,70.0,49.74866485595703,500.0,250212_resnet_onoffbench2.csv,0.0109261022880673,2025-03-20T16:13:20.548Z
0.065689168870449,15.337235450744627,offload,2708.3408203125,4000.0,40.0,0.0655866339802742,8.606440544128418,7.67556848586537e-05,False,3.0,0.065689168870449,resnet50,0.1009749546647071,70.0,pytorch,27287.087890625,3.570908069610596,3.32837176322937,400.0,1.0,1.0,15.0,26.27566719055176,500.0,250212_resnet_onoffbench2.csv,0.0106266196817159,2025-03-20T16:13:20.548Z
0.1036075055599212,9.841495513916016,offload,3763.768798828125,4000.0,40.0,0.103544533252716,16.611942291259766,0.00017189979553222656,False,6.0,0.1036075055599212,resnet50,0.0888530388474464,70.0,pytorch,27287.087890625,2.255455017089844,2.1082396507263184,400.0,1.0,1.0,30.0,41.44300079345703,500.0,250212_resnet_onoffbench2.csv,0.0104547971859574,2025-03-20T16:13:20.548Z
0.0812941640615463,12.420788764953612,offload,2652.065673828125,4000.0,40.0,0.0812040492892265,12.053765296936035,8.417765639023855e-05,False,3.0,0.0812941640615463,resnet50,0.1439886838197708,70.0,pytorch,27287.087890625,2.86572003364563,2.688248872756958,400.0,1.0,1.0,30.0,32.51766586303711,500.0,250212_resnet_onoffbench2.csv,0.0069628772325813,2025-03-20T16:13:20.548Z
0.1136824935674667,8.800564765930176,offload,950.7714233398438,4000.0,40.0,0.1135647818446159,19.160118103027344,0.0001179895843961276,False,1.0,0.1136824935674667,resnet50,0.1346263140439987,70.0,pytorch,27287.087890625,2.1044821739196777,1.9222217798233032,400.0,1.0,1.0,15.0,45.47299957275391,500.0,250212_resnet_onoffbench2.csv,0.011777002364397,2025-03-20T16:13:20.548Z
0.1220933347940445,8.24540901184082,offload,962.650390625,2000.0,40.0,0.1219875663518905,20.29836845397949,0.0001222533028339967,False,1.0,0.1220933347940445,resnet50,0.1235147342085838,70.0,pytorch,27287.087890625,1.8919261693954468,1.7894995212554932,400.0,1.0,1.0,30.0,48.83733367919922,500.0,250212_resnet_onoffbench2.csv,0.0063476567156612,2025-03-20T16:13:20.548Z
0.1426408290863037,7.12274694442749,offload,899.5625,2000.0,40.0,0.1425192207098007,22.80485343933105,0.000138496354338713,False,1.0,0.1426408290863037,resnet50,0.1335515975952148,70.0,pytorch,27287.087890625,1.6098748445510864,1.5317001342773438,400.0,1.0,1.0,70.0,57.05633163452149,500.0,250212_resnet_onoffbench2.csv,0.0067319478839635,2025-03-20T16:13:20.548Z
0.1138016656041145,8.916831970214844,offload,1925.17138671875,2000.0,40.0,0.1137132197618484,18.2128963470459,0.0006759834359399974,False,3.0,0.1138016656041145,resnet50,0.126154825091362,70.0,pytorch,27287.087890625,2.069922685623169,1.9197125434875488,400.0,1.0,1.0,30.0,45.52066802978516,500.0,250212_resnet_onoffbench2.csv,0.0081295976415276,2025-03-20T16:13:20.548Z
0.1301358342170715,8.11879825592041,offload,1931.4970703125,2000.0,40.0,0.1300578266382217,21.351896286010746,0.00013476709136739373,False,3.0,0.1301358342170715,resnet50,0.1355171203613281,70.0,pytorch,27287.087890625,1.8504668474197388,1.6784588098526,400.0,1.0,1.0,70.0,52.0543327331543,500.0,250212_resnet_onoffbench2.csv,0.0069460519589483,2025-03-20T16:13:20.548Z
0.1797941625118255,5.869917392730713,offload,939.19091796875,4000.0,40.0,0.1797330826520919,30.4444637298584,0.00011172275117132811,False,1.0,0.1797941625118255,resnet50,0.1304152011871338,70.0,pytorch,27287.087890625,1.356268286705017,1.2145605087280271,400.0,1.0,1.0,30.0,71.91767120361328,500.0,250212_resnet_onoffbench2.csv,0.0068659447133541,2025-03-20T16:13:20.548Z
0.3151899874210357,3.175302743911743,offload,1936.2696533203125,2000.0,40.0,0.3150821626186371,56.90028762817383,0.000419916701503098,False,6.0,0.3151899874210357,resnet50,0.13943712413311,70.0,pytorch,27287.087890625,0.752234697341919,0.6928247213363647,400.0,1.0,1.0,30.0,126.07599639892578,500.0,250212_resnet_onoffbench2.csv,0.0316992849111557,2025-03-20T16:13:20.548Z
0.2843891680240631,4.144806385040283,offload,1959.0875244140625,2000.0,40.0,0.2842545807361603,50.243534088134766,0.0002378950593993068,False,6.0,0.2843891680240631,resnet50,0.1734770089387893,70.0,pytorch,27287.087890625,0.9571466445922852,0.7679619193077087,400.0,1.0,1.0,70.0,113.75566864013672,500.0,250212_resnet_onoffbench2.csv,0.0258122161030769,2025-03-20T16:13:20.548Z
0.3824291527271271,2.614891767501831,offload,846.758544921875,2000.0,70.0,0.3822535574436188,0.1323515772819519,0.2710731029510498,False,6.0,0.3824291527271271,resnet50,0.0971400737762451,70.0,pytorch,44053.38671875,1.1194934844970703,0.9219720363616944,400.0,1.0,1.0,1.0,152.97166442871094,500.0,250212_resnet_onoffbench2.csv,0.372907817363739,2025-03-20T16:13:20.548Z
0.4025241732597351,2.494726181030273,offload,568.6499633789062,2000.0,70.0,0.3903323411941528,0.0846870392560958,0.2963169515132904,False,3.0,0.4025241732597351,resnet50,0.0982604846358299,70.0,pytorch,44053.38671875,1.0945144891738892,0.9028897881507874,400.0,1.0,1.0,1.0,161.00967407226562,500.0,250212_resnet_onoffbench2.csv,0.3844239115715027,2025-03-20T16:13:20.548Z
0.0777283385396003,12.96825885772705,offload,3797.519775390625,4000.0,40.0,0.0775567069649696,11.96182632446289,0.00011284887295914814,False,6.0,0.0777283385396003,resnet50,0.0982166156172752,70.0,pytorch,27287.087890625,3.0012524127960205,2.8146719932556152,400.0,1.0,1.0,15.0,31.091333389282227,500.0,250212_resnet_onoffbench2.csv,0.0115195522084832,2025-03-20T16:13:20.548Z
0.0926558300852775,10.886100769042969,offload,2761.249755859375,4000.0,40.0,0.0925538465380668,11.971890449523926,0.00011651794193312526,False,3.0,0.0926558300852775,resnet50,0.1327163428068161,70.0,pytorch,27287.087890625,2.622715711593628,2.358591318130493,400.0,1.0,1.0,10.0,37.06233215332031,500.0,250212_resnet_onoffbench2.csv,0.0158620905131101,2025-03-20T16:13:20.548Z
0.1129783317446708,9.11940860748291,offload,1918.663330078125,2000.0,40.0,0.1128698885440826,16.554460525512695,0.00011507431190693752,False,3.0,0.1129783317446708,resnet50,0.1300437450408935,70.0,pytorch,27287.087890625,2.157333374023437,1.9340561628341677,400.0,1.0,1.0,10.0,45.19133377075195,500.0,250212_resnet_onoffbench2.csv,0.0170066133141517,2025-03-20T16:13:20.548Z
0.0785216614603996,13.008829116821287,offload,2655.81005859375,4000.0,40.0,0.0784423872828483,6.711561679840088,0.00012419243284966797,False,3.0,0.0785216614603996,resnet50,0.1588047295808792,70.0,pytorch,27287.087890625,3.2488605976104736,2.782892227172852,400.0,1.0,1.0,5.0,31.408666610717773,500.0,250212_resnet_onoffbench2.csv,0.0382997505366802,2025-03-20T16:13:20.548Z
0.1075149998068809,9.30146598815918,offload,1968.7647705078125,2000.0,40.0,0.107400469481945,12.688199043273926,0.0001894019078463316,False,3.0,0.1075149998068809,resnet50,0.1293704509735107,70.0,pytorch,27287.087890625,2.321865558624268,2.0325489044189453,400.0,1.0,1.0,5.0,43.00600051879883,500.0,250212_resnet_onoffbench2.csv,0.0407545901834964,2025-03-20T16:13:20.548Z
0.1094441637396812,9.137638092041016,offload,1941.981201171875,2000.0,40.0,0.1093376651406288,16.36074447631836,9.135007712757216e-05,False,3.0,0.1094441637396812,resnet50,0.0897331237792968,70.0,pytorch,27287.087890625,2.15989089012146,1.9965370893478396,400.0,1.0,1.0,15.0,43.77766799926758,500.0,250212_resnet_onoffbench2.csv,0.0112631460651755,2025-03-20T16:13:20.548Z
0.0908833295106887,11.203805923461914,offload,3855.269775390625,4000.0,40.0,0.0907931253314018,9.34264850616455,9.992520062951372e-05,False,6.0,0.0908833295106887,resnet50,0.1265341490507125,70.0,pytorch,27287.087890625,2.8363940715789795,2.4043307304382324,400.0,1.0,1.0,5.0,36.35333251953125,500.0,250212_resnet_onoffbench2.csv,0.0387602001428604,2025-03-20T16:13:20.548Z
0.1143608316779136,8.748811721801758,offload,958.6096801757812,2000.0,40.0,0.114265389740467,13.749519348144531,0.000126993065350689,False,1.0,0.1143608316779136,resnet50,0.133568599820137,70.0,pytorch,27287.087890625,2.1842246055603027,1.910435914993286,400.0,1.0,1.0,5.0,45.74433517456055,500.0,250212_resnet_onoffbench2.csv,0.0386014953255653,2025-03-20T16:13:20.548Z
0.153178334236145,6.822799682617188,offload,979.4185180664062,2000.0,40.0,0.1530842334032058,24.660558700561523,0.00012463251187000424,False,1.0,0.153178334236145,resnet50,0.147829458117485,70.0,pytorch,27287.087890625,1.6465510129928589,1.4259908199310305,400.0,1.0,1.0,10.0,61.271331787109375,500.0,250212_resnet_onoffbench2.csv,0.0158443097025156,2025-03-20T16:13:20.548Z
0.1084074974060058,9.968536376953123,offload,3631.78173828125,4000.0,40.0,0.1083282902836799,15.302027702331545,0.00018672704754862932,False,6.0,0.1084074974060058,resnet50,0.1255544871091842,70.0,pytorch,27287.087890625,2.340933084487915,2.0151402950286865,400.0,1.0,1.0,10.0,43.36299896240234,500.0,250212_resnet_onoffbench2.csv,0.0165498908609151,2025-03-20T16:13:20.548Z
0.2302108258008957,4.724092960357666,offload,1956.987060546875,2000.0,40.0,0.2301458120346069,39.24576950073242,0.0002390885492786765,False,6.0,0.2302108258008957,resnet50,0.1067842617630958,70.0,pytorch,27287.087890625,1.0868265628814695,0.948514759540558,400.0,1.0,1.0,15.0,92.08433532714844,500.0,250212_resnet_onoffbench2.csv,0.0213984958827495,2025-03-20T16:13:20.548Z
0.1532291620969772,6.827205657958984,offload,970.5529174804688,4000.0,40.0,0.1531033813953399,21.250688552856445,0.00016371806850656867,False,1.0,0.1532291620969772,resnet50,0.0933751240372657,70.0,pytorch,27287.087890625,1.6938637495040894,1.4258124828338623,400.0,1.0,1.0,5.0,61.29166793823242,500.0,250212_resnet_onoffbench2.csv,0.0361335985362529,2025-03-20T16:13:20.548Z
0.1671808362007141,6.181739330291748,offload,949.2845458984376,4000.0,40.0,0.1670986413955688,27.12387466430664,0.00014854370965622363,False,1.0,0.1671808362007141,resnet50,0.1115293502807617,70.0,pytorch,27287.087890625,1.473101258277893,1.306394338607788,400.0,1.0,1.0,10.0,66.8723373413086,500.0,250212_resnet_onoffbench2.csv,0.0156520381569862,2025-03-20T16:13:20.548Z
0.2039374858140945,4.903489112854004,offload,967.3001098632812,2000.0,40.0,0.203863114118576,36.25592041015625,0.00011794984311563894,False,1.0,0.2039374858140945,resnet50,0.0692463740706443,70.0,pytorch,27287.087890625,1.1479227542877195,1.0708004236221311,400.0,1.0,1.0,15.0,81.57499694824219,500.0,250212_resnet_onoffbench2.csv,0.0105565832927823,2025-03-20T16:13:20.548Z
0.2551183402538299,4.431520938873291,offload,1957.71630859375,2000.0,40.0,0.2549812793731689,42.11176300048828,0.00019129594147671011,False,6.0,0.2551183402538299,resnet50,0.1785187721252441,70.0,pytorch,27287.087890625,1.0776416063308716,0.8561283946037292,400.0,1.0,1.0,5.0,102.04733276367188,500.0,250212_resnet_onoffbench2.csv,0.0381041467189788,2025-03-20T16:13:20.548Z
0.2869783341884613,3.828222513198853,offload,1934.684814453125,2000.0,40.0,0.2868354022502899,51.28599548339844,0.0004913387820124626,False,6.0,0.2869783341884613,resnet50,0.1588578224182129,70.0,pytorch,27287.087890625,0.8918997645378113,0.761052131652832,400.0,1.0,1.0,10.0,114.79133605957033,500.0,250212_resnet_onoffbench2.csv,0.0273783877491951,2025-03-20T16:13:20.548Z
0.077674999833107,12.875313758850098,offload,2440.205078125,4000.0,40.0,0.0776123255491256,0.6197976469993591,0.0072142537683248,False,3.0,0.077674999833107,resnet50,0.0691889151930809,70.0,pytorch,27287.087890625,3.2307775020599365,2.812654972076416,400.0,1.0,1.0,3.0,31.06999969482422,500.0,250212_resnet_onoffbench2.csv,0.0681183412671089,2025-03-20T16:13:20.548Z
0.067080833017826,15.287667274475098,offload,2080.20751953125,4000.0,100.0,0.0669926851987838,4.4085211753845215,0.0002988710184581578,False,3.0,0.067080833017826,resnet50,0.1259791105985641,40.0,pytorch,144509.0,18.470060348510746,17.256689071655273,400.0,1.0,1.0,70.0,26.832334518432617,500.0,250212_resnet_onoffbench2.csv,0.0333574377000331,2025-03-20T16:13:20.548Z
0.0846733301877975,11.900076866149902,offload,3561.57861328125,4000.0,100.0,0.0845867469906807,8.04213809967041,0.0004034298472106457,False,6.0,0.0846733301877975,resnet50,0.110017217695713,40.0,pytorch,144509.0,14.456727027893066,13.667295455932615,400.0,1.0,1.0,70.0,33.86933135986328,500.0,250212_resnet_onoffbench2.csv,0.0438464395701885,2025-03-20T16:13:20.548Z
0.0857883319258689,11.669178009033203,offload,3785.521728515625,4000.0,40.0,0.0857156887650489,2.436469316482544,0.00011429329606471585,False,6.0,0.0857883319258689,resnet50,0.0677013397216796,70.0,pytorch,27287.087890625,2.9858858585357666,2.546753168106079,400.0,1.0,1.0,3.0,34.31533432006836,500.0,250212_resnet_onoffbench2.csv,0.0656751096248626,2025-03-20T16:13:20.548Z
0.096470832824707,10.385116577148438,offload,932.70166015625,4000.0,100.0,0.0963658615946769,9.381669044494627,0.0003817812539637089,False,1.0,0.096470832824707,resnet50,0.1225455626845359,40.0,pytorch,144509.0,12.57094383239746,11.996696472167969,400.0,1.0,1.0,70.0,38.58833312988281,500.0,250212_resnet_onoffbench2.csv,0.0358951315283775,2025-03-20T16:13:20.548Z
0.1209891662001609,8.80144214630127,offload,963.6885375976562,2000.0,100.0,0.1209063753485679,16.211685180664062,0.00030802289256826043,False,1.0,0.1209891662001609,resnet50,0.098767913877964,40.0,pytorch,144509.0,10.572468757629396,9.561712265014648,400.0,1.0,1.0,70.0,48.39566802978516,500.0,250212_resnet_onoffbench2.csv,0.0327396802604198,2025-03-20T16:13:20.548Z
0.1386558264493942,7.403130531311035,offload,1913.8824462890625,2000.0,40.0,0.1385700404644012,13.347310066223145,0.00010277171531924978,False,3.0,0.1386558264493942,resnet50,0.1245549544692039,70.0,pytorch,27287.087890625,1.90357506275177,1.575352907180786,400.0,1.0,1.0,3.0,55.46233367919922,500.0,250212_resnet_onoffbench2.csv,0.0626327469944953,2025-03-20T16:13:20.548Z
0.1748291701078415,6.11512565612793,offload,976.9869995117188,4000.0,40.0,0.1747496873140335,20.19917869567871,0.00011360923235770316,False,1.0,0.1748291701078415,resnet50,0.0889730453491211,70.0,pytorch,27287.087890625,1.607722282409668,1.2491965293884275,400.0,1.0,1.0,3.0,69.93167114257812,500.0,250212_resnet_onoffbench2.csv,0.0716887488961219,2025-03-20T16:13:20.548Z
0.1796849966049194,5.849774360656738,offload,973.1552734375,2000.0,40.0,0.1796264946460724,20.95468139648437,0.0001033943917718716,False,1.0,0.1796849966049194,resnet50,0.0882720947265625,70.0,pytorch,27287.087890625,1.4964174032211304,1.2152812480926514,400.0,1.0,1.0,3.0,71.8740005493164,500.0,250212_resnet_onoffbench2.csv,0.061727374792099,2025-03-20T16:13:20.548Z
0.230749174952507,4.333777904510498,offload,1153.32080078125,2000.0,40.0,0.2306302338838577,0.2760020196437835,0.110357329249382,False,3.0,0.230749174952507,resnet50,0.0911870002746582,70.0,pytorch,27287.087890625,1.158903956413269,0.9465224742889404,400.0,1.0,1.0,1.0,92.29966735839844,500.0,250212_resnet_onoffbench2.csv,0.2186906188726425,2025-03-20T16:13:20.548Z
0.2311458438634872,4.326358318328857,offload,1639.2896728515625,4000.0,40.0,0.231050819158554,0.1440081447362899,0.1472558975219726,False,6.0,0.2311458438634872,resnet50,0.1349530965089798,70.0,pytorch,27287.087890625,1.1620012521743774,0.944799542427063,400.0,1.0,1.0,1.0,92.45833587646484,500.0,250212_resnet_onoffbench2.csv,0.2183449119329452,2025-03-20T16:13:20.548Z
0.2322316616773605,4.306051731109619,offload,675.4559936523438,2000.0,40.0,0.2321474701166153,0.4942925870418548,0.0697454139590263,False,1.0,0.2322316616773605,resnet50,0.1485888957977295,70.0,pytorch,27287.087890625,1.1397048234939575,0.9403363466262816,400.0,1.0,1.0,1.0,92.89266204833984,500.0,250212_resnet_onoffbench2.csv,0.2219098657369613,2025-03-20T16:13:20.548Z
0.2307258397340774,4.334208011627197,offload,744.064697265625,4000.0,40.0,0.2306235283613205,0.6309509873390198,0.0573457963764667,False,1.0,0.2307258397340774,resnet50,0.1070958003401756,70.0,pytorch,27287.087890625,1.1700135469436646,0.9465500116348268,400.0,1.0,1.0,1.0,92.29033660888672,500.0,250212_resnet_onoffbench2.csv,0.2171332687139511,2025-03-20T16:13:20.548Z
0.2305925041437149,4.336704254150391,offload,1058.6385498046875,4000.0,40.0,0.2304702848196029,0.1249302774667739,0.1384700685739517,False,3.0,0.2305925041437149,resnet50,0.1623259335756302,70.0,pytorch,27287.087890625,1.1709144115447998,0.9471794366836548,400.0,1.0,1.0,1.0,92.23699951171876,500.0,250212_resnet_onoffbench2.csv,0.2182501554489135,2025-03-20T16:13:20.548Z
0.326256662607193,3.075752019882202,offload,1981.456298828125,2000.0,40.0,0.3261760771274566,19.87950897216797,0.0003111231199000031,False,6.0,0.326256662607193,resnet50,0.1584699898958206,70.0,pytorch,27287.087890625,0.8571141362190247,0.6692603230476379,400.0,1.0,1.0,1.0,130.50267028808594,500.0,250212_resnet_onoffbench2.csv,0.2291450202465057,2025-03-20T16:13:20.548Z
0.3513291776180267,2.8554372787475586,offload,1986.7161865234373,2000.0,40.0,0.3512360155582428,57.11333465576172,0.0003675126936286688,False,6.0,0.3513291776180267,resnet50,0.1415812224149704,70.0,pytorch,27287.087890625,0.7120746374130249,0.6215100288391113,400.0,1.0,1.0,3.0,140.5316619873047,500.0,250212_resnet_onoffbench2.csv,0.0607747584581375,2025-03-20T16:13:20.548Z
0.0677575021982193,14.920618057250977,offload,2756.572021484375,4000.0,100.0,0.0676769837737083,3.853098630905152,0.0006585746887139976,False,3.0,0.0677575021982193,resnet50,0.1120506897568702,40.0,pytorch,144509.0,18.422014236450195,17.082204818725586,400.0,1.0,1.0,30.0,27.10300064086914,500.0,250212_resnet_onoffbench2.csv,0.0345909222960472,2025-03-20T16:13:20.548Z
0.0857191681861877,11.666605949401855,offload,2261.619873046875,4000.0,100.0,0.0856341943144798,0.2694947719573974,0.0117013892158865,False,3.0,0.0857191681861877,resnet50,0.1455269604921341,40.0,pytorch,144509.0,15.074016571044922,13.500121116638184,400.0,1.0,1.0,15.0,34.28766632080078,500.0,250212_resnet_onoffbench2.csv,0.0757780000567436,2025-03-20T16:13:20.548Z
0.1045375019311904,9.72127628326416,offload,3752.96044921875,4000.0,100.0,0.1044584214687347,3.76587986946106,0.0006845539901405573,False,6.0,0.1045375019311904,resnet50,0.1304969787597656,40.0,pytorch,144509.0,12.196776390075684,11.067294120788574,400.0,1.0,1.0,15.0,41.81499862670898,500.0,250212_resnet_onoffbench2.csv,0.0766819640994072,2025-03-20T16:13:20.548Z
0.0893099978566169,11.240764617919922,offload,1841.9869384765625,2000.0,100.0,0.0892009884119033,9.51153564453125,0.0006043197936378419,False,3.0,0.0893099978566169,resnet50,0.0847225189208984,40.0,pytorch,144509.0,13.405104637145996,12.960304260253906,400.0,1.0,1.0,70.0,35.7239990234375,500.0,250212_resnet_onoffbench2.csv,0.0341530330479145,2025-03-20T16:13:20.548Z
0.1082874983549118,9.473244667053224,offload,3903.92919921875,4000.0,100.0,0.1081921383738517,8.289798736572266,0.0012488882057368,False,6.0,0.1082874983549118,resnet50,0.1379639357328415,40.0,pytorch,144509.0,11.407211303710938,10.6853609085083,400.0,1.0,1.0,30.0,43.31499862670898,500.0,250212_resnet_onoffbench2.csv,0.0573484525084495,2025-03-20T16:13:20.548Z
0.1021883338689804,9.792057991027832,offload,966.1312866210938,2000.0,100.0,0.1020920053124427,2.905864715576172,0.0030760562513023,False,1.0,0.1021883338689804,resnet50,0.1398785859346389,40.0,pytorch,144509.0,12.75007438659668,11.323824882507324,400.0,1.0,1.0,15.0,40.87533187866211,500.0,250212_resnet_onoffbench2.csv,0.0817515328526496,2025-03-20T16:13:20.548Z
0.1135841682553291,8.901457786560059,offload,1002.7659912109376,2000.0,100.0,0.1135053858160972,13.329482078552246,0.0003982706984970719,False,1.0,0.1135841682553291,resnet50,0.1527614593505859,40.0,pytorch,144509.0,10.963711738586426,10.185173034667969,400.0,1.0,1.0,30.0,45.43366622924805,500.0,250212_resnet_onoffbench2.csv,0.0338134765625,2025-03-20T16:13:20.548Z
0.1088716685771942,9.362130165100098,offload,1813.177734375,2000.0,100.0,0.108732059597969,3.0740275382995605,0.01051876693964,False,3.0,0.1088716685771942,resnet50,0.1214741840958595,40.0,pytorch,144509.0,11.969377517700195,10.632301330566406,400.0,1.0,1.0,15.0,43.54866790771485,500.0,250212_resnet_onoffbench2.csv,0.0875765904784202,2025-03-20T16:13:20.548Z
0.1122466623783111,9.333822250366213,offload,1933.630859375,2000.0,100.0,0.1121264696121215,13.05825138092041,0.0006461534649133682,False,3.0,0.1122466623783111,resnet50,0.1363362520933151,40.0,pytorch,144509.0,11.36064910888672,10.310429573059082,400.0,1.0,1.0,30.0,44.89866638183594,500.0,250212_resnet_onoffbench2.csv,0.0345689319074153,2025-03-20T16:13:20.548Z
0.1331741660833358,7.535224914550781,offload,1281.546630859375,4000.0,100.0,0.1330953985452652,0.0503481477499008,0.0648079216480255,False,3.0,0.1331741660833358,resnet50,0.0857316628098487,40.0,pytorch,144509.0,9.692622184753418,8.686039924621582,400.0,1.0,1.0,10.0,53.2696647644043,500.0,250212_resnet_onoffbench2.csv,0.1234061121940612,2025-03-20T16:13:20.548Z
0.1629516631364822,6.24739408493042,offload,1850.7042236328125,2000.0,100.0,0.1628539860248565,21.64170837402344,0.000736529822461307,False,6.0,0.1629516631364822,resnet50,0.1256798058748245,40.0,pytorch,144509.0,7.399399280548096,7.098825454711914,400.0,1.0,1.0,70.0,65.18067169189453,500.0,250212_resnet_onoffbench2.csv,0.0538912788033485,2025-03-20T16:13:20.548Z
0.1367550045251846,7.321094036102295,offload,745.871337890625,4000.0,100.0,0.1366452276706695,0.1998425126075744,0.0362614430487155,False,1.0,0.1367550045251846,resnet50,0.1177884712815284,40.0,pytorch,144509.0,9.520537376403809,8.460390090942383,400.0,1.0,1.0,10.0,54.70199966430664,500.0,250212_resnet_onoffbench2.csv,0.1273543089628219,2025-03-20T16:13:20.548Z
0.1653033345937729,6.049494743347168,offload,985.481689453125,4000.0,100.0,0.1652276962995529,23.89032745361328,0.0002586672781035304,False,1.0,0.1653033345937729,resnet50,0.0867663994431495,40.0,pytorch,144509.0,7.581532478332519,6.996841907501221,400.0,1.0,1.0,30.0,66.12133026123047,500.0,250212_resnet_onoffbench2.csv,0.0341321676969528,2025-03-20T16:13:20.548Z
0.1462216675281524,7.171358108520508,offload,1001.1015625,4000.0,100.0,0.1461097002029419,12.508214950561523,0.0003013012756127864,False,1.0,0.1462216675281524,resnet50,0.1356513500213623,40.0,pytorch,144509.0,9.337485313415527,7.912356376647949,400.0,1.0,1.0,15.0,58.48866653442383,500.0,250212_resnet_onoffbench2.csv,0.0729114189743995,2025-03-20T16:13:20.548Z
0.270282506942749,3.7014665603637695,offload,1968.727783203125,2000.0,100.0,0.270152598619461,21.211400985717773,0.002240847563371,False,6.0,0.270282506942749,resnet50,0.1230246201157569,40.0,pytorch,144509.0,4.599677562713623,4.279329776763916,400.0,1.0,1.0,15.0,108.11299896240234,500.0,250212_resnet_onoffbench2.csv,0.1718463748693466,2025-03-20T16:13:20.548Z
0.251434177160263,4.5540289878845215,offload,1973.6282958984373,2000.0,100.0,0.2512824833393097,22.25071907043457,0.0026536604855209,False,6.0,0.251434177160263,resnet50,0.1827642917633056,40.0,pytorch,144509.0,5.53943395614624,4.600687026977539,400.0,1.0,1.0,30.0,100.57366943359376,500.0,250212_resnet_onoffbench2.csv,0.1366068422794342,2025-03-20T16:13:20.548Z
0.1270575076341629,7.870620250701904,offload,1419.55859375,2000.0,100.0,0.1269734352827072,0.1542513817548751,0.0405267141759395,False,3.0,0.1270575076341629,resnet50,0.0859016552567482,40.0,pytorch,144509.0,9.475586891174316,9.104833602905272,400.0,1.0,1.0,10.0,50.823001861572266,500.0,250212_resnet_onoffbench2.csv,0.1145939826965332,2025-03-20T16:13:20.548Z
0.1305241733789444,7.67690372467041,offload,2312.9306640625,4000.0,100.0,0.1304082423448562,0.1406206488609314,0.0597591996192932,False,6.0,0.1305241733789444,resnet50,0.0764962807297706,40.0,pytorch,144509.0,9.623933792114258,8.865022659301758,400.0,1.0,1.0,10.0,52.20966720581055,500.0,250212_resnet_onoffbench2.csv,0.1234950050711631,2025-03-20T16:13:20.548Z
0.1671408265829086,5.983878135681152,offload,980.8551025390624,2000.0,100.0,0.1670740395784378,8.64673900604248,0.00025889973039738834,False,1.0,0.1671408265829086,resnet50,0.0562877655029296,40.0,pytorch,144509.0,7.76128339767456,6.919518947601318,400.0,1.0,1.0,10.0,66.85633087158203,500.0,250212_resnet_onoffbench2.csv,0.1166532710194587,2025-03-20T16:13:20.548Z
0.2192691564559936,5.046419143676758,offload,1926.8189697265625,2000.0,100.0,0.2191704660654068,13.310126304626465,0.0020098455715924,False,6.0,0.2192691564559936,resnet50,0.1357132643461227,40.0,pytorch,144509.0,6.200612545013428,5.27476167678833,400.0,1.0,1.0,10.0,87.7076644897461,500.0,250212_resnet_onoffbench2.csv,0.1419151276350021,2025-03-20T16:13:20.548Z
0.254458338022232,3.929921865463257,offload,558.2427978515625,4000.0,100.0,0.2543732225894928,0.066494196653366,0.1072340905666351,False,1.0,0.254458338022232,resnet50,0.0923861637711525,40.0,pytorch,144509.0,5.211902618408203,4.54478645324707,400.0,1.0,1.0,5.0,101.78333282470705,500.0,250212_resnet_onoffbench2.csv,0.2363931238651275,2025-03-20T16:13:20.548Z
0.2555325031280517,3.913551568984986,offload,536.0272827148438,2000.0,100.0,0.2554511725902557,0.0627134665846824,0.1156550794839859,False,1.0,0.2555325031280517,resnet50,0.1080610752105712,40.0,pytorch,144509.0,5.17506742477417,4.525608539581299,400.0,1.0,1.0,5.0,102.21300506591795,500.0,250212_resnet_onoffbench2.csv,0.2412015497684478,2025-03-20T16:13:20.548Z
0.2558650076389313,3.9084136486053462,offload,1678.684326171875,4000.0,100.0,0.2558013498783111,0.0480592921376228,0.1525666117668151,False,6.0,0.2558650076389313,resnet50,0.0909260883927345,40.0,pytorch,144509.0,5.141902923583984,4.519413471221924,400.0,1.0,1.0,5.0,102.34600067138672,500.0,250212_resnet_onoffbench2.csv,0.2384195029735565,2025-03-20T16:13:20.548Z
0.2559800148010254,3.9067113399505615,offload,1062.5938720703125,4000.0,100.0,0.2559000551700592,0.0430459231138229,0.1482498049736023,False,3.0,0.2559800148010254,resnet50,0.1326093673706054,40.0,pytorch,144509.0,5.173551082611084,4.517670154571533,400.0,1.0,1.0,5.0,102.39199829101562,500.0,250212_resnet_onoffbench2.csv,0.2367579042911529,2025-03-20T16:13:20.548Z
0.2552550137042999,3.917708158493042,offload,793.2177124023438,2000.0,100.0,0.2551965415477752,0.0375563316047191,0.1666740924119949,False,3.0,0.2552550137042999,resnet50,0.1129063740372657,40.0,pytorch,144509.0,5.219791412353516,4.530124187469482,400.0,1.0,1.0,5.0,102.1020050048828,500.0,250212_resnet_onoffbench2.csv,0.240975797176361,2025-03-20T16:13:20.548Z
0.2955799996852875,3.419647693634033,offload,1720.973388671875,2000.0,100.0,0.295485645532608,9.961565017700195,0.0463403426110744,False,6.0,0.2955799996852875,resnet50,0.1273860186338424,40.0,pytorch,144509.0,4.38187313079834,3.912447214126587,400.0,1.0,1.0,5.0,118.23199462890624,500.0,250212_resnet_onoffbench2.csv,0.2452537715435028,2025-03-20T16:13:20.548Z
0.4247966706752777,2.354092121124268,offload,338.1051025390625,4000.0,100.0,0.4247173368930816,0.0532336719334125,0.2750952839851379,False,1.0,0.4247966706752777,resnet50,0.1399598121643066,40.0,pytorch,144509.0,3.233785629272461,2.721979856491089,400.0,1.0,1.0,3.0,169.91867065429688,500.0,250212_resnet_onoffbench2.csv,0.4106602668762207,2025-03-20T16:13:20.548Z
0.4352458417415619,2.2998387813568115,offload,585.679931640625,4000.0,100.0,0.4351418614387512,0.0454572364687919,0.3271678388118744,False,3.0,0.4352458417415619,resnet50,0.1045418605208396,40.0,pytorch,144509.0,3.2086896896362305,2.6567704677581787,400.0,1.0,1.0,3.0,174.0983428955078,500.0,250212_resnet_onoffbench2.csv,0.4264764487743377,2025-03-20T16:13:20.548Z
0.4354049861431122,2.298668622970581,offload,1060.5411376953125,2000.0,100.0,0.4352487027645111,0.1481156349182129,0.2266922742128372,False,6.0,0.4354049861431122,resnet50,0.1037522926926612,40.0,pytorch,144509.0,3.151303768157959,2.656118154525757,400.0,1.0,1.0,3.0,174.16200256347656,500.0,250212_resnet_onoffbench2.csv,0.4233990311622619,2025-03-20T16:13:20.548Z
0.4384050071239471,2.282571792602539,offload,1135.6724853515625,4000.0,100.0,0.4383227825164795,0.0486733876168727,0.3140648007392883,False,6.0,0.4384050071239471,resnet50,0.0918087139725685,40.0,pytorch,144509.0,3.16741681098938,2.6374900341033936,400.0,1.0,1.0,3.0,175.36199951171875,500.0,250212_resnet_onoffbench2.csv,0.4286793768405914,2025-03-20T16:13:20.548Z
0.4395316839218139,2.2755722999572754,offload,560.384521484375,2000.0,100.0,0.4394178390502929,0.0718099400401115,0.3206811845302582,False,3.0,0.4395316839218139,resnet50,0.1005600318312645,40.0,pytorch,144509.0,3.1594347953796387,2.6309173107147217,400.0,1.0,1.0,3.0,175.8126678466797,500.0,250212_resnet_onoffbench2.csv,0.4312653541564941,2025-03-20T16:13:20.548Z
0.4486624896526336,2.2312300205230717,offload,283.3718566894531,2000.0,100.0,0.4485511779785156,0.042645376175642,0.3167638480663299,False,1.0,0.4486624896526336,resnet50,0.0872973576188087,40.0,pytorch,144509.0,3.1481971740722656,2.577347040176392,400.0,1.0,1.0,3.0,179.46499633789062,500.0,250212_resnet_onoffbench2.csv,0.4394228458404541,2025-03-20T16:13:20.548Z
0.0578491687774658,17.385997772216797,offload,2530.955322265625,4000.0,70.0,0.0577533356845378,7.363516330718994,9.244700777344406e-05,False,3.0,0.0578491687774658,resnet50,0.1013828888535499,40.0,pytorch,44053.38671875,6.507889270782471,6.102281093597412,400.0,1.0,1.0,30.0,23.139667510986328,500.0,250212_resnet_onoffbench2.csv,0.0120508819818496,2025-03-20T16:13:20.548Z
0.0808983296155929,12.866559028625488,offload,3152.069091796875,4000.0,70.0,0.0808330923318862,11.122239112854004,0.0005222042091190815,False,6.0,0.0808983296155929,resnet50,0.1017869338393211,40.0,pytorch,44053.38671875,4.735095024108887,4.359935760498047,400.0,1.0,1.0,70.0,32.35933303833008,500.0,250212_resnet_onoffbench2.csv,0.0136803817003965,2025-03-20T16:13:20.548Z
0.0666133314371109,15.530789375305176,offload,2683.260009765625,4000.0,70.0,0.0664774253964424,8.994174003601074,0.0003738144878298044,False,3.0,0.0666133314371109,resnet50,0.1072292327880859,40.0,pytorch,44053.38671875,5.683410167694092,5.301455497741699,400.0,1.0,1.0,70.0,26.64533233642578,500.0,250212_resnet_onoffbench2.csv,0.0070884246379137,2025-03-20T16:13:20.548Z
0.0761858373880386,13.173663139343262,offload,3889.11181640625,4000.0,70.0,0.0760901644825935,12.14055633544922,0.0001380441535729915,False,6.0,0.0761858373880386,resnet50,0.1163266524672508,40.0,pytorch,44053.38671875,4.926242828369141,4.631703853607178,400.0,1.0,1.0,30.0,30.474334716796875,500.0,250212_resnet_onoffbench2.csv,0.0124368006363511,2025-03-20T16:13:20.548Z
0.1066858321428299,9.473240852355955,offload,1944.7694091796875,2000.0,70.0,0.1065345555543899,16.164369583129883,0.0002744017110671848,False,3.0,0.1066858321428299,resnet50,0.0974994525313377,40.0,pytorch,44053.38671875,3.4755101203918457,3.308101177215576,400.0,1.0,1.0,70.0,42.67433166503906,500.0,250212_resnet_onoffbench2.csv,0.0092962570488452,2025-03-20T16:13:20.548Z
0.1175824999809265,9.097007751464844,offload,938.7508544921876,2000.0,70.0,0.1174603700637817,18.65221405029297,0.0001335469860350713,False,1.0,0.1175824999809265,resnet50,0.1143412590026855,40.0,pytorch,44053.38671875,3.378121852874756,3.0003914833068848,400.0,1.0,1.0,30.0,47.03300094604492,500.0,250212_resnet_onoffbench2.csv,0.0128504419699311,2025-03-20T16:13:20.548Z
0.1217883303761482,8.63716983795166,offload,958.818115234375,2000.0,70.0,0.1217013597488403,19.991130828857425,0.000152077671373263,False,1.0,0.1217883303761482,resnet50,0.1127463951706886,40.0,pytorch,44053.38671875,3.172391891479492,2.895835399627685,400.0,1.0,1.0,70.0,48.71533203125,500.0,250212_resnet_onoffbench2.csv,0.0076040932908654,2025-03-20T16:13:20.548Z
0.1063600033521652,9.41681957244873,offload,864.0765380859375,4000.0,70.0,0.1062948405742645,14.846809387207031,0.0097301863133907,False,1.0,0.1063600033521652,resnet50,0.1231695413589477,40.0,pytorch,44053.38671875,3.521357774734497,3.315561532974243,400.0,1.0,1.0,30.0,42.54399871826172,500.0,250212_resnet_onoffbench2.csv,0.0223497617989778,2025-03-20T16:13:20.548Z
0.1310666650533676,7.900399684906006,offload,968.3870239257812,4000.0,70.0,0.1309965252876281,20.31577491760254,0.00013432581909000874,False,1.0,0.1310666650533676,resnet50,0.0886875018477439,40.0,pytorch,44053.38671875,2.881343126296997,2.690354585647583,400.0,1.0,1.0,70.0,52.426666259765625,500.0,250212_resnet_onoffbench2.csv,0.0065900119952857,2025-03-20T16:13:20.548Z
0.279999166727066,3.610117912292481,offload,1963.7357177734373,2000.0,70.0,0.279868870973587,46.98099899291992,0.0005525866872631013,False,6.0,0.279999166727066,resnet50,0.128392219543457,40.0,pytorch,44053.38671875,1.3524764776229858,1.2592579126358032,400.0,1.0,1.0,70.0,111.99966430664062,500.0,250212_resnet_onoffbench2.csv,0.0427671298384666,2025-03-20T16:13:20.548Z
1.2766200304031372,0.7833187580108643,offload,499.03619384765625,2000.0,100.0,1.2765408754348757,0.0160667486488819,1.0071669816970823,False,6.0,1.2766200304031372,resnet50,0.1264128684997558,40.0,pytorch,144509.0,1.145695686340332,0.9056286811828612,400.0,1.0,1.0,1.0,510.6479797363281,500.0,250212_resnet_onoffbench2.csv,1.257185459136963,2025-03-20T16:13:20.548Z
1.276769995689392,0.783226728439331,offload,122.44992065429688,2000.0,100.0,1.2766876220703125,0.007270491681993,1.1152666807174685,False,1.0,1.276769995689392,resnet50,0.0796892642974853,40.0,pytorch,144509.0,1.1220088005065918,0.9055246114730836,400.0,1.0,1.0,1.0,510.7080078125,500.0,250212_resnet_onoffbench2.csv,1.2585166692733765,2025-03-20T16:13:20.548Z
1.2759699821472168,0.7837176322937012,offload,208.6698760986328,2000.0,100.0,1.2758909463882446,0.0072977440431714,1.1605814695358276,False,3.0,1.2759699821472168,resnet50,0.1310321539640426,40.0,pytorch,144509.0,1.1358237266540527,0.9060900211334229,400.0,1.0,1.0,1.0,510.3880004882813,500.0,250212_resnet_onoffbench2.csv,1.2581782341003418,2025-03-20T16:13:20.548Z
1.2781158685684204,0.7824195027351379,offload,231.33763122558597,4000.0,100.0,1.278047800064087,0.0043303403072059,1.2173057794570925,False,6.0,1.2781158685684204,resnet50,0.0622223205864429,40.0,pytorch,144509.0,1.119713544845581,0.9045608043670654,400.0,1.0,1.0,1.0,511.246337890625,500.0,250212_resnet_onoffbench2.csv,1.2635166645050049,2025-03-20T16:13:20.548Z
1.2881325483322144,0.7763526439666748,offload,138.30703735351562,4000.0,100.0,1.28805410861969,0.0035721559543162,1.2202372550964355,False,3.0,1.2881325483322144,resnet50,0.0535826683044433,40.0,pytorch,144509.0,1.103164553642273,0.8975337147712708,400.0,1.0,1.0,1.0,515.2529907226562,500.0,250212_resnet_onoffbench2.csv,1.2773168087005615,2025-03-20T16:13:20.548Z
1.3335663080215454,0.7506256103515625,offload,111.73239135742188,4000.0,100.0,1.3334977626800537,0.0058643766678869,1.1805131435394287,False,1.0,1.3335663080215454,resnet50,0.0894770622253418,40.0,pytorch,144509.0,1.089726448059082,0.8669471144676208,400.0,1.0,1.0,1.0,533.426513671875,500.0,250212_resnet_onoffbench2.csv,1.3266315460205078,2025-03-20T16:13:20.548Z
0.0654158368706703,15.745709419250488,offload,2470.589111328125,4000.0,70.0,0.0653135627508163,5.681558132171631,0.00028027952066622674,False,3.0,0.0654158368706703,resnet50,0.0833346843719482,40.0,pytorch,44053.38671875,6.063327789306641,5.395925045013428,400.0,1.0,1.0,15.0,26.16633415222168,500.0,250212_resnet_onoffbench2.csv,0.0182325150817632,2025-03-20T16:13:20.548Z
0.0943583324551582,10.74004364013672,offload,3758.493408203125,4000.0,70.0,0.094279296696186,11.247283935546877,0.00019572475866880268,False,6.0,0.0943583324551582,resnet50,0.0810408592224121,40.0,pytorch,44053.38671875,4.129568099975586,3.738117456436157,400.0,1.0,1.0,10.0,37.74333190917969,500.0,250212_resnet_onoffbench2.csv,0.0293100532144308,2025-03-20T16:13:20.548Z
0.0771708339452743,12.962136268615724,offload,1805.871826171875,4000.0,70.0,0.0770727023482322,0.3150850534439087,0.0181540586054325,False,3.0,0.0771708339452743,resnet50,0.0959880352020263,40.0,pytorch,44053.38671875,5.259388446807861,4.572657585144043,400.0,1.0,1.0,5.0,30.86833381652832,500.0,250212_resnet_onoffbench2.csv,0.0681540220975875,2025-03-20T16:13:20.548Z
0.1034216657280922,10.160943984985352,offload,3783.67724609375,4000.0,70.0,0.1032848954200744,14.175530433654783,0.00016964136739261448,False,6.0,0.1034216657280922,resnet50,0.113166332244873,40.0,pytorch,44053.38671875,3.881669521331787,3.412184238433838,400.0,1.0,1.0,15.0,41.36866760253906,500.0,250212_resnet_onoffbench2.csv,0.0186220798641443,2025-03-20T16:13:20.548Z
0.0703424960374832,14.48422145843506,offload,2682.23779296875,4000.0,70.0,0.0702567622065544,6.21781587600708,0.00017199416470248252,False,3.0,0.0703424960374832,resnet50,0.1642178744077682,40.0,pytorch,44053.38671875,5.659531593322754,5.01627254486084,400.0,1.0,1.0,10.0,28.136999130249023,500.0,250212_resnet_onoffbench2.csv,0.0302258916199207,2025-03-20T16:13:20.548Z
0.0965558290481567,10.362821578979492,offload,964.73583984375,4000.0,70.0,0.0964434370398521,4.240726947784424,0.00015745143173262477,False,1.0,0.0965558290481567,resnet50,0.1406678408384323,40.0,pytorch,44053.38671875,4.21527624130249,3.654236078262329,400.0,1.0,1.0,5.0,38.62233352661133,500.0,250212_resnet_onoffbench2.csv,0.070555180311203,2025-03-20T16:13:20.548Z
0.0874324962496757,11.506550788879396,offload,1861.1766357421875,2000.0,70.0,0.0873590409755706,13.836234092712402,0.0001210955815622583,False,3.0,0.0874324962496757,resnet50,0.1161119937896728,40.0,pytorch,44053.38671875,4.230592250823975,4.034236907958984,400.0,1.0,1.0,30.0,34.972999572753906,500.0,250212_resnet_onoffbench2.csv,0.0099110240116715,2025-03-20T16:13:20.548Z
0.0996841713786125,10.044187545776367,offload,919.936279296875,2000.0,70.0,0.0995726659893989,12.07392120361328,0.00013923704682383686,False,1.0,0.0996841713786125,resnet50,0.1831518858671188,40.0,pytorch,44053.38671875,3.977156639099121,3.539396047592163,400.0,1.0,1.0,10.0,39.8736686706543,500.0,250212_resnet_onoffbench2.csv,0.0317239351570606,2025-03-20T16:13:20.548Z
0.1127266660332679,8.942442893981934,offload,954.8065185546876,2000.0,70.0,0.112636350095272,15.452543258666992,0.000159904157044366,False,1.0,0.1127266660332679,resnet50,0.1272336691617965,40.0,pytorch,44053.38671875,3.425401449203491,3.1288928985595703,400.0,1.0,1.0,15.0,45.090667724609375,500.0,250212_resnet_onoffbench2.csv,0.0178515948355197,2025-03-20T16:13:20.548Z
0.1491941660642624,6.756499290466309,offload,1914.8475341796875,2000.0,70.0,0.1490584164857864,24.681995391845703,0.00021897196711506692,False,6.0,0.1491941660642624,resnet50,0.078452743589878,40.0,pytorch,44053.38671875,2.4510531425476074,2.364355564117432,400.0,1.0,1.0,30.0,59.67766571044922,500.0,250212_resnet_onoffbench2.csv,0.0163093358278274,2025-03-20T16:13:20.548Z
0.0998558327555656,10.179169654846191,offload,1883.724365234375,2000.0,70.0,0.0997367650270462,12.54673671722412,0.00011631429515546188,False,3.0,0.0998558327555656,resnet50,0.1016292572021484,40.0,pytorch,44053.38671875,3.9852025508880615,3.5335724353790283,400.0,1.0,1.0,10.0,39.94233322143555,500.0,250212_resnet_onoffbench2.csv,0.0316307991743087,2025-03-20T16:13:20.548Z
0.1097775027155876,9.466718673706056,offload,1887.0361328125,2000.0,70.0,0.1096941605210304,15.304590225219728,0.0001733821554807946,False,3.0,0.1097775027155876,resnet50,0.1146694794297218,40.0,pytorch,44053.38671875,3.6312222480773926,3.212815523147583,400.0,1.0,1.0,15.0,43.9109992980957,500.0,250212_resnet_onoffbench2.csv,0.0184173136949539,2025-03-20T16:13:20.548Z
0.1448300033807754,7.234215259552002,offload,937.6114501953124,4000.0,70.0,0.1446583271026611,21.14989852905273,0.00010589599696686491,False,1.0,0.1448300033807754,resnet50,0.1117524281144142,40.0,pytorch,44053.38671875,2.8565540313720703,2.436272382736206,400.0,1.0,1.0,10.0,57.93199920654297,500.0,250212_resnet_onoffbench2.csv,0.0294332765042781,2025-03-20T16:13:20.548Z
0.16573166847229,6.035281181335449,offload,951.2335205078124,4000.0,70.0,0.1656659841537475,27.018238067626957,0.00012905259791295975,False,1.0,0.16573166847229,resnet50,0.0555598735809326,40.0,pytorch,44053.38671875,2.354998111724853,2.1273353099823,400.0,1.0,1.0,15.0,66.29266357421875,500.0,250212_resnet_onoffbench2.csv,0.0182423517107963,2025-03-20T16:13:20.548Z
0.2642725110054016,3.789271593093872,offload,1914.9324951171875,2000.0,70.0,0.2640248835086822,44.04143905639648,0.0004693502269219607,False,6.0,0.2642725110054016,resnet50,0.1415154933929443,40.0,pytorch,44053.38671875,1.4420589208602903,1.3348253965377808,400.0,1.0,1.0,10.0,105.70899963378906,500.0,250212_resnet_onoffbench2.csv,0.0472432188689708,2025-03-20T16:13:20.548Z
0.2452549934387207,4.728277206420898,offload,1953.822021484375,2000.0,70.0,0.2451517879962921,40.23579406738281,0.0005865927669219673,False,6.0,0.2452549934387207,resnet50,0.1740374565124511,40.0,pytorch,44053.38671875,1.7527596950531006,1.4375872611999512,400.0,1.0,1.0,15.0,98.10199737548828,500.0,250212_resnet_onoffbench2.csv,0.0353712402284145,2025-03-20T16:13:20.548Z
0.079084999859333,12.664801597595217,offload,3310.56591796875,4000.0,70.0,0.0790135785937309,0.6792662739753723,0.0105805965140461,False,6.0,0.079084999859333,resnet50,0.0744315758347511,40.0,pytorch,44053.38671875,5.0764594078063965,4.460335731506348,400.0,1.0,1.0,5.0,31.63399887084961,500.0,250212_resnet_onoffbench2.csv,0.071446880698204,2025-03-20T16:13:20.548Z
0.0909941643476486,10.99362564086914,offload,1962.20458984375,2000.0,70.0,0.0909290015697479,3.304717540740967,0.00047447779797948897,False,3.0,0.0909941643476486,resnet50,0.0720373019576072,40.0,pytorch,44053.38671875,4.479403018951416,3.87584924697876,400.0,1.0,1.0,5.0,36.39766693115234,500.0,250212_resnet_onoffbench2.csv,0.0648464262485504,2025-03-20T16:13:20.548Z
0.1265999972820282,7.898924350738525,offload,1831.077392578125,4000.0,70.0,0.126494824886322,0.1959776580333709,0.039443340152502,False,3.0,0.1265999972820282,resnet50,0.1240251883864402,40.0,pytorch,44053.38671875,3.2218053340911865,2.7860987186431885,400.0,1.0,1.0,3.0,50.63999938964844,500.0,250212_resnet_onoffbench2.csv,0.1103414297103881,2025-03-20T16:13:20.548Z
0.1283266693353653,7.795566082000732,offload,2814.414306640625,4000.0,70.0,0.1282328069210052,0.478273868560791,0.0366373993456363,False,6.0,0.1283266693353653,resnet50,0.0790730342268943,40.0,pytorch,44053.38671875,3.1883580684661865,2.748337984085083,400.0,1.0,1.0,3.0,51.330665588378906,500.0,250212_resnet_onoffbench2.csv,0.1108717918395996,2025-03-20T16:13:20.548Z
0.1394533365964889,7.276282787322998,offload,856.9765625,2000.0,70.0,0.1393295675516128,2.957354784011841,0.0143101634457707,False,1.0,0.1394533365964889,resnet50,0.1109640598297119,40.0,pytorch,44053.38671875,3.01688289642334,2.529449224472046,400.0,1.0,1.0,3.0,55.78133392333984,500.0,250212_resnet_onoffbench2.csv,0.1142874062061309,2025-03-20T16:13:20.548Z
0.1276841610670089,7.833057880401611,offload,1500.2677001953125,2000.0,70.0,0.1276017874479293,0.4811179339885711,0.0368836969137191,False,3.0,0.1276841610670089,resnet50,0.1221648827195167,40.0,pytorch,44053.38671875,3.2839808464050293,2.761929035186768,400.0,1.0,1.0,3.0,51.07366561889648,500.0,250212_resnet_onoffbench2.csv,0.1148047670722007,2025-03-20T16:13:20.548Z
0.2062425017356872,5.398397445678711,offload,1833.09716796875,2000.0,70.0,0.2061193585395813,27.175920486450195,0.0004317015409469605,False,6.0,0.2062425017356872,resnet50,0.127969816327095,40.0,pytorch,44053.38671875,2.07940936088562,1.7098203897476196,400.0,1.0,1.0,5.0,82.49700164794922,500.0,250212_resnet_onoffbench2.csv,0.0616567842662334,2025-03-20T16:13:20.548Z
0.1406716704368591,7.2068071365356445,offload,871.630615234375,4000.0,70.0,0.1405959576368332,3.3749396800994877,0.0085881343111395,False,1.0,0.1406716704368591,resnet50,0.0946487560868263,40.0,pytorch,44053.38671875,3.025070905685425,2.5066659450531006,400.0,1.0,1.0,3.0,56.2686653137207,500.0,250212_resnet_onoffbench2.csv,0.1119958162307739,2025-03-20T16:13:20.548Z
0.1644116789102554,6.082453727722168,offload,972.9925537109376,2000.0,70.0,0.1643450260162353,17.979660034179688,0.00011421163799241184,False,1.0,0.1644116789102554,resnet50,0.0546956844627857,40.0,pytorch,44053.38671875,2.483630418777466,2.1444342136383057,400.0,1.0,1.0,5.0,65.7646713256836,500.0,250212_resnet_onoffbench2.csv,0.0676689073443412,2025-03-20T16:13:20.548Z
0.251832515001297,4.319072723388672,offload,1980.69287109375,2000.0,70.0,0.2517460882663727,26.628875732421875,0.0004533167521003634,False,6.0,0.251832515001297,resnet50,0.1476739197969436,40.0,pytorch,44053.38671875,1.7537169456481934,1.399930715560913,400.0,1.0,1.0,3.0,100.73300170898438,500.0,250212_resnet_onoffbench2.csv,0.1171395480632782,2025-03-20T16:13:20.548Z
0.3979474902153015,2.515559434890747,offload,1173.309814453125,4000.0,70.0,0.3978787660598755,0.075053371489048,0.2872490286827087,False,6.0,0.3979474902153015,resnet50,0.1270875185728073,40.0,pytorch,44053.38671875,1.1217530965805054,0.885765016078949,400.0,1.0,1.0,1.0,159.1790008544922,500.0,250212_resnet_onoffbench2.csv,0.3887860178947449,2025-03-20T16:13:20.548Z
0.3923266530036926,2.553150415420532,offload,638.5216064453125,4000.0,70.0,0.392170250415802,0.0412873029708862,0.2957390248775482,False,3.0,0.3923266530036926,resnet50,0.093015432357788,40.0,pytorch,44053.38671875,1.143688082695007,0.8986583948135376,400.0,1.0,1.0,1.0,156.9306640625,500.0,250212_resnet_onoffbench2.csv,0.3836826086044311,2025-03-20T16:13:20.548Z
0.3801416754722595,2.630614757537842,offload,354.5976867675781,4000.0,70.0,0.3800819516181946,0.0848978385329246,0.2413616776466369,False,1.0,0.3801416754722595,resnet50,0.0875072479248046,40.0,pytorch,44053.38671875,1.1460325717926023,0.9272397756576538,400.0,1.0,1.0,1.0,152.05667114257812,500.0,250212_resnet_onoffbench2.csv,0.3688388466835022,2025-03-20T16:13:20.548Z
0.3910999894142151,2.5590169429779053,offload,1150.063720703125,2000.0,70.0,0.3909872174263,0.3951680660247803,0.1932459473609924,False,6.0,0.3910999894142151,resnet50,0.0864539965987205,40.0,pytorch,44053.38671875,1.135648250579834,0.9013775587081908,400.0,1.0,1.0,1.0,156.44000244140625,500.0,250212_resnet_onoffbench2.csv,0.3810662031173706,2025-03-20T16:13:20.548Z
0.4020541608333587,2.488659381866455,offload,295.55938720703125,2000.0,70.0,0.4019786119461059,0.0613695532083511,0.281297504901886,False,1.0,0.4020541608333587,resnet50,0.1238884925842285,40.0,pytorch,44053.38671875,1.1250133514404297,0.8767309784889221,400.0,1.0,1.0,1.0,160.82167053222656,500.0,250212_resnet_onoffbench2.csv,0.3945184350013733,2025-03-20T16:13:20.548Z
0.4012024998664856,2.494105815887451,offload,582.9110717773438,2000.0,70.0,0.401123583316803,0.0704787075519561,0.2971410751342773,False,3.0,0.4012024998664856,resnet50,0.0894845351576805,40.0,pytorch,44053.38671875,1.1220829486846924,0.8785997629165649,400.0,1.0,1.0,1.0,160.4810028076172,500.0,250212_resnet_onoffbench2.csv,0.3932336270809173,2025-03-20T16:13:20.548Z
0.0550462491810321,18.424129486083984,offload,2796.70166015625,4000.0,40.0,0.0549947582185268,7.342334747314453,6.259411748033017e-05,False,3.0,0.0550462491810321,resnet50,0.055193543434143,40.0,pytorch,27287.087890625,4.105319499969482,3.969409227371216,400.0,1.0,1.0,70.0,22.01850128173828,500.0,250212_resnet_onoffbench2.csv,0.0056107989512383,2025-03-20T16:13:20.548Z
0.055346667766571,18.142099380493164,offload,2623.61376953125,4000.0,40.0,0.0552593693137168,6.714019775390625,7.778823055559769e-05,False,3.0,0.055346667766571,resnet50,0.0849641934037208,40.0,pytorch,27287.087890625,4.314630508422852,3.950401782989502,400.0,1.0,1.0,15.0,22.13866806030273,500.0,250212_resnet_onoffbench2.csv,0.0114125004038214,2025-03-20T16:13:20.548Z
0.0753108337521553,13.300222396850586,offload,3801.3505859375,4000.0,40.0,0.0752351433038711,10.3793306350708,0.00015435556997545063,False,6.0,0.0753108337521553,resnet50,0.0595621280372142,40.0,pytorch,27287.087890625,3.0012013912200928,2.9015257358551025,400.0,1.0,1.0,70.0,30.12433242797852,500.0,250212_resnet_onoffbench2.csv,0.0084340898320078,2025-03-20T16:13:20.548Z
0.0770783349871635,13.529085159301758,offload,3888.34765625,4000.0,40.0,0.0770158618688583,10.787211418151855,0.00014153917436487973,False,6.0,0.0770783349871635,resnet50,0.1048568859696388,40.0,pytorch,27287.087890625,3.099752426147461,2.8344383239746094,400.0,1.0,1.0,30.0,30.83133316040039,500.0,250212_resnet_onoffbench2.csv,0.0081196930259466,2025-03-20T16:13:20.548Z
0.115505002439022,8.929181098937988,offload,1964.3768310546875,2000.0,40.0,0.1154229119420051,17.651344299316406,0.00011439681111369282,False,3.0,0.115505002439022,resnet50,0.1143979206681251,40.0,pytorch,27287.087890625,2.0232279300689697,1.8912770748138428,400.0,1.0,1.0,70.0,46.20199966430664,500.0,250212_resnet_onoffbench2.csv,0.0076203108765184,2025-03-20T16:13:20.548Z
0.0662674978375434,15.62485122680664,offload,2739.19140625,4000.0,40.0,0.0661848187446594,9.009617805480955,0.00017024000408127904,False,3.0,0.0662674978375434,resnet50,0.1142776012420654,40.0,pytorch,27287.087890625,3.6498444080352783,3.2982897758483887,400.0,1.0,1.0,30.0,26.506999969482425,500.0,250212_resnet_onoffbench2.csv,0.006330584641546,2025-03-20T16:13:20.548Z
0.0795341655611991,12.579150199890137,offload,3448.571533203125,4000.0,40.0,0.0794437527656555,12.398903846740724,0.0001050090795615688,False,6.0,0.0795341655611991,resnet50,0.0900512561202049,40.0,pytorch,27287.087890625,2.966722011566162,2.747814655303955,400.0,1.0,1.0,15.0,31.81366729736328,500.0,250212_resnet_onoffbench2.csv,0.0116512179374694,2025-03-20T16:13:20.548Z
0.1437966674566269,7.392080307006836,offload,935.0197143554688,4000.0,40.0,0.143686756491661,25.41227149963379,0.00011565645399969073,False,1.0,0.1437966674566269,resnet50,0.0718857422471046,40.0,pytorch,27287.087890625,1.6825647354125977,1.5192540884017944,400.0,1.0,1.0,70.0,57.51866912841797,500.0,250212_resnet_onoffbench2.csv,0.0062703448347747,2025-03-20T16:13:20.548Z
0.109984166920185,9.195464134216309,offload,1853.03857421875,2000.0,40.0,0.1098894029855728,17.137067794799805,0.00016540031356271356,False,3.0,0.109984166920185,resnet50,0.1233464851975441,40.0,pytorch,27287.087890625,2.0905563831329346,1.9865127801895144,400.0,1.0,1.0,30.0,43.99366760253906,500.0,250212_resnet_onoffbench2.csv,0.0067739346995949,2025-03-20T16:13:20.548Z
0.1229908317327499,8.515193939208984,offload,956.4091796875,2000.0,40.0,0.122905321419239,20.59407615661621,0.0001348320656688884,False,1.0,0.1229908317327499,resnet50,0.1179731711745262,40.0,pytorch,27287.087890625,1.9622668027877808,1.776137113571167,400.0,1.0,1.0,30.0,49.19633483886719,500.0,250212_resnet_onoffbench2.csv,0.006321357563138,2025-03-20T16:13:20.548Z
0.0967374965548515,10.360328674316406,offload,927.9937133789062,4000.0,40.0,0.0966458544135093,14.854082107543944,0.00012611111742444336,False,1.0,0.0967374965548515,resnet50,0.1165568009018898,40.0,pytorch,27287.087890625,2.508251190185547,2.25872802734375,400.0,1.0,1.0,15.0,38.69499969482422,500.0,250212_resnet_onoffbench2.csv,0.0142952045425772,2025-03-20T16:13:20.548Z
0.1194508299231529,8.927797317504883,offload,923.6488647460938,2000.0,40.0,0.1193814724683761,19.76326942443848,0.00012322008842602372,False,1.0,0.1194508299231529,resnet50,0.1000842228531837,40.0,pytorch,27287.087890625,2.1213088035583496,1.8285642862319944,400.0,1.0,1.0,15.0,47.78033447265625,500.0,250212_resnet_onoffbench2.csv,0.0132765341550111,2025-03-20T16:13:20.548Z
0.1317750066518783,7.88084077835083,offload,964.8886108398438,4000.0,40.0,0.1316857039928436,20.102500915527344,0.00012586494267452508,False,1.0,0.1317750066518783,resnet50,0.1065799370408058,40.0,pytorch,27287.087890625,1.8205846548080444,1.657710075378418,400.0,1.0,1.0,30.0,52.709999084472656,500.0,250212_resnet_onoffbench2.csv,0.0070781507529318,2025-03-20T16:13:20.548Z
0.1433941572904586,7.345994472503662,offload,940.1090698242188,2000.0,40.0,0.1432967782020568,23.77008628845215,9.330689499620348e-05,False,1.0,0.1433941572904586,resnet50,0.076042890548706,40.0,pytorch,27287.087890625,1.660354495048523,1.5233887434005735,400.0,1.0,1.0,70.0,57.357666015625,500.0,250212_resnet_onoffbench2.csv,0.0057320459745824,2025-03-20T16:13:20.548Z
0.30154749751091,3.323164224624634,offload,1958.9239501953125,2000.0,40.0,0.3013437390327453,54.06967544555664,0.0003753870551008731,False,6.0,0.30154749751091,resnet50,0.1295722275972366,40.0,pytorch,27287.087890625,0.7616965770721436,0.7244109511375427,400.0,1.0,1.0,70.0,120.6189956665039,500.0,250212_resnet_onoffbench2.csv,0.0219510123133659,2025-03-20T16:13:20.548Z
0.273279994726181,3.695229768753052,offload,1946.5858154296875,2000.0,40.0,0.2731688916683197,48.30558395385742,0.00030654549482278526,False,6.0,0.273279994726181,resnet50,0.0991852283477783,40.0,pytorch,27287.087890625,0.861962080001831,0.7991272807121277,400.0,1.0,1.0,30.0,109.31200408935548,500.0,250212_resnet_onoffbench2.csv,0.0260425359010696,2025-03-20T16:13:20.548Z
0.0650316700339317,15.556037902832031,offload,2389.0166015625,4000.0,40.0,0.0649143829941749,6.365111827850342,0.0004858831816818565,False,3.0,0.0650316700339317,resnet50,0.0640209540724754,40.0,pytorch,27287.087890625,3.71903920173645,3.362840414047241,400.0,1.0,1.0,10.0,26.012666702270508,500.0,250212_resnet_onoffbench2.csv,0.0155571084469556,2025-03-20T16:13:20.548Z
0.0903325006365776,11.297144889831545,offload,3835.937744140625,4000.0,40.0,0.0902535021305084,9.022286415100098,0.00014518520038109273,False,6.0,0.0903325006365776,resnet50,0.1046385765075683,40.0,pytorch,27287.087890625,2.818169593811035,2.418706178665161,400.0,1.0,1.0,5.0,36.132999420166016,500.0,250212_resnet_onoffbench2.csv,0.0358422510325908,2025-03-20T16:13:20.548Z
0.0864975005388259,11.73459529876709,offload,1849.4915771484373,4000.0,40.0,0.0864330008625984,0.2465522289276123,0.0183148030191659,False,3.0,0.0864975005388259,resnet50,0.0790379866957664,40.0,pytorch,27287.087890625,2.864450693130493,2.5256175994873047,400.0,1.0,1.0,3.0,34.5989990234375,500.0,250212_resnet_onoffbench2.csv,0.0689006000757217,2025-03-20T16:13:20.548Z
0.0868725031614303,11.626665115356444,offload,1750.7459716796875,2000.0,40.0,0.0868112593889236,13.702929496765137,8.170247019734234e-05,False,3.0,0.0868725031614303,resnet50,0.0874243602156639,40.0,pytorch,27287.087890625,2.695821046829224,2.5146126747131348,400.0,1.0,1.0,15.0,34.749000549316406,500.0,250212_resnet_onoffbench2.csv,0.0107038281857967,2025-03-20T16:13:20.548Z
0.0714024975895881,14.16109561920166,offload,2616.680419921875,4000.0,40.0,0.0710098072886467,5.375524997711182,0.0002835484337992966,False,3.0,0.0714024975895881,resnet50,0.1123716011643409,40.0,pytorch,27287.087890625,3.537039995193481,3.074176788330078,400.0,1.0,1.0,5.0,28.56100082397461,500.0,250212_resnet_onoffbench2.csv,0.0384877398610115,2025-03-20T16:13:20.548Z
0.1057291701436042,9.724331855773926,offload,3868.154541015625,4000.0,40.0,0.1056538596749305,14.226507186889648,0.00015814602375030518,False,6.0,0.1057291701436042,resnet50,0.0794730186462402,40.0,pytorch,27287.087890625,2.297062873840332,2.0661497116088867,400.0,1.0,1.0,10.0,42.29166793823242,500.0,250212_resnet_onoffbench2.csv,0.0161994844675064,2025-03-20T16:13:20.548Z
0.0946333333849906,10.5675630569458,offload,971.1356811523438,4000.0,40.0,0.0945480465888977,4.362637996673584,0.000101691679446958,False,1.0,0.0946333333849906,resnet50,0.1274981498718261,40.0,pytorch,27287.087890625,2.7491531372070312,2.3088440895080566,400.0,1.0,1.0,3.0,37.85333251953125,500.0,250212_resnet_onoffbench2.csv,0.0716704353690147,2025-03-20T16:13:20.548Z
0.0976466685533523,10.294705390930176,offload,915.9295654296876,2000.0,40.0,0.097565472126007,10.235410690307615,0.00015022078878246248,False,1.0,0.0976466685533523,resnet50,0.1020116806030273,40.0,pytorch,27287.087890625,2.5808663368225098,2.237438201904297,400.0,1.0,1.0,5.0,39.05866622924805,500.0,250212_resnet_onoffbench2.csv,0.038646001368761,2025-03-20T16:13:20.548Z
0.1108583360910415,9.12621784210205,offload,968.0272216796876,2000.0,40.0,0.1107136160135269,15.538472175598145,0.00013544003013521433,False,1.0,0.1108583360910415,resnet50,0.0994713306427002,40.0,pytorch,27287.087890625,2.2033050060272217,1.971724033355713,400.0,1.0,1.0,10.0,44.34333419799805,500.0,250212_resnet_onoffbench2.csv,0.0158195216208696,2025-03-20T16:13:20.548Z
0.0972649976611137,10.443778038024902,offload,1957.7890625,2000.0,40.0,0.0971903353929519,10.248687744140623,0.00014290491526480764,False,3.0,0.0972649976611137,resnet50,0.0940417423844337,40.0,pytorch,27287.087890625,2.602320432662964,2.2460741996765137,400.0,1.0,1.0,5.0,38.90599822998047,500.0,250212_resnet_onoffbench2.csv,0.0388158746063709,2025-03-20T16:13:20.548Z
0.1453483253717422,6.948552131652832,offload,1962.5758056640625,2000.0,40.0,0.1452014744281768,24.63357925415039,0.0001289157080464065,False,6.0,0.1453483253717422,resnet50,0.1132736206054687,40.0,pytorch,27287.087890625,1.5852192640304563,1.5034054517745972,400.0,1.0,1.0,15.0,58.13933181762695,500.0,250212_resnet_onoffbench2.csv,0.0142407044768333,2025-03-20T16:13:20.548Z
0.1099124997854232,9.670014381408691,offload,1842.57568359375,2000.0,40.0,0.1098187565803527,15.744404792785645,0.00017544925503898412,False,3.0,0.1099124997854232,resnet50,0.1016976833343505,40.0,pytorch,27287.087890625,2.3018345832824707,1.9877907037734983,400.0,1.0,1.0,10.0,43.96500015258789,500.0,250212_resnet_onoffbench2.csv,0.0157075952738523,2025-03-20T16:13:20.548Z
0.1437533348798751,7.266394138336182,offload,965.0182495117188,4000.0,40.0,0.1436554342508316,19.38889503479004,0.0001486875698901713,False,1.0,0.1437533348798751,resnet50,0.104420505464077,40.0,pytorch,27287.087890625,1.803362488746643,1.5195854902267456,400.0,1.0,1.0,5.0,57.5013313293457,500.0,250212_resnet_onoffbench2.csv,0.0348802469670772,2025-03-20T16:13:20.548Z
0.164145827293396,6.092222690582275,offload,963.3123168945312,4000.0,40.0,0.1640708595514297,26.98370933532715,0.00010183513222727925,False,1.0,0.164145827293396,resnet50,0.0551134757697582,40.0,pytorch,27287.087890625,1.469927430152893,1.3305026292800903,400.0,1.0,1.0,10.0,65.65833282470703,500.0,250212_resnet_onoffbench2.csv,0.0162141527980566,2025-03-20T16:13:20.548Z
0.252228319644928,3.9685001373291016,offload,1957.7086181640625,2000.0,40.0,0.2520540952682495,41.72140121459961,0.00023218394198920575,False,6.0,0.252228319644928,resnet50,0.1323931962251663,40.0,pytorch,27287.087890625,0.9509231448173524,0.8660708665847778,400.0,1.0,1.0,5.0,100.8913345336914,500.0,250212_resnet_onoffbench2.csv,0.0409435965120792,2025-03-20T16:13:20.548Z
0.2379508316516876,4.841841220855713,offload,1965.327880859375,2000.0,40.0,0.2378719747066497,40.72044372558594,0.0004940778017044067,False,6.0,0.2379508316516876,resnet50,0.1665337830781936,40.0,pytorch,27287.087890625,1.1179240942001345,0.9177066683769226,400.0,1.0,1.0,10.0,95.18033599853516,500.0,250212_resnet_onoffbench2.csv,0.0254255104809999,2025-03-20T16:13:20.548Z
0.0775899961590766,12.891915321350098,offload,3052.0068359375,4000.0,40.0,0.0774510651826858,0.4344263076782226,0.0126939145848155,False,6.0,0.0775899961590766,resnet50,0.0616999454796314,40.0,pytorch,27287.087890625,3.166043758392334,2.818511247634888,400.0,1.0,1.0,3.0,31.035999298095703,500.0,250212_resnet_onoffbench2.csv,0.0714114680886268,2025-03-20T16:13:20.548Z
0.0912466719746589,10.979325294494627,offload,1948.0362548828125,2000.0,40.0,0.0911740139126777,3.335808277130127,7.033228757791221e-05,False,3.0,0.0912466719746589,resnet50,0.0752848014235496,40.0,pytorch,27287.087890625,2.838440179824829,2.3942863941192627,400.0,1.0,1.0,3.0,36.4986686706543,500.0,250212_resnet_onoffbench2.csv,0.0649672001600265,2025-03-20T16:13:20.548Z
0.2019775062799453,5.454387664794922,offload,1915.534912109375,2000.0,40.0,0.2018573731184005,25.52494239807129,0.0003408862976357341,False,6.0,0.2019775062799453,resnet50,0.1281877309083938,40.0,pytorch,27287.087890625,1.3510226011276243,1.0814403295516968,400.0,1.0,1.0,3.0,80.79100036621094,500.0,250212_resnet_onoffbench2.csv,0.0620197765529155,2025-03-20T16:13:20.548Z
0.1650316566228866,6.061031818389893,offload,968.9571533203124,2000.0,40.0,0.1649709790945053,18.22515106201172,9.582360507920384e-05,False,1.0,0.1650316566228866,resnet50,0.0538851432502269,40.0,pytorch,27287.087890625,1.5704177618026731,1.3232430219650269,400.0,1.0,1.0,3.0,66.01266479492188,500.0,250212_resnet_onoffbench2.csv,0.0675062090158462,2025-03-20T16:13:20.548Z
0.2307091653347015,4.33448600769043,offload,596.9033203125,4000.0,40.0,0.2306456416845321,0.296667069196701,0.0908999368548393,False,1.0,0.2307091653347015,resnet50,0.0841899737715721,40.0,pytorch,27287.087890625,1.1768172979354858,0.9464592337608336,400.0,1.0,1.0,1.0,92.2836685180664,500.0,250212_resnet_onoffbench2.csv,0.2145785391330719,2025-03-20T16:13:20.548Z
0.2302683293819427,4.342759609222412,offload,1798.0257568359375,4000.0,40.0,0.2302044332027435,0.1468648463487625,0.1348060518503189,False,6.0,0.2302683293819427,resnet50,0.0920114517211914,40.0,pytorch,27287.087890625,1.1923543214797974,0.948273241519928,400.0,1.0,1.0,1.0,92.10733032226562,500.0,250212_resnet_onoffbench2.csv,0.2147283256053924,2025-03-20T16:13:20.548Z
0.2310066670179367,4.328921794891357,offload,559.6858520507812,2000.0,40.0,0.230920985341072,0.2676527798175812,0.0982479602098465,False,1.0,0.2310066670179367,resnet50,0.1242715492844581,40.0,pytorch,27287.087890625,1.1712918281555176,0.9453307390213012,400.0,1.0,1.0,1.0,92.40266418457033,500.0,250212_resnet_onoffbench2.csv,0.2184576839208603,2025-03-20T16:13:20.548Z
0.2305816709995269,4.336933612823486,offload,864.7410278320312,2000.0,40.0,0.2304921448230743,0.1665718704462051,0.146917849779129,False,3.0,0.2305816709995269,resnet50,0.1193514689803123,40.0,pytorch,27287.087890625,1.17057466506958,0.9470895528793336,400.0,1.0,1.0,1.0,92.232666015625,500.0,250212_resnet_onoffbench2.csv,0.2182849049568176,2025-03-20T16:13:20.548Z
0.2307633310556411,4.333464622497559,offload,1112.837646484375,4000.0,40.0,0.230690449476242,0.0968067422509193,0.1331364959478378,False,3.0,0.2307633310556411,resnet50,0.1165578365325927,40.0,pytorch,27287.087890625,1.1883364915847778,0.9462754130363464,400.0,1.0,1.0,1.0,92.30533599853516,500.0,250212_resnet_onoffbench2.csv,0.2150909453630447,2025-03-20T16:13:20.548Z
0.2745108306407928,3.692589044570923,offload,1761.8443603515625,2000.0,40.0,0.2743143737316131,10.27454662322998,0.0376710779964923,False,6.0,0.2745108306407928,resnet50,0.1678384095430374,40.0,pytorch,27287.087890625,1.0201387405395508,0.7957901954650879,400.0,1.0,1.0,1.0,109.80433654785156,500.0,250212_resnet_onoffbench2.csv,0.2241925150156021,2025-03-20T16:13:20.548Z
0.0391441658139228,25.769235610961918,offload,876.709716796875,4000.0,100.0,0.0390528962016105,0.1518094837665558,0.0101777082309126,True,3.0,0.0391441658139228,resnet50,4.289987564086914,100.0,pytorch,144509.0,29.30872917175293,29.60272026062012,400.0,1.0,1.0,70.0,15.657666206359863,500.0,250212_resnet_onoffbench2.csv,0.0332966670393943,2025-03-20T16:13:20.548Z
0.0365949980914592,28.173864364624023,offload,790.9112548828125,2000.0,100.0,0.0365001298487186,0.1445120573043823,0.0097333053126931,True,1.0,0.0365949980914592,resnet50,4.385736465454102,100.0,pytorch,144509.0,32.96878433227539,31.67309188842773,400.0,1.0,1.0,70.0,14.637999534606934,500.0,250212_resnet_onoffbench2.csv,0.0292515289038419,2025-03-20T16:13:20.548Z
0.0550324991345405,18.70042991638184,offload,1003.077880859375,4000.0,100.0,0.0549680963158607,0.0482435263693332,0.0202627405524253,True,6.0,0.0550324991345405,resnet50,4.923629283905029,100.0,pytorch,144509.0,19.109272003173828,21.03169059753418,400.0,1.0,1.0,70.0,22.01300048828125,500.0,250212_resnet_onoffbench2.csv,0.0429315119981765,2025-03-20T16:13:20.548Z
0.0748574957251548,13.997702598571776,offload,474.2347106933594,4000.0,100.0,0.0747716799378395,0.0577774047851562,0.0423410981893539,True,1.0,0.0748574957251548,resnet50,4.697978973388672,100.0,pytorch,144509.0,17.00838279724121,15.461360931396484,400.0,1.0,1.0,70.0,29.9429988861084,500.0,250212_resnet_onoffbench2.csv,0.0687666311860084,2025-03-20T16:13:20.548Z
0.0478958338499069,21.534835815429688,offload,1169.4307861328125,2000.0,100.0,0.0478018745779991,0.1594454646110534,0.0163378920406103,True,6.0,0.0478958338499069,resnet50,4.264116287231445,100.0,pytorch,144509.0,25.066051483154297,24.18465805053711,400.0,1.0,1.0,70.0,19.15833282470703,500.0,250212_resnet_onoffbench2.csv,0.0423629879951477,2025-03-20T16:13:20.548Z
0.0549299977719783,18.290122985839844,offload,531.4644165039062,4000.0,100.0,0.054834596812725,0.0387017913162708,0.0233124457299709,True,1.0,0.0549299977719783,resnet50,4.315402507781982,100.0,pytorch,144509.0,21.742189407348636,21.08289337158203,400.0,1.0,1.0,30.0,21.972000122070312,500.0,250212_resnet_onoffbench2.csv,0.0428085997700691,2025-03-20T16:13:20.548Z
0.0683516636490821,14.688785552978516,offload,593.652099609375,4000.0,100.0,0.0680477693676948,0.0808827877044677,0.0362085215747356,True,3.0,0.0683516636490821,resnet50,4.141691207885742,100.0,pytorch,144509.0,17.763185501098633,16.98912239074707,400.0,1.0,1.0,30.0,27.340665817260746,500.0,250212_resnet_onoffbench2.csv,0.0627107173204422,2025-03-20T16:13:20.548Z
0.065388336777687,15.54909896850586,offload,581.5913696289062,2000.0,100.0,0.0652695149183273,0.057185161858797,0.0329808890819549,True,3.0,0.065388336777687,resnet50,4.273746013641357,100.0,pytorch,144509.0,16.88198471069336,17.7122802734375,400.0,1.0,1.0,70.0,26.15533447265625,500.0,250212_resnet_onoffbench2.csv,0.0588237680494785,2025-03-20T16:13:20.548Z
0.0511000007390975,19.610679626464844,offload,1085.94384765625,4000.0,100.0,0.0510115958750247,0.0666202008724212,0.0183505453169345,True,6.0,0.0511000007390975,resnet50,4.222348213195801,100.0,pytorch,144509.0,22.271583557128903,22.662925720214844,400.0,1.0,1.0,30.0,20.440000534057617,500.0,250212_resnet_onoffbench2.csv,0.0437719002366066,2025-03-20T16:13:20.548Z
0.0578966662287712,18.05228042602539,offload,591.5360107421875,2000.0,100.0,0.0577925704419612,0.0584898628294467,0.0271848440170288,True,1.0,0.0578966662287712,resnet50,4.16163969039917,100.0,pytorch,144509.0,20.85252952575684,20.003816604614254,400.0,1.0,1.0,30.0,23.158666610717773,500.0,250212_resnet_onoffbench2.csv,0.050937682390213,2025-03-20T16:13:20.548Z
0.0495483316481113,20.221885681152344,offload,818.1223754882812,2000.0,100.0,0.0494346320629119,0.0537954308092594,0.017441164702177,True,3.0,0.0495483316481113,resnet50,4.326135635375977,100.0,pytorch,144509.0,21.758865356445312,23.385873794555664,400.0,1.0,1.0,30.0,19.81933212280273,500.0,250212_resnet_onoffbench2.csv,0.0382390171289444,2025-03-20T16:13:20.548Z
0.0568324998021125,17.754526138305664,offload,977.3011474609376,2000.0,100.0,0.0567195303738117,0.1288948059082031,0.0235749874264001,True,6.0,0.0568324998021125,resnet50,4.115799427032471,100.0,pytorch,144509.0,21.563159942626957,20.38225555419922,400.0,1.0,1.0,30.0,22.732999801635746,500.0,250212_resnet_onoffbench2.csv,0.0493752844631671,2025-03-20T16:13:20.548Z
0.0928749963641166,10.784598350524902,offload,770.2009887695312,4000.0,100.0,0.0928037017583847,0.0538218393921852,0.0509467907249927,True,6.0,0.0928749963641166,resnet50,4.441028594970703,100.0,pytorch,144509.0,13.461182594299316,12.457176208496094,400.0,1.0,1.0,15.0,37.14999771118164,500.0,250212_resnet_onoffbench2.csv,0.0800454765558242,2025-03-20T16:13:20.548Z
0.1145416647195816,8.772663116455078,offload,355.47613525390625,4000.0,100.0,0.1144517660140991,0.0430528074502944,0.0764324441552162,True,1.0,0.1145416647195816,resnet50,4.276670932769775,100.0,pytorch,144509.0,11.053933143615724,10.100953102111816,400.0,1.0,1.0,15.0,45.81666564941406,500.0,250212_resnet_onoffbench2.csv,0.1080160588026046,2025-03-20T16:13:20.548Z
0.1049916669726371,9.583324432373049,offload,494.965576171875,4000.0,100.0,0.1048809885978698,0.050174057483673,0.0661612451076507,True,3.0,0.1049916669726371,resnet50,4.111999988555908,100.0,pytorch,144509.0,12.30358600616455,11.022703170776367,400.0,1.0,1.0,15.0,41.99666595458984,500.0,250212_resnet_onoffbench2.csv,0.0977822244167327,2025-03-20T16:13:20.548Z
0.1180141642689704,8.483704566955566,offload,352.67340087890625,2000.0,100.0,0.1179122850298881,0.0433928743004798,0.0800566896796226,True,1.0,0.1180141642689704,resnet50,4.078920364379883,100.0,pytorch,144509.0,10.334978103637695,9.804508209228516,400.0,1.0,1.0,15.0,47.205665588378906,500.0,250212_resnet_onoffbench2.csv,0.1108287498354911,2025-03-20T16:13:20.548Z
0.1071333363652229,9.33991813659668,offload,682.9127807617188,2000.0,100.0,0.1070359125733375,0.0555017068982124,0.0649376437067985,True,6.0,0.1071333363652229,resnet50,4.264681339263916,100.0,pytorch,144509.0,11.91506576538086,10.800786018371582,400.0,1.0,1.0,15.0,42.85333251953125,500.0,250212_resnet_onoffbench2.csv,0.1000937670469284,2025-03-20T16:13:20.548Z
0.1229283362627029,8.144803047180176,offload,385.0228271484375,2000.0,100.0,0.1228082850575447,0.0299047138541936,0.082688495516777,True,3.0,0.1229283362627029,resnet50,4.373167991638184,100.0,pytorch,144509.0,9.689373970031738,9.4136323928833,400.0,1.0,1.0,15.0,49.17133331298828,500.0,250212_resnet_onoffbench2.csv,0.1165788322687149,2025-03-20T16:13:20.548Z
0.1312616616487503,7.618660926818848,offload,379.7969665527344,4000.0,100.0,0.1311731934547424,0.032986681908369,0.0852356404066085,True,1.0,0.1312616616487503,resnet50,4.350739479064941,100.0,pytorch,144509.0,9.888113975524902,8.813325881958008,400.0,1.0,1.0,10.0,52.50466537475586,500.0,250212_resnet_onoffbench2.csv,0.1171701848506927,2025-03-20T16:13:20.548Z
0.1526258289813995,6.553311347961426,offload,361.997314453125,4000.0,100.0,0.1525184512138366,0.0282034501433372,0.1089368686079979,True,3.0,0.1526258289813995,resnet50,4.159340858459473,100.0,pytorch,144509.0,8.16949462890625,7.579882621765137,400.0,1.0,1.0,10.0,61.050331115722656,500.0,250212_resnet_onoffbench2.csv,0.1493711173534393,2025-03-20T16:13:20.548Z
0.1507783383131027,6.634762763977051,offload,516.8299560546875,4000.0,100.0,0.150685653090477,0.0392830446362495,0.1063824743032455,True,6.0,0.1507783383131027,resnet50,4.521439552307129,100.0,pytorch,144509.0,8.531373977661133,7.672077178955078,400.0,1.0,1.0,10.0,60.31133270263672,500.0,250212_resnet_onoffbench2.csv,0.1448812633752823,2025-03-20T16:13:20.548Z
0.1503874957561493,6.667023181915283,offload,492.6257019042969,2000.0,100.0,0.1502723693847656,0.0497266389429569,0.1057049483060836,True,6.0,0.1503874957561493,resnet50,4.335125923156738,100.0,pytorch,144509.0,8.255171775817871,7.693177223205566,400.0,1.0,1.0,10.0,60.15499877929688,500.0,250212_resnet_onoffbench2.csv,0.1434052139520645,2025-03-20T16:13:20.548Z
0.1415600031614303,7.070746421813965,offload,314.7059020996094,2000.0,100.0,0.1414783895015716,0.0380161292850971,0.1002076864242553,True,1.0,0.1415600031614303,resnet50,4.447216987609863,100.0,pytorch,144509.0,9.101951599121094,8.171367645263672,400.0,1.0,1.0,10.0,56.624000549316406,500.0,250212_resnet_onoffbench2.csv,0.1354109048843383,2025-03-20T16:13:20.548Z
0.1381541639566421,7.288789749145508,offload,442.2096862792969,2000.0,100.0,0.1380838751792907,0.0514644533395767,0.0835688635706901,True,3.0,0.1381541639566421,resnet50,4.379242897033691,100.0,pytorch,144509.0,9.493258476257324,8.372244834899902,400.0,1.0,1.0,10.0,55.26166534423828,500.0,250212_resnet_onoffbench2.csv,0.1160336509346962,2025-03-20T16:13:20.548Z
0.2682066559791565,3.728935480117798,offload,231.2364959716797,4000.0,100.0,0.2681326568126678,0.0224975198507308,0.2181661576032638,True,3.0,0.2682066559791565,resnet50,4.126750469207764,100.0,pytorch,144509.0,4.9804368019104,4.311567306518555,400.0,1.0,1.0,5.0,107.2826690673828,500.0,250212_resnet_onoffbench2.csv,0.2614665627479553,2025-03-20T16:13:20.548Z
0.2586075067520141,3.866865396499634,offload,358.7266540527344,4000.0,100.0,0.2585334777832031,0.0228822715580463,0.2035729587078094,True,6.0,0.2586075067520141,resnet50,4.25527286529541,100.0,pytorch,144509.0,5.168521404266357,4.471652984619141,400.0,1.0,1.0,5.0,103.44300079345705,500.0,250212_resnet_onoffbench2.csv,0.2438593804836273,2025-03-20T16:13:20.548Z
0.2775308489799499,3.605059862136841,offload,185.5860595703125,4000.0,100.0,0.2774201035499573,0.0215875804424285,0.2288764715194702,True,1.0,0.2775308489799499,resnet50,4.3450117111206055,100.0,pytorch,144509.0,4.835880756378174,4.167225360870361,400.0,1.0,1.0,5.0,111.01233673095705,500.0,250212_resnet_onoffbench2.csv,0.2723806798458099,2025-03-20T16:13:20.548Z
0.2749175131320953,3.638006687164306,offload,192.0487518310547,2000.0,100.0,0.2748337388038635,0.0233946461230516,0.2248569428920745,True,1.0,0.2749175131320953,resnet50,4.2141594886779785,100.0,pytorch,144509.0,4.852916240692139,4.206441402435303,400.0,1.0,1.0,5.0,109.96700286865234,500.0,250212_resnet_onoffbench2.csv,0.2678381502628326,2025-03-20T16:13:20.548Z
0.267246663570404,3.7423813343048096,offload,333.0365905761719,2000.0,100.0,0.2671648561954498,0.0509533360600471,0.2093091160058975,True,6.0,0.267246663570404,resnet50,4.188966274261475,100.0,pytorch,144509.0,4.991389751434326,4.327186107635498,400.0,1.0,1.0,5.0,106.89866638183594,500.0,250212_resnet_onoffbench2.csv,0.2606277167797088,2025-03-20T16:13:20.548Z
0.277361661195755,3.606032133102417,offload,222.2421112060547,2000.0,100.0,0.2772486209869385,0.0360628403723239,0.2242244035005569,True,3.0,0.277361661195755,resnet50,4.390495777130127,100.0,pytorch,144509.0,4.874744415283203,4.169802665710449,400.0,1.0,1.0,5.0,110.94466400146484,500.0,250212_resnet_onoffbench2.csv,0.2722285389900207,2025-03-20T16:13:20.548Z
0.4309066534042358,2.320697784423828,offload,132.87850952148438,4000.0,100.0,0.4308186769485473,0.0269606597721576,0.3733234703540802,True,1.0,0.4309066534042358,resnet50,4.3260674476623535,100.0,pytorch,144509.0,3.1794679164886475,2.6834304332733154,400.0,1.0,1.0,3.0,172.3626708984375,500.0,250212_resnet_onoffbench2.csv,0.4148553609848022,2025-03-20T16:13:20.548Z
0.4506041705608368,2.219282627105713,offload,146.68215942382812,4000.0,100.0,0.4505242705345154,0.0326602011919021,0.3937070667743683,True,3.0,0.4506041705608368,resnet50,4.166864395141602,100.0,pytorch,144509.0,3.1283228397369385,2.5660593509674072,400.0,1.0,1.0,3.0,180.24166870117188,500.0,250212_resnet_onoffbench2.csv,0.4441192150115967,2025-03-20T16:13:20.548Z
0.4332541525363922,2.3081259727478027,offload,161.0224151611328,2000.0,100.0,0.4331519603729248,0.0288150012493133,0.372272253036499,True,3.0,0.4332541525363922,resnet50,4.436329364776611,100.0,pytorch,144509.0,3.1926486492156982,2.668975591659546,400.0,1.0,1.0,3.0,173.30166625976562,500.0,250212_resnet_onoffbench2.csv,0.4168859422206878,2025-03-20T16:13:20.548Z
0.4417550265789032,2.2637619972229004,offload,126.40603637695312,2000.0,100.0,0.4416841864585876,0.0314792357385158,0.3820504546165466,True,1.0,0.4417550265789032,resnet50,4.165567874908447,100.0,pytorch,144509.0,3.1803407669067383,2.617417812347412,400.0,1.0,1.0,3.0,176.70201110839844,500.0,250212_resnet_onoffbench2.csv,0.4348662197589874,2025-03-20T16:13:20.548Z
0.4540868699550628,2.2022361755371094,offload,209.74905395507807,4000.0,100.0,0.4539908766746521,0.0429324805736541,0.386600136756897,True,6.0,0.4540868699550628,resnet50,4.42798376083374,100.0,pytorch,144509.0,3.084489107131958,2.5464653968811035,400.0,1.0,1.0,3.0,181.6347503662109,500.0,250212_resnet_onoffbench2.csv,0.4473437666893005,2025-03-20T16:13:20.548Z
0.4464543759822845,2.239917516708374,offload,225.57028198242188,2000.0,100.0,0.4463633596897125,0.029674332588911,0.380097359418869,True,6.0,0.4464543759822845,resnet50,4.177445888519287,100.0,pytorch,144509.0,3.182535409927368,2.589979648590088,400.0,1.0,1.0,3.0,178.58175659179688,500.0,250212_resnet_onoffbench2.csv,0.4400264620780945,2025-03-20T16:13:20.548Z
1.3071266412734983,0.7650563716888428,offload,87.1618423461914,4000.0,100.0,1.307058572769165,0.0104294419288635,1.239612698554993,True,6.0,1.3071266412734983,resnet50,4.514070987701416,100.0,pytorch,144509.0,1.1287997961044312,0.8844836950302124,400.0,1.0,1.0,1.0,522.8506469726562,500.0,250212_resnet_onoffbench2.csv,1.2900404930114746,2025-03-20T16:13:20.548Z
1.3489809036254885,0.7413038015365601,offload,52.129486083984375,4000.0,100.0,1.3489106893539429,0.0094427624717354,1.2888833284378052,True,3.0,1.3489809036254885,resnet50,4.283810138702393,100.0,pytorch,144509.0,1.102378249168396,0.8570411801338196,400.0,1.0,1.0,1.0,539.5923461914062,500.0,250212_resnet_onoffbench2.csv,1.3423030376434326,2025-03-20T16:13:20.548Z
1.3695366382598877,0.7301768064498901,offload,45.35296630859375,2000.0,100.0,1.3694592714309692,0.0097078615799546,1.3093910217285156,True,1.0,1.3695366382598877,resnet50,4.289510726928711,100.0,pytorch,144509.0,1.0902198553085327,0.8441814184188843,400.0,1.0,1.0,1.0,547.814697265625,500.0,250212_resnet_onoffbench2.csv,1.3631727695465088,2025-03-20T16:13:20.548Z
1.3828216791152954,0.7231667041778564,offload,44.920352935791016,4000.0,100.0,1.382730484008789,0.0101501103490591,1.3225017786026,True,1.0,1.3828216791152954,resnet50,4.450489044189453,100.0,pytorch,144509.0,1.087003231048584,0.8360790610313416,400.0,1.0,1.0,1.0,553.128662109375,500.0,250212_resnet_onoffbench2.csv,1.377538800239563,2025-03-20T16:13:20.548Z
0.022714165970683,44.29330825805664,offload,1247.5186767578125,4000.0,70.0,0.0226201564073562,0.7922793626785278,0.0016799856675788,True,3.0,0.022714165970683,resnet50,4.06350040435791,100.0,pytorch,44053.38671875,16.55242347717285,15.580223083496094,400.0,1.0,1.0,70.0,9.08566665649414,500.0,250212_resnet_onoffbench2.csv,0.0138460621237754,2025-03-20T16:13:20.548Z
0.0243783332407474,41.149044036865234,offload,523.0084838867188,4000.0,70.0,0.0242803841829299,0.6741913557052612,0.0028345147147774,True,1.0,0.0243783332407474,resnet50,4.477358818054199,100.0,pytorch,44053.38671875,12.75331211090088,14.514888763427734,400.0,1.0,1.0,70.0,9.751333236694336,500.0,250212_resnet_onoffbench2.csv,0.0096818031743168,2025-03-20T16:13:20.548Z
1.3485450744628906,0.7415472269058228,offload,79.28252410888672,2000.0,100.0,1.3484625816345217,0.0107110822573304,1.283969521522522,True,6.0,1.3485450744628906,resnet50,4.147053241729736,100.0,pytorch,144509.0,1.1010925769805908,0.8573259711265564,400.0,1.0,1.0,1.0,539.4180297851562,500.0,250212_resnet_onoffbench2.csv,1.3417351245880127,2025-03-20T16:13:20.548Z
1.385930061340332,0.7215443253517151,offload,53.2525520324707,2000.0,100.0,1.385850191116333,0.0083804745227098,1.3245582580566406,True,3.0,1.385930061340332,resnet50,4.365378856658936,100.0,pytorch,144509.0,1.084697961807251,0.834196925163269,400.0,1.0,1.0,1.0,554.3720092773438,500.0,250212_resnet_onoffbench2.csv,1.3794108629226685,2025-03-20T16:13:20.548Z
0.02230666577816,44.853816986083984,offload,875.6712646484375,2000.0,70.0,0.0221539083868265,1.3071953058242798,0.00021735031623393297,True,1.0,0.02230666577816,resnet50,4.184027671813965,100.0,pytorch,44053.38671875,16.633468627929688,15.908123016357422,400.0,1.0,1.0,70.0,8.922666549682617,500.0,250212_resnet_onoffbench2.csv,0.0083438903093338,2025-03-20T16:13:20.548Z
0.0229408331215381,43.65608978271485,offload,1490.7342529296875,4000.0,70.0,0.022819597274065,1.1407960653305054,0.0004358567821327597,True,6.0,0.0229408331215381,resnet50,4.232701778411865,100.0,pytorch,44053.38671875,14.445222854614258,15.444053649902344,400.0,1.0,1.0,70.0,9.1763334274292,500.0,250212_resnet_onoffbench2.csv,0.0112036811187863,2025-03-20T16:13:20.548Z
0.0266208332031965,37.68945693969727,offload,1171.1494140625,2000.0,70.0,0.0262907184660434,0.7014300227165222,0.0027977705467492,True,3.0,0.0266208332031965,resnet50,4.608226776123047,100.0,pytorch,44053.38671875,13.84020709991455,13.404999732971191,400.0,1.0,1.0,70.0,10.648333549499512,500.0,250212_resnet_onoffbench2.csv,0.0103660905733704,2025-03-20T16:13:20.548Z
0.0292816665023565,34.253116607666016,offload,1821.8709716796875,2000.0,70.0,0.0291441157460212,1.7693147659301758,0.00011438707588240504,True,6.0,0.0292816665023565,resnet50,4.080055236816406,100.0,pytorch,44053.38671875,12.82273769378662,12.092564582824709,400.0,1.0,1.0,70.0,11.712666511535645,500.0,250212_resnet_onoffbench2.csv,0.0120498063042759,2025-03-20T16:13:20.548Z
0.0214825011789798,46.62077331542969,offload,1309.2362060546875,4000.0,70.0,0.0213379003107547,0.9205572009086608,0.000554066093172878,True,3.0,0.0214825011789798,resnet50,3.83686900138855,100.0,pytorch,44053.38671875,17.561277389526367,16.516483306884766,400.0,1.0,1.0,30.0,8.593000411987305,500.0,250212_resnet_onoffbench2.csv,0.0104066636413335,2025-03-20T16:13:20.548Z
0.0265999995172023,37.642799377441406,offload,1715.9437255859375,4000.0,70.0,0.0262714885175228,0.8072806596755981,0.0021749802399426,True,6.0,0.0265999995172023,resnet50,4.3419952392578125,100.0,pytorch,44053.38671875,13.823509216308594,13.414812088012695,400.0,1.0,1.0,30.0,10.640000343322754,500.0,250212_resnet_onoffbench2.csv,0.0101855304092168,2025-03-20T16:13:20.548Z
0.0244475007057189,41.035152435302734,offload,813.4967041015625,4000.0,70.0,0.0241404473781585,0.5767768621444702,0.0024577646981924,True,1.0,0.0244475007057189,resnet50,4.1727375984191895,100.0,pytorch,44053.38671875,15.06783676147461,14.599028587341309,400.0,1.0,1.0,30.0,9.779000282287598,500.0,250212_resnet_onoffbench2.csv,0.0158168133348226,2025-03-20T16:13:20.548Z
0.0225499998778104,44.54124069213867,offload,825.380859375,2000.0,70.0,0.0224616229534149,0.8204724192619324,0.00168402120471,True,1.0,0.0225499998778104,resnet50,3.886010646820069,100.0,pytorch,44053.38671875,16.354665756225586,15.69018840789795,400.0,1.0,1.0,30.0,9.020000457763672,500.0,250212_resnet_onoffbench2.csv,0.0119580337777733,2025-03-20T16:13:20.548Z
0.0225374996662139,44.40755844116211,offload,1116.522216796875,2000.0,70.0,0.0224073491990566,0.6310976147651672,0.0011075546499341,True,3.0,0.0225374996662139,resnet50,3.990290403366089,100.0,pytorch,44053.38671875,15.126084327697754,15.728191375732422,400.0,1.0,1.0,30.0,9.015000343322754,500.0,250212_resnet_onoffbench2.csv,0.0134230880066752,2025-03-20T16:13:20.548Z
0.0302466657012701,33.151695251464844,offload,1723.204833984375,2000.0,70.0,0.0301463305950164,2.187609910964966,0.00011499663378344847,True,6.0,0.0302466657012701,resnet50,3.984980821609497,100.0,pytorch,44053.38671875,12.47907543182373,11.690546989440918,400.0,1.0,1.0,30.0,12.098666191101074,500.0,250212_resnet_onoffbench2.csv,0.0126314749941229,2025-03-20T16:13:20.548Z
0.0382191650569438,28.49381828308105,offload,681.4196166992188,4000.0,70.0,0.0381094440817832,0.1705962270498275,0.0057415892370045,True,1.0,0.0382191650569438,resnet50,4.288181304931641,100.0,pytorch,44053.38671875,10.421833038330078,9.247762680053713,400.0,1.0,1.0,15.0,15.28766632080078,500.0,250212_resnet_onoffbench2.csv,0.0184152591973543,2025-03-20T16:13:20.548Z
0.0325983352959156,31.55852508544922,offload,945.2886352539062,4000.0,70.0,0.0324852727353572,0.2181394398212433,0.008337115868926,True,3.0,0.0325983352959156,resnet50,4.304372787475586,100.0,pytorch,44053.38671875,12.401578903198242,10.848827362060549,400.0,1.0,1.0,15.0,13.03933334350586,500.0,250212_resnet_onoffbench2.csv,0.0261364448815584,2025-03-20T16:13:20.548Z
0.0330733321607112,31.024158477783203,offload,1390.6214599609375,4000.0,70.0,0.0329574830830097,0.8441352844238281,0.0054774135351181,True,6.0,0.0330733321607112,resnet50,4.191107273101807,100.0,pytorch,44053.38671875,10.631505012512209,10.69338607788086,400.0,1.0,1.0,15.0,13.229333877563477,500.0,250212_resnet_onoffbench2.csv,0.0260624531656503,2025-03-20T16:13:20.548Z
0.0321150012314319,31.508676528930664,offload,1341.03466796875,2000.0,70.0,0.0320229120552539,1.563927173614502,0.0023793547879904,True,6.0,0.0321150012314319,resnet50,4.112884998321533,100.0,pytorch,44053.38671875,10.604187965393066,11.00546646118164,400.0,1.0,1.0,15.0,12.845999717712402,500.0,250212_resnet_onoffbench2.csv,0.0232944320887327,2025-03-20T16:13:20.548Z
0.0265433341264724,37.69466781616211,offload,695.691650390625,2000.0,70.0,0.0264247916638851,0.4547004401683807,0.0026998992543667,True,1.0,0.0265433341264724,resnet50,3.9636151790618896,100.0,pytorch,44053.38671875,13.15256690979004,13.336986541748049,400.0,1.0,1.0,15.0,10.61733341217041,500.0,250212_resnet_onoffbench2.csv,0.0201012603938579,2025-03-20T16:13:20.548Z
0.030456667765975,32.83486557006836,offload,808.9404296875,2000.0,70.0,0.0303238574415445,0.3869902491569519,0.0044454662129282,True,3.0,0.030456667765975,resnet50,4.362281799316406,100.0,pytorch,44053.38671875,10.620707511901855,11.622106552124023,400.0,1.0,1.0,15.0,12.182666778564451,500.0,250212_resnet_onoffbench2.csv,0.0185307823121547,2025-03-20T16:13:20.548Z
0.0408691652119159,24.48040580749512,offload,1154.95458984375,4000.0,70.0,0.0407382361590862,0.1399857550859451,0.0113604674115777,True,6.0,0.0408691652119159,resnet50,4.078130722045898,100.0,pytorch,44053.38671875,8.951531410217285,8.65101432800293,400.0,1.0,1.0,10.0,16.347665786743164,500.0,250212_resnet_onoffbench2.csv,0.0289677996188402,2025-03-20T16:13:20.548Z
0.0399199984967708,25.0554141998291,offload,573.3079833984375,4000.0,70.0,0.039822332561016,0.1620003581047058,0.0147839849814772,True,1.0,0.0399199984967708,resnet50,4.160032272338867,100.0,pytorch,44053.38671875,8.881454467773438,8.84998607635498,400.0,1.0,1.0,10.0,15.968000411987305,500.0,250212_resnet_onoffbench2.csv,0.034309446811676,2025-03-20T16:13:20.548Z
0.0400341637432575,24.99657821655273,offload,840.4190063476562,4000.0,70.0,0.0399514324963092,0.121919609606266,0.0136994440108537,True,3.0,0.0400341637432575,resnet50,3.862954616546631,100.0,pytorch,44053.38671875,9.377224922180176,8.821388244628906,400.0,1.0,1.0,10.0,16.0136661529541,500.0,250212_resnet_onoffbench2.csv,0.033852394670248,2025-03-20T16:13:20.548Z
0.0424483306705951,23.62080383300781,offload,591.6427612304688,2000.0,70.0,0.0423287078738212,0.1621090918779373,0.0166566781699657,True,1.0,0.0424483306705951,resnet50,4.034219741821289,100.0,pytorch,44053.38671875,8.38930892944336,8.325959205627441,400.0,1.0,1.0,10.0,16.979331970214844,500.0,250212_resnet_onoffbench2.csv,0.0366551466286182,2025-03-20T16:13:20.548Z
0.0579474978148937,20.365219116210938,offload,1191.71240234375,2000.0,70.0,0.0578387156128883,1.1906020641326904,0.0103665236383676,True,6.0,0.0579474978148937,resnet50,4.050345420837402,100.0,pytorch,44053.38671875,7.891550064086914,6.093273162841797,400.0,1.0,1.0,10.0,23.178998947143555,500.0,250212_resnet_onoffbench2.csv,0.0370709747076034,2025-03-20T16:13:20.548Z
0.0877416655421257,11.461515426635742,offload,521.5208129882812,4000.0,70.0,0.0876301750540733,1.2457902431488037,0.0410984903573989,True,3.0,0.0877416655421257,resnet50,4.029079437255859,100.0,pytorch,44053.38671875,4.330320358276367,4.021755218505859,400.0,1.0,1.0,5.0,35.0966682434082,500.0,250212_resnet_onoffbench2.csv,0.0812746211886406,2025-03-20T16:13:20.548Z
0.0834449976682663,12.11070156097412,offload,425.2080993652344,4000.0,70.0,0.083354078233242,1.274757742881775,0.0362847447395324,True,1.0,0.0834449976682663,resnet50,4.154904842376709,100.0,pytorch,44053.38671875,4.716675758361816,4.228072643280029,400.0,1.0,1.0,5.0,33.37799835205078,500.0,250212_resnet_onoffbench2.csv,0.064457781612873,2025-03-20T16:13:20.548Z
0.0599058307707309,19.303712844848636,offload,686.1240234375,2000.0,70.0,0.0598034337162971,1.0497957468032837,0.0180800203233957,True,3.0,0.0599058307707309,resnet50,4.099503517150879,100.0,pytorch,44053.38671875,7.485503196716309,5.893091201782227,400.0,1.0,1.0,10.0,23.962331771850582,500.0,250212_resnet_onoffbench2.csv,0.0434641204774379,2025-03-20T16:13:20.548Z
0.082585833966732,12.119417190551758,offload,718.8314208984375,4000.0,70.0,0.0824793502688407,0.1352701038122177,0.0478300265967845,True,6.0,0.082585833966732,resnet50,4.2614827156066895,100.0,pytorch,44053.38671875,4.765289783477783,4.272912979125977,400.0,1.0,1.0,5.0,33.034332275390625,500.0,250212_resnet_onoffbench2.csv,0.0769103541970253,2025-03-20T16:13:20.548Z
0.0837708339095115,11.963433265686035,offload,382.1427307128906,2000.0,70.0,0.0836599618196487,0.1074744164943695,0.051067978143692,True,1.0,0.0837708339095115,resnet50,3.9041266441345215,100.0,pytorch,44053.38671875,4.636344909667969,4.212613582611084,400.0,1.0,1.0,5.0,33.50833511352539,500.0,250212_resnet_onoffbench2.csv,0.0780894681811332,2025-03-20T16:13:20.548Z
0.0779191702604293,12.83495044708252,offload,541.890625,2000.0,70.0,0.0778237208724021,0.0712241828441619,0.0439956039190292,True,3.0,0.0779191702604293,resnet50,4.302373886108398,100.0,pytorch,44053.38671875,4.97292947769165,4.528530597686768,400.0,1.0,1.0,5.0,31.167667388916016,500.0,250212_resnet_onoffbench2.csv,0.0655541941523552,2025-03-20T16:13:20.548Z
0.0871333330869674,11.600513458251951,offload,708.10888671875,2000.0,70.0,0.0869888514280319,0.1834452897310257,0.0498060211539268,True,6.0,0.0871333330869674,resnet50,3.991020441055298,100.0,pytorch,44053.38671875,4.457617282867432,4.05140495300293,400.0,1.0,1.0,5.0,34.85333251953125,500.0,250212_resnet_onoffbench2.csv,0.0819106549024581,2025-03-20T16:13:20.548Z
0.1347008347511291,7.424046039581299,offload,281.0431823730469,2000.0,70.0,0.1346072554588318,0.0644236579537391,0.0955396294593811,True,1.0,0.1347008347511291,resnet50,4.009432315826416,100.0,pytorch,44053.38671875,3.223329544067383,2.61818790435791,400.0,1.0,1.0,3.0,53.880332946777344,500.0,250212_resnet_onoffbench2.csv,0.128651276230812,2025-03-20T16:13:20.548Z
0.1374591737985611,7.278828620910644,offload,278.08746337890625,4000.0,70.0,0.1373476982116699,0.0615750513970851,0.0976448431611061,True,1.0,0.1374591737985611,resnet50,4.202719211578369,100.0,pytorch,44053.38671875,3.1597769260406494,2.565948247909546,400.0,1.0,1.0,3.0,54.98366928100586,500.0,250212_resnet_onoffbench2.csv,0.1311980634927749,2025-03-20T16:13:20.548Z
0.1315633356571197,7.601899147033691,offload,364.3052978515625,4000.0,70.0,0.1314396113157272,0.0859439671039581,0.0927449688315391,True,3.0,0.1315633356571197,resnet50,4.034312725067139,100.0,pytorch,44053.38671875,3.1937973499298096,2.6812853813171387,400.0,1.0,1.0,3.0,52.62533187866211,500.0,250212_resnet_onoffbench2.csv,0.1257768720388412,2025-03-20T16:13:20.548Z
0.1288966685533523,7.758266925811768,offload,569.91455078125,4000.0,70.0,0.1287878602743148,0.07553481310606,0.0869421958923339,True,6.0,0.1288966685533523,resnet50,4.243104934692383,100.0,pytorch,44053.38671875,3.2029757499694824,2.7364931106567383,400.0,1.0,1.0,3.0,51.55866622924805,500.0,250212_resnet_onoffbench2.csv,0.1166800782084465,2025-03-20T16:13:20.548Z
0.1317108273506164,7.592405796051025,offload,555.197021484375,2000.0,70.0,0.1314846724271774,0.0906476229429245,0.087459921836853,True,6.0,0.1317108273506164,resnet50,4.1198506355285645,100.0,pytorch,44053.38671875,2.9803853034973145,2.680366516113281,400.0,1.0,1.0,3.0,52.68433380126953,500.0,250212_resnet_onoffbench2.csv,0.1262218803167343,2025-03-20T16:13:20.548Z
0.1344033330678939,7.440615653991699,offload,345.5890197753906,2000.0,70.0,0.1342880874872207,0.0782432779669761,0.0952076986432075,True,3.0,0.1344033330678939,resnet50,4.190584659576416,100.0,pytorch,44053.38671875,3.0184006690979004,2.624410629272461,400.0,1.0,1.0,3.0,53.76133346557617,500.0,250212_resnet_onoffbench2.csv,0.1289181113243103,2025-03-20T16:13:20.548Z
0.3892875015735626,2.568817615509033,offload,127.6572723388672,4000.0,70.0,0.3892059624195099,0.0432346910238266,0.3396242558956146,True,1.0,0.3892875015735626,resnet50,4.350760459899902,100.0,pytorch,44053.38671875,1.1558692455291748,0.9055027961730956,400.0,1.0,1.0,1.0,155.71499633789062,500.0,250212_resnet_onoffbench2.csv,0.3763825297355652,2025-03-20T16:13:20.548Z
0.4062800109386444,2.461561441421509,offload,144.51612854003906,4000.0,70.0,0.4061977863311767,0.0339429751038551,0.3577778339385986,True,3.0,0.4062800109386444,resnet50,3.956024646759033,100.0,pytorch,44053.38671875,1.0884861946105957,0.8676243424415588,400.0,1.0,1.0,1.0,162.5120086669922,500.0,250212_resnet_onoffbench2.csv,0.4003118872642517,2025-03-20T16:13:20.548Z
0.3893233239650726,2.5686678886413574,offload,152.84327697753906,2000.0,70.0,0.3892195224761963,0.0312859416007995,0.3398873507976532,True,3.0,0.3893233239650726,resnet50,4.487263202667236,100.0,pytorch,44053.38671875,1.155059814453125,0.9054712653160096,400.0,1.0,1.0,1.0,155.7293243408203,500.0,250212_resnet_onoffbench2.csv,0.3762442171573639,2025-03-20T16:13:20.548Z
0.4012424945831299,2.4923110008239746,offload,120.37533569335938,2000.0,70.0,0.4011380970478058,0.0478664971888065,0.3541196584701538,True,1.0,0.4012424945831299,resnet50,3.932178497314453,100.0,pytorch,44053.38671875,1.1238818168640137,0.8785679936408997,400.0,1.0,1.0,1.0,160.4969940185547,500.0,250212_resnet_onoffbench2.csv,0.3956328630447387,2025-03-20T16:13:20.548Z
0.4089816808700561,2.4451003074646,offload,218.9535369873047,2000.0,70.0,0.4088801443576813,0.0531877502799034,0.3556150794029236,True,6.0,0.4089816808700561,resnet50,4.012143611907959,100.0,pytorch,44053.38671875,1.1088128089904783,0.8619325160980225,400.0,1.0,1.0,1.0,163.59266662597656,500.0,250212_resnet_onoffbench2.csv,0.4033133089542389,2025-03-20T16:13:20.548Z
0.4106266796588897,2.435462713241577,offload,232.0449066162109,4000.0,70.0,0.4104765653610229,0.0406759046018123,0.359057754278183,True,6.0,0.4106266796588897,resnet50,4.286007404327393,100.0,pytorch,44053.38671875,1.1113611459732056,0.8585802912712097,400.0,1.0,1.0,1.0,164.25067138671875,500.0,250212_resnet_onoffbench2.csv,0.40524822473526,2025-03-20T16:13:20.548Z
0.0218633320182561,45.95981216430664,offload,662.4884643554688,2000.0,40.0,0.0217528417706489,1.1763230562210083,0.0014653654070571,True,1.0,0.0218633320182561,resnet50,4.015852451324463,100.0,pytorch,27287.087890625,7.73397159576416,10.035319328308104,400.0,1.0,1.0,70.0,8.745332717895508,500.0,250212_resnet_onoffbench2.csv,0.0077896658331155,2025-03-20T16:13:20.548Z
0.0207558330148458,48.2956428527832,offload,962.123291015625,4000.0,40.0,0.0206450298428535,1.2079715728759766,0.000300857238471508,True,1.0,0.0207558330148458,resnet50,4.254411220550537,100.0,pytorch,27287.087890625,11.188520431518556,10.573814392089844,400.0,1.0,1.0,70.0,8.302332878112793,500.0,250212_resnet_onoffbench2.csv,0.0081416433677077,2025-03-20T16:13:20.548Z
0.0281191673129796,35.8209228515625,offload,1632.213623046875,4000.0,40.0,0.0278290044516325,1.1244112253189087,0.0033532618544995,True,6.0,0.0281191673129796,resnet50,4.390097618103027,100.0,pytorch,27287.087890625,8.201272964477539,7.844215393066406,400.0,1.0,1.0,70.0,11.247666358947754,500.0,250212_resnet_onoffbench2.csv,0.0073761958628892,2025-03-20T16:13:20.548Z
0.0294383335858583,39.25788116455078,offload,1083.1981201171875,4000.0,40.0,0.0292789954692125,2.629396438598633,0.0001923688250826672,True,3.0,0.0294383335858583,resnet50,4.070406436920166,100.0,pytorch,27287.087890625,9.03709316253662,7.45574426651001,400.0,1.0,1.0,70.0,11.775333404541016,500.0,250212_resnet_onoffbench2.csv,0.0059381639584898,2025-03-20T16:13:20.548Z
0.0212258324027061,47.22925567626953,offload,1170.5343017578125,4000.0,40.0,0.0210967753082513,1.4016995429992676,0.0005921560805290937,True,3.0,0.0212258324027061,resnet50,3.9676148891448975,100.0,pytorch,27287.087890625,10.907599449157717,10.347396850585938,400.0,1.0,1.0,30.0,8.490333557128906,500.0,250212_resnet_onoffbench2.csv,0.0060753170400857,2025-03-20T16:13:20.548Z
0.0257841665297746,38.85717391967773,offload,690.3365478515625,4000.0,40.0,0.0256493128836154,1.0561552047729492,0.0028676292859017,True,1.0,0.0257841665297746,resnet50,4.296098709106445,100.0,pytorch,27287.087890625,7.92994499206543,8.510821342468262,400.0,1.0,1.0,30.0,10.313666343688965,500.0,250212_resnet_onoffbench2.csv,0.0071668582968413,2025-03-20T16:13:20.548Z
0.020751666277647,48.20608901977539,offload,1256.2535400390625,2000.0,40.0,0.020629659295082,1.0303577184677124,8.471826731693e-05,True,3.0,0.020751666277647,resnet50,4.164606094360352,100.0,pytorch,27287.087890625,11.163037300109863,10.581692695617676,400.0,1.0,1.0,70.0,8.300666809082031,500.0,250212_resnet_onoffbench2.csv,0.0085060810670256,2025-03-20T16:13:20.548Z
0.0270416662096977,37.08718490600586,offload,1528.9263916015625,2000.0,40.0,0.0269330628216266,2.272508144378662,0.00013656953524332494,True,6.0,0.0270416662096977,resnet50,3.822521448135376,100.0,pytorch,27287.087890625,8.630392074584961,8.105156898498535,400.0,1.0,1.0,70.0,10.81666660308838,500.0,250212_resnet_onoffbench2.csv,0.0087699154391884,2025-03-20T16:13:20.548Z
0.0205250009894371,48.76557540893555,offload,869.0386352539062,2000.0,40.0,0.020233329385519,1.2986040115356443,0.000617224199231714,True,1.0,0.0205250009894371,resnet50,4.123971462249756,100.0,pytorch,27287.087890625,11.105558395385742,10.788965225219728,400.0,1.0,1.0,30.0,8.210000038146973,500.0,250212_resnet_onoffbench2.csv,0.0089506143704056,2025-03-20T16:13:20.548Z
0.0259125009179115,38.65060806274414,offload,931.8363647460938,2000.0,40.0,0.0255756396800279,1.0469547510147097,0.0030327548738569,True,3.0,0.0259125009179115,resnet50,4.321200847625732,100.0,pytorch,27287.087890625,7.321378707885742,8.535337448120117,400.0,1.0,1.0,30.0,10.364999771118164,500.0,250212_resnet_onoffbench2.csv,0.0070584192872047,2025-03-20T16:13:20.548Z
0.0297049991786479,33.6992073059082,offload,1456.684326171875,2000.0,40.0,0.0295914746820926,2.640634775161743,9.844938904279844e-05,True,6.0,0.0297049991786479,resnet50,3.8912665843963614,100.0,pytorch,27287.087890625,7.068182468414307,7.377013206481934,400.0,1.0,1.0,30.0,11.881999969482422,500.0,250212_resnet_onoffbench2.csv,0.0098562063649296,2025-03-20T16:13:20.548Z
0.0234066676348447,42.73018264770508,offload,1483.000244140625,4000.0,40.0,0.0233389101922512,1.91429340839386,8.619169238954782e-05,True,6.0,0.0234066676348447,resnet50,4.091373920440674,100.0,pytorch,27287.087890625,9.872359275817873,9.353337287902832,400.0,1.0,1.0,30.0,9.362667083740234,500.0,250212_resnet_onoffbench2.csv,0.0074614696204662,2025-03-20T16:13:20.548Z
0.0199149996042251,50.2758674621582,offload,1468.02880859375,4000.0,40.0,0.0198286902159452,0.6033923625946045,0.0002651351678650826,True,3.0,0.0199149996042251,resnet50,3.9620842933654794,100.0,pytorch,27287.087890625,11.95136260986328,11.009133338928224,400.0,1.0,1.0,15.0,7.966000080108643,500.0,250212_resnet_onoffbench2.csv,0.0114443590864539,2025-03-20T16:13:20.548Z
0.0235058348625898,42.99074935913086,offload,823.6276245117188,4000.0,40.0,0.0233836602419614,0.4851861596107483,0.0023063637781888,True,1.0,0.0235058348625898,resnet50,4.18293046951294,100.0,pytorch,27287.087890625,10.242612838745115,9.335437774658203,400.0,1.0,1.0,15.0,9.40233325958252,500.0,250212_resnet_onoffbench2.csv,0.0154356677085161,2025-03-20T16:13:20.548Z
0.0278775002807378,35.99528121948242,offload,1427.4097900390625,4000.0,40.0,0.0275863390415906,0.8057383894920349,0.0024634562432765,True,6.0,0.0278775002807378,resnet50,4.330221176147461,100.0,pytorch,27287.087890625,7.077895641326904,7.913217544555664,400.0,1.0,1.0,15.0,11.151000022888184,500.0,250212_resnet_onoffbench2.csv,0.0112221613526344,2025-03-20T16:13:20.548Z
0.0211174990981817,47.40059661865234,offload,931.402587890625,2000.0,40.0,0.0210305005311965,0.655063807964325,0.00015537858416792005,True,1.0,0.0211174990981817,resnet50,3.9347543716430655,100.0,pytorch,27287.087890625,9.512374877929688,10.3800048828125,400.0,1.0,1.0,15.0,8.446999549865723,500.0,250212_resnet_onoffbench2.csv,0.0136335389688611,2025-03-20T16:13:20.548Z
0.0280208326876163,36.62467193603516,offload,1693.7171630859375,2000.0,40.0,0.0278746485710144,2.4832706451416016,9.383619180880488e-05,True,6.0,0.0280208326876163,resnet50,3.931943893432617,100.0,pytorch,27287.087890625,8.684126853942871,7.831370830535889,400.0,1.0,1.0,15.0,11.208333015441896,500.0,250212_resnet_onoffbench2.csv,0.0135968327522277,2025-03-20T16:13:20.548Z
0.0207050014287233,48.31163787841797,offload,1242.106689453125,2000.0,40.0,0.0205896701663732,1.100367546081543,9.363790013594552e-05,True,3.0,0.0207050014287233,resnet50,4.084852695465088,100.0,pytorch,27287.087890625,11.57731819152832,10.602243423461914,400.0,1.0,1.0,15.0,8.282000541687012,500.0,250212_resnet_onoffbench2.csv,0.012886269018054,2025-03-20T16:13:20.548Z
0.0252183340489864,39.660762786865234,offload,1102.32421875,4000.0,40.0,0.0251265708357095,0.2353301793336868,0.0035667887423187,True,3.0,0.0252183340489864,resnet50,3.943060874938965,100.0,pytorch,27287.087890625,6.844913005828857,8.687882423400879,400.0,1.0,1.0,10.0,10.08733367919922,500.0,250212_resnet_onoffbench2.csv,0.0182943753898143,2025-03-20T16:13:20.548Z
0.0280274990946054,35.85626220703125,offload,774.430419921875,4000.0,40.0,0.0279128216207027,0.176230177283287,0.0054292725399136,True,1.0,0.0280274990946054,resnet50,4.443768501281738,100.0,pytorch,27287.087890625,7.5619378089904785,7.820660591125488,400.0,1.0,1.0,10.0,11.210999488830566,500.0,250212_resnet_onoffbench2.csv,0.0151217514649033,2025-03-20T16:13:20.548Z
0.0296366661787033,33.77515411376953,offload,1677.22705078125,2000.0,40.0,0.0293095093220472,1.2134147882461548,0.00012423038424458355,True,6.0,0.0296366661787033,resnet50,3.9640109539031982,100.0,pytorch,27287.087890625,8.109243392944336,7.447982311248779,400.0,1.0,1.0,10.0,11.854666709899902,500.0,250212_resnet_onoffbench2.csv,0.0187850408256053,2025-03-20T16:13:20.548Z
0.0280391667038202,35.6678581237793,offload,1081.1756591796875,2000.0,40.0,0.027927279472351,0.2033373266458511,0.0047271642833948,True,3.0,0.0280391667038202,resnet50,4.298116683959961,100.0,pytorch,27287.087890625,7.585962295532227,7.8166117668151855,400.0,1.0,1.0,10.0,11.21566677093506,500.0,250212_resnet_onoffbench2.csv,0.0156757272779941,2025-03-20T16:13:20.548Z
0.0259358342736959,38.58195114135742,offload,1797.6966552734375,4000.0,40.0,0.0257794875651597,0.532703697681427,0.0026333546265959,True,6.0,0.0259358342736959,resnet50,4.116168975830078,100.0,pytorch,27287.087890625,9.209260940551758,8.46784496307373,400.0,1.0,1.0,10.0,10.374333381652832,500.0,250212_resnet_onoffbench2.csv,0.0194130521267652,2025-03-20T16:13:20.548Z
0.0244750007987022,40.862918853759766,offload,783.1246948242188,2000.0,40.0,0.0243485700339078,0.200729489326477,0.0034565024543553,True,1.0,0.0244750007987022,resnet50,3.883960962295532,100.0,pytorch,27287.087890625,9.630963325500488,8.965483665466309,400.0,1.0,1.0,10.0,9.789999961853027,500.0,250212_resnet_onoffbench2.csv,0.0175859909504652,2025-03-20T16:13:20.548Z
0.0484316684305667,20.65380859375,offload,1122.5245361328125,4000.0,40.0,0.0482868440449237,0.1347034722566604,0.0171444192528724,True,6.0,0.0484316684305667,resnet50,4.2870073318481445,100.0,pytorch,27287.087890625,4.578593254089356,4.520832061767578,400.0,1.0,1.0,5.0,19.37266731262207,500.0,250212_resnet_onoffbench2.csv,0.0361711755394935,2025-03-20T16:13:20.548Z
0.050085000693798,19.98075294494629,offload,498.6597595214844,4000.0,40.0,0.0499685481190681,0.1391936987638473,0.0224742460995912,True,1.0,0.050085000693798,resnet50,4.081794261932373,100.0,pytorch,27287.087890625,4.83597993850708,4.368681907653809,400.0,1.0,1.0,5.0,20.03400039672852,500.0,250212_resnet_onoffbench2.csv,0.0443007573485374,2025-03-20T16:13:20.548Z
0.0504349991679191,19.88776206970215,offload,479.9122009277344,2000.0,40.0,0.0502573549747467,0.1670329421758651,0.0219804719090461,True,1.0,0.0504349991679191,resnet50,3.8708088397979736,100.0,pytorch,27287.087890625,4.794393539428711,4.3435773849487305,400.0,1.0,1.0,5.0,20.173999786376957,500.0,250212_resnet_onoffbench2.csv,0.044251587241888,2025-03-20T16:13:20.548Z
0.0528816692531108,19.13047790527344,offload,626.8499145507812,4000.0,40.0,0.0525791831314563,0.1394207626581192,0.0242934022098779,True,3.0,0.0528816692531108,resnet50,4.081891536712647,100.0,pytorch,27287.087890625,4.27323055267334,4.15177059173584,400.0,1.0,1.0,5.0,21.152667999267575,500.0,250212_resnet_onoffbench2.csv,0.0459963306784629,2025-03-20T16:13:20.548Z
0.04763875156641,20.99156188964844,offload,1061.792236328125,2000.0,40.0,0.04750532284379,0.2438341230154037,0.0170835964381694,True,6.0,0.04763875156641,resnet50,3.948764324188232,100.0,pytorch,27287.087890625,5.261324405670166,4.595205307006836,400.0,1.0,1.0,5.0,19.055500030517575,500.0,250212_resnet_onoffbench2.csv,0.0404545664787292,2025-03-20T16:13:20.548Z
0.0488208308815956,20.4975700378418,offload,748.2543334960938,2000.0,40.0,0.0487182177603244,0.2004510313272476,0.0213781036436557,True,3.0,0.0488208308815956,resnet50,4.10014533996582,100.0,pytorch,27287.087890625,4.966529369354248,4.480802536010742,400.0,1.0,1.0,5.0,19.52833366394043,500.0,250212_resnet_onoffbench2.csv,0.0427048318088054,2025-03-20T16:13:20.548Z
0.0823741629719734,12.14825439453125,offload,507.3709411621094,4000.0,40.0,0.0822668820619583,0.0927108377218246,0.0484913326799869,True,3.0,0.0823741629719734,resnet50,4.102107048034668,100.0,pytorch,27287.087890625,3.1893467903137207,2.6535186767578125,400.0,1.0,1.0,3.0,32.94966506958008,500.0,250212_resnet_onoffbench2.csv,0.0759916231036186,2025-03-20T16:13:20.548Z
0.0779608339071273,12.829341888427734,offload,399.5302734375,4000.0,40.0,0.0778391659259796,0.092321403324604,0.0448757521808147,True,1.0,0.0779608339071273,resnet50,4.327848434448242,100.0,pytorch,27287.087890625,3.07458758354187,2.8044583797454834,400.0,1.0,1.0,3.0,31.18433380126953,500.0,250212_resnet_onoffbench2.csv,0.0657653659582138,2025-03-20T16:13:20.548Z
0.0794891640543937,12.582168579101562,offload,482.48541259765625,2000.0,40.0,0.0794077962636947,0.0892682150006294,0.045134961605072,True,3.0,0.0794891640543937,resnet50,4.345084190368652,100.0,pytorch,27287.087890625,3.146308183670044,2.749058723449707,400.0,1.0,1.0,3.0,31.7956657409668,500.0,250212_resnet_onoffbench2.csv,0.0660802274942398,2025-03-20T16:13:20.548Z
0.0887716710567474,11.57392406463623,offload,373.6788940429688,2000.0,40.0,0.0886572673916816,0.0760939791798591,0.0545749329030513,True,1.0,0.0887716710567474,resnet50,3.978382349014282,100.0,pytorch,27287.087890625,2.940742015838623,2.46225380897522,400.0,1.0,1.0,3.0,35.5086669921875,500.0,250212_resnet_onoffbench2.csv,0.0824819430708885,2025-03-20T16:13:20.548Z
0.081185832619667,12.33571720123291,offload,732.9052734375,4000.0,40.0,0.0810837000608444,0.1142868399620056,0.0466493554413318,True,6.0,0.081185832619667,resnet50,4.185316562652588,100.0,pytorch,27287.087890625,3.062443971633911,2.6922390460968018,400.0,1.0,1.0,3.0,32.474334716796875,500.0,250212_resnet_onoffbench2.csv,0.07536231726408,2025-03-20T16:13:20.548Z
0.0813016667962074,12.336637496948242,offload,800.1543579101562,2000.0,40.0,0.0812024995684623,0.1651367545127868,0.0440383777022361,True,6.0,0.0813016667962074,resnet50,4.022583484649658,100.0,pytorch,27287.087890625,3.1766154766082764,2.688300371170044,400.0,1.0,1.0,3.0,32.52066802978516,500.0,250212_resnet_onoffbench2.csv,0.0761792063713073,2025-03-20T16:13:20.548Z
0.2426349967718124,4.121542453765869,offload,218.8447265625,4000.0,40.0,0.2425404787063598,0.0866680070757865,0.1984335035085678,True,3.0,0.2426349967718124,resnet50,4.007139682769775,100.0,pytorch,27287.087890625,1.1166924238204956,0.9000423550605774,400.0,1.0,1.0,1.0,97.0540008544922,500.0,250212_resnet_onoffbench2.csv,0.2373527586460113,2025-03-20T16:13:20.548Z
0.2506316602230072,3.9914755821228023,offload,167.17799377441406,2000.0,40.0,0.2505372762680053,0.0476117245852947,0.2071258872747421,True,1.0,0.2506316602230072,resnet50,4.065874576568604,100.0,pytorch,27287.087890625,1.0610501766204834,0.871314287185669,400.0,1.0,1.0,1.0,100.25267028808594,500.0,250212_resnet_onoffbench2.csv,0.2446267157793045,2025-03-20T16:13:20.548Z
0.2364783287048339,4.228978633880615,offload,355.74127197265625,4000.0,40.0,0.2363687753677368,0.0773100033402443,0.187250331044197,True,6.0,0.2364783287048339,resnet50,4.319370269775391,100.0,pytorch,27287.087890625,1.16812264919281,0.923542857170105,400.0,1.0,1.0,1.0,94.5913314819336,500.0,250212_resnet_onoffbench2.csv,0.2232992500066757,2025-03-20T16:13:20.548Z
0.2510958313941955,3.9827146530151367,offload,174.2087860107422,4000.0,40.0,0.2509980499744415,0.0613232180476188,0.2066090852022171,True,1.0,0.2510958313941955,resnet50,4.121561527252197,100.0,pytorch,27287.087890625,1.121033787727356,0.8697147965431213,400.0,1.0,1.0,1.0,100.4383316040039,500.0,250212_resnet_onoffbench2.csv,0.2450558841228485,2025-03-20T16:13:20.548Z
0.0521891675889492,19.29970359802246,offload,622.0980834960938,4000.0,100.0,0.0520785450935363,0.0517644323408603,0.02064093016088,True,1.0,0.0521891675889492,resnet50,4.319906711578369,70.0,pytorch,144509.0,21.99638938903809,22.19862174987793,400.0,1.0,1.0,70.0,20.87566566467285,500.0,250212_resnet_onoffbench2.csv,0.0405904203653335,2025-03-20T16:13:20.548Z
0.0512808337807655,20.06441879272461,offload,727.6862182617188,4000.0,100.0,0.051196526736021,0.0753419250249862,0.0228545293211936,True,3.0,0.0512808337807655,resnet50,4.027456283569336,70.0,pytorch,144509.0,21.978410720825195,22.58106231689453,400.0,1.0,1.0,70.0,20.51233291625977,500.0,250212_resnet_onoffbench2.csv,0.0449093803763389,2025-03-20T16:13:20.548Z
0.2493233233690261,4.010963439941406,offload,211.6212921142578,2000.0,40.0,0.2492372691631317,0.0622785836458206,0.2057672142982483,True,3.0,0.2493233233690261,resnet50,4.251626491546631,100.0,pytorch,27287.087890625,1.1287342309951782,0.8758590221405029,400.0,1.0,1.0,1.0,99.72933197021484,500.0,250212_resnet_onoffbench2.csv,0.2440130412578582,2025-03-20T16:13:20.548Z
0.2433691620826721,4.109568119049072,offload,360.3336486816406,2000.0,40.0,0.2432649731636047,0.0928449481725692,0.1936151087284088,True,6.0,0.2433691620826721,resnet50,3.9279491901397705,100.0,pytorch,27287.087890625,1.1458057165145874,0.8973618149757385,400.0,1.0,1.0,1.0,97.34766387939452,500.0,250212_resnet_onoffbench2.csv,0.2377004921436309,2025-03-20T16:13:20.548Z
0.041337501257658,24.50738906860352,offload,715.6566162109375,2000.0,100.0,0.04123430326581,0.1090892106294632,0.0137154543772339,True,1.0,0.041337501257658,resnet50,4.023348331451416,70.0,pytorch,144509.0,29.456897735595703,28.036657333374023,400.0,1.0,1.0,70.0,16.53499984741211,500.0,250212_resnet_onoffbench2.csv,0.0338734835386276,2025-03-20T16:13:20.548Z
0.0453566648066043,22.854877471923828,offload,1136.2706298828125,2000.0,100.0,0.0452787317335605,0.0802222341299057,0.0148888686671853,True,6.0,0.0453566648066043,resnet50,4.027456760406494,70.0,pytorch,144509.0,23.293426513671875,25.53234100341797,400.0,1.0,1.0,70.0,18.14266586303711,500.0,250212_resnet_onoffbench2.csv,0.0378929190337657,2025-03-20T16:13:20.548Z
0.0545858331024646,18.457061767578125,offload,748.939697265625,2000.0,100.0,0.0544944517314434,0.049259427934885,0.022567281499505,True,3.0,0.0545858331024646,resnet50,4.41262674331665,70.0,pytorch,144509.0,21.074342727661133,21.214488983154297,400.0,1.0,1.0,70.0,21.834333419799805,500.0,250212_resnet_onoffbench2.csv,0.0426387675106525,2025-03-20T16:13:20.548Z
0.061634998768568,16.598756790161133,offload,1027.10693359375,4000.0,100.0,0.0615179911255836,0.0583711266517639,0.0278225522488355,True,6.0,0.061634998768568,resnet50,4.277781486511231,70.0,pytorch,144509.0,20.14619445800781,18.792421340942383,400.0,1.0,1.0,70.0,24.65399932861328,500.0,250212_resnet_onoffbench2.csv,0.0545884296298027,2025-03-20T16:13:20.548Z
0.0531741678714752,19.50129508972168,offload,782.494140625,4000.0,100.0,0.0530676841735839,0.0544460415840148,0.0225903261452913,True,3.0,0.0531741678714752,resnet50,3.92471981048584,70.0,pytorch,144509.0,23.41190528869629,21.78485870361328,400.0,1.0,1.0,30.0,21.26966667175293,500.0,250212_resnet_onoffbench2.csv,0.0459117591381073,2025-03-20T16:13:20.548Z
0.0333625003695488,35.462188720703125,offload,529.51220703125,4000.0,40.0,0.0332826972007751,3.353652238845825,0.00012321173562668264,True,3.0,0.0333625003695488,resnet50,4.004227161407471,70.0,pytorch,27287.087890625,7.912404537200928,6.558864593505859,400.0,1.0,1.0,70.0,13.344999313354492,500.0,250212_resnet_onoffbench2.csv,0.0061665172688663,2025-03-20T16:13:20.548Z
0.1190662533044815,8.86837100982666,offload,1862.7293701171875,2000.0,70.0,0.1189968660473823,9.149970054626465,0.00017406701226718724,False,3.0,0.1190662533044815,resnet50,0.1404459476470947,100.0,pytorch,44053.38671875,3.571218252182007,2.9616503715515137,400.0,1.0,1.0,5.0,47.62649917602539,500.0,250212_resnet_onoffbench2.csv,0.0618249513208866,2025-03-20T16:13:20.548Z
0.3981899917125702,2.513741970062256,offload,385.8825073242188,4000.0,70.0,0.3981099426746368,0.1151186451315879,0.2393061220645904,False,1.0,0.3981899917125702,resnet50,0.1605353355407714,100.0,pytorch,44053.38671875,1.117611289024353,0.8852506279945374,400.0,1.0,1.0,1.0,159.2760009765625,500.0,250212_resnet_onoffbench2.csv,0.3879287242889404,2025-03-20T16:13:20.548Z
0.3796887695789337,2.6337366104125977,offload,561.0625,2000.0,70.0,0.3796258866786957,0.0452207364141941,0.2978601157665252,False,3.0,0.3796887695789337,resnet50,0.1046451330184936,100.0,pytorch,44053.38671875,1.1394013166427612,0.9283537268638612,400.0,1.0,1.0,1.0,151.87550354003906,500.0,250212_resnet_onoffbench2.csv,0.3630885183811188,2025-03-20T16:13:20.548Z
0.0941025018692016,10.74950122833252,offload,2764.05322265625,4000.0,70.0,0.0939743146300315,11.99710464477539,0.0001496475888416171,False,3.0,0.0941025018692016,resnet50,0.1522650718688964,70.0,pytorch,44053.38671875,4.11878776550293,3.75024938583374,400.0,1.0,1.0,15.0,37.64099884033203,500.0,250212_resnet_onoffbench2.csv,0.0177975539118051,2025-03-20T16:13:20.548Z
0.1518250107765197,6.637446403503418,offload,1960.2919921875,2000.0,70.0,0.1517398506402969,15.850706100463867,0.0002604150795377791,False,3.0,0.1518250107765197,resnet50,0.1431610584259033,70.0,pytorch,44053.38671875,2.6544435024261475,2.322574615478516,400.0,1.0,1.0,5.0,60.72999954223633,500.0,250212_resnet_onoffbench2.csv,0.061103232204914,2025-03-20T16:13:20.548Z
0.2056012451648712,4.863844871520996,offload,974.27978515625,4000.0,40.0,0.2055405080318451,35.506797790527344,8.874356717569754e-05,False,1.0,0.2056012451648712,resnet50,0.0734397172927856,70.0,pytorch,27287.087890625,1.101229190826416,1.0620616674423218,400.0,1.0,1.0,70.0,82.2405014038086,500.0,250212_resnet_onoffbench2.csv,0.0065706619061529,2025-03-20T16:13:20.548Z
0.2679691612720489,3.731924772262573,offload,186.11317443847656,4000.0,100.0,0.2678860127925873,0.0192324221134185,0.2213972955942154,True,1.0,0.2679691612720489,mobilenetv2,3.6995465755462646,70.0,pytorch,144509.0,4.883468627929688,4.315536975860596,400.0,1.0,1.0,5.0,107.18766784667967,500.0,250129_mobilenet_onoffbench11.csv,0.2628529369831085,2025-03-20T16:10:33.547Z
0.2591525018215179,3.858783483505249,offload,232.72964477539065,4000.0,100.0,0.2590609192848205,0.0145765328779816,0.2117509245872497,True,3.0,0.2591525018215179,mobilenetv2,3.747592449188232,70.0,pytorch,144509.0,5.042171955108643,4.462548732757568,400.0,1.0,1.0,5.0,103.66100311279295,500.0,250129_mobilenet_onoffbench11.csv,0.243365854024887,2025-03-20T16:10:33.547Z
0.2889875173568725,3.4606857299804688,offload,315.4822692871094,4000.0,100.0,0.2888805270195007,0.0219989400357007,0.2381688356399536,True,6.0,0.2889875173568725,mobilenetv2,4.47839879989624,70.0,pytorch,144509.0,4.707708835601807,4.001903533935547,400.0,1.0,1.0,5.0,115.59500122070312,500.0,250129_mobilenet_onoffbench11.csv,0.2839439511299133,2025-03-20T16:10:33.547Z
0.2734308242797851,3.6583521366119385,offload,225.72348022460935,2000.0,100.0,0.2733575403690338,0.0208641253411769,0.2267587333917617,True,3.0,0.2734308242797851,mobilenetv2,3.787289619445801,70.0,pytorch,144509.0,4.897877216339111,4.229156970977783,400.0,1.0,1.0,5.0,109.37232971191406,500.0,250129_mobilenet_onoffbench11.csv,0.267503947019577,2025-03-20T16:10:33.547Z
0.2786850035190582,3.58969521522522,offload,183.0292205810547,2000.0,100.0,0.2785726189613342,0.0189209301024675,0.2307310402393341,True,1.0,0.2786850035190582,mobilenetv2,4.516079425811768,70.0,pytorch,144509.0,4.786977291107178,4.149984359741211,400.0,1.0,1.0,5.0,111.4739990234375,500.0,250129_mobilenet_onoffbench11.csv,0.2724969983100891,2025-03-20T16:10:33.547Z
0.2598341703414917,3.84862232208252,offload,330.5125732421875,2000.0,100.0,0.259758323431015,0.0167902689427137,0.209611028432846,True,6.0,0.2598341703414917,mobilenetv2,3.9438960552215576,70.0,pytorch,144509.0,5.138072967529297,4.450567722320557,400.0,1.0,1.0,5.0,103.93367004394533,500.0,250129_mobilenet_onoffbench11.csv,0.244516983628273,2025-03-20T16:10:33.547Z
0.4665391743183136,2.1436455249786377,offload,121.4296646118164,4000.0,100.0,0.4664593338966369,0.0120496666058897,0.4149165451526642,True,1.0,0.4665391743183136,mobilenetv2,4.391778469085693,70.0,pytorch,144509.0,3.129145860671997,2.478398323059082,400.0,1.0,1.0,3.0,186.6156768798828,500.0,250129_mobilenet_onoffbench11.csv,0.4600996971130371,2025-03-20T16:10:33.547Z
0.4498341679573059,2.22314453125,offload,218.6074066162109,4000.0,100.0,0.4497202038764953,0.0151634067296981,0.3956626355648041,True,6.0,0.4498341679573059,mobilenetv2,3.70592999458313,70.0,pytorch,144509.0,3.14307165145874,2.5706472396850586,400.0,1.0,1.0,3.0,179.9336700439453,500.0,250129_mobilenet_onoffbench11.csv,0.4445520043373108,2025-03-20T16:10:33.547Z
0.4558324813842773,2.193842887878418,offload,143.5986328125,4000.0,100.0,0.4557516276836395,0.00936721265316,0.4039551019668579,True,3.0,0.4558324813842773,mobilenetv2,4.484950542449951,70.0,pytorch,144509.0,3.122429609298706,2.5366272926330566,400.0,1.0,1.0,3.0,182.3329925537109,500.0,250129_mobilenet_onoffbench11.csv,0.4496023952960968,2025-03-20T16:10:33.547Z
0.4320449829101562,2.3146467208862305,offload,124.39730834960938,2000.0,100.0,0.4319562613964081,0.0133987758308649,0.3829506933689117,True,1.0,0.4320449829101562,mobilenetv2,3.786504030227661,70.0,pytorch,144509.0,3.181520938873291,2.676363468170166,400.0,1.0,1.0,3.0,172.8179931640625,500.0,250129_mobilenet_onoffbench11.csv,0.4154823720455169,2025-03-20T16:10:33.547Z
0.465693324804306,2.147402763366699,offload,144.85592651367188,2000.0,100.0,0.4655965268611908,0.0142055852338671,0.4132656157016754,True,3.0,0.465693324804306,mobilenetv2,4.429437637329102,70.0,pytorch,144509.0,3.119243860244751,2.4829909801483154,400.0,1.0,1.0,3.0,186.2773284912109,500.0,250129_mobilenet_onoffbench11.csv,0.4600537717342376,2025-03-20T16:10:33.547Z
0.4514316916465759,2.2152585983276367,offload,219.23687744140625,2000.0,100.0,0.4513460695743561,0.0140386875718832,0.3949494361877441,True,6.0,0.4514316916465759,mobilenetv2,4.711116313934326,70.0,pytorch,144509.0,3.13497257232666,2.561387062072754,400.0,1.0,1.0,3.0,180.5726776123047,500.0,250129_mobilenet_onoffbench11.csv,0.4446746408939361,2025-03-20T16:10:33.547Z
1.3653725385665894,0.7324580550193787,offload,42.419376373291016,4000.0,100.0,1.365301489830017,0.0072142756544053,1.3121377229690552,True,1.0,1.3653725385665894,mobilenetv2,3.750184774398804,70.0,pytorch,144509.0,1.0902568101882937,0.8467521667480469,400.0,1.0,1.0,1.0,546.1489868164062,500.0,250129_mobilenet_onoffbench11.csv,1.358622908592224,2025-03-20T16:10:33.547Z
1.306246638298035,0.7655652761459351,offload,52.01292419433594,4000.0,100.0,1.3061785697937012,0.0097789214923977,1.251894235610962,True,3.0,1.306246638298035,mobilenetv2,3.688714265823364,70.0,pytorch,144509.0,1.1319700479507446,0.885079562664032,400.0,1.0,1.0,1.0,522.4986572265625,500.0,250129_mobilenet_onoffbench11.csv,1.2878739833831787,2025-03-20T16:10:33.547Z
1.4125491380691528,0.7079403400421143,offload,81.0039291381836,4000.0,100.0,1.4124772548675537,0.0126884710043668,1.3508102893829346,True,6.0,1.4125491380691528,mobilenetv2,4.596552848815918,70.0,pytorch,144509.0,1.0743271112442017,0.8184711933135986,400.0,1.0,1.0,1.0,565.0196533203125,500.0,250129_mobilenet_onoffbench11.csv,1.4058719873428345,2025-03-20T16:10:33.547Z
1.3699849843978882,0.729965090751648,offload,51.454132080078125,2000.0,100.0,1.3699077367782593,0.0094864685088396,1.3147152662277222,True,3.0,1.3699849843978882,mobilenetv2,3.6988518238067623,70.0,pytorch,144509.0,1.087829828262329,0.8439050316810608,400.0,1.0,1.0,1.0,547.9940185546875,500.0,250129_mobilenet_onoffbench11.csv,1.3638585805892944,2025-03-20T16:10:33.547Z
1.374796748161316,0.7273890376091003,offload,43.44355773925781,2000.0,100.0,1.3747036457061768,0.0090152816846966,1.318620204925537,True,1.0,1.374796748161316,mobilenetv2,4.704415798187256,70.0,pytorch,144509.0,1.094123125076294,0.8409609198570251,400.0,1.0,1.0,1.0,549.918701171875,500.0,250129_mobilenet_onoffbench11.csv,1.36809504032135,2025-03-20T16:10:33.547Z
0.0221841670572757,45.45761489868164,offload,886.2650146484375,4000.0,70.0,0.0220862552523612,0.6080954670906067,0.0018949949881061,True,1.0,0.0221841670572757,mobilenetv2,4.586092948913574,70.0,pytorch,44053.38671875,17.042497634887695,15.956851959228516,400.0,1.0,1.0,70.0,8.873666763305664,500.0,250129_mobilenet_onoffbench11.csv,0.0130735924467444,2025-03-20T16:10:33.547Z
1.306250810623169,0.7655554413795471,offload,80.90279388427734,2000.0,100.0,1.3061630725860596,0.0094858007505536,1.2456212043762207,True,6.0,1.306250810623169,mobilenetv2,3.894284009933472,70.0,pytorch,144509.0,1.124624729156494,0.8850900530815125,400.0,1.0,1.0,1.0,522.5003662109375,500.0,250129_mobilenet_onoffbench11.csv,1.2886284589767456,2025-03-20T16:10:33.547Z
0.0255499985069036,40.51800155639648,offload,1132.0616455078125,4000.0,70.0,0.0253647398203611,0.5786848068237305,0.0032654837705194,True,3.0,0.0255499985069036,mobilenetv2,4.602044105529785,70.0,pytorch,44053.38671875,14.49074363708496,13.894370079040527,400.0,1.0,1.0,70.0,10.219999313354492,500.0,250129_mobilenet_onoffbench11.csv,0.0173564031720161,2025-03-20T16:10:33.547Z
0.0255216676741838,41.80882263183594,offload,1842.4810791015625,4000.0,70.0,0.025410670787096,0.6735761761665344,0.0039322325028479,True,6.0,0.0255216676741838,mobilenetv2,3.636557102203369,70.0,pytorch,44053.38671875,15.656667709350586,13.869256019592283,400.0,1.0,1.0,70.0,10.208666801452637,500.0,250129_mobilenet_onoffbench11.csv,0.0168209094554185,2025-03-20T16:10:33.547Z
0.0199633333832025,50.10630416870117,offload,1309.520751953125,2000.0,70.0,0.0198376588523387,1.0888525247573853,0.0005187282804399729,True,3.0,0.0199633333832025,mobilenetv2,4.516925811767578,70.0,pytorch,44053.38671875,16.40898323059082,17.76555824279785,400.0,1.0,1.0,70.0,7.985333442687988,500.0,250129_mobilenet_onoffbench11.csv,0.0115914903581142,2025-03-20T16:10:33.547Z
0.0241133347153663,41.8682746887207,offload,799.5328979492188,2000.0,70.0,0.0239736698567867,0.6231744289398193,0.0037863329052925,True,1.0,0.0241133347153663,mobilenetv2,3.786848783493042,70.0,pytorch,44053.38671875,12.410273551940918,14.700590133666992,400.0,1.0,1.0,70.0,9.645333290100098,500.0,250129_mobilenet_onoffbench11.csv,0.0074324919842183,2025-03-20T16:10:33.547Z
0.0288141667842865,34.92608642578125,offload,1581.3267822265625,2000.0,70.0,0.0286477953195571,2.4758105278015137,0.0001422423229087144,True,6.0,0.0288141667842865,mobilenetv2,4.380728244781494,70.0,pytorch,44053.38671875,13.015172958374023,12.302066802978516,400.0,1.0,1.0,70.0,11.525667190551758,500.0,250129_mobilenet_onoffbench11.csv,0.0117584755644202,2025-03-20T16:10:33.547Z
0.0239483341574668,43.63005828857422,offload,807.0509033203125,4000.0,70.0,0.023471713066101,0.7990502715110779,0.0043545798398554,True,1.0,0.0239483341574668,mobilenetv2,3.654052972793579,70.0,pytorch,44053.38671875,16.52687644958496,15.014970779418944,400.0,1.0,1.0,30.0,9.579333305358888,500.0,250129_mobilenet_onoffbench11.csv,0.0122603140771389,2025-03-20T16:10:33.547Z
0.0240425001829862,41.83194732666016,offload,1198.4525146484375,4000.0,70.0,0.0239453241229057,0.4980396032333374,0.0040290593169629,True,3.0,0.0240425001829862,mobilenetv2,3.7743401527404794,70.0,pytorch,44053.38671875,13.019948959350586,14.717991828918455,400.0,1.0,1.0,30.0,9.616999626159668,500.0,250129_mobilenet_onoffbench11.csv,0.0106170391663908,2025-03-20T16:10:33.547Z
0.0437333323061466,33.7154541015625,offload,1569.50927734375,4000.0,70.0,0.0436372458934783,1.3977928161621094,0.0075519983656704,True,6.0,0.0437333323061466,mobilenetv2,4.284171104431152,70.0,pytorch,44053.38671875,12.813162803649902,8.07629108428955,400.0,1.0,1.0,30.0,17.49333381652832,500.0,250129_mobilenet_onoffbench11.csv,0.0218308810144662,2025-03-20T16:10:33.547Z
0.0227366667240858,44.438575744628906,offload,906.8218383789062,2000.0,70.0,0.0226447824388742,0.811859130859375,0.0015157059533521,True,1.0,0.0227366667240858,mobilenetv2,4.36693811416626,70.0,pytorch,44053.38671875,16.26603126525879,15.56328010559082,400.0,1.0,1.0,30.0,9.094666481018066,500.0,250129_mobilenet_onoffbench11.csv,0.0126484828069806,2025-03-20T16:10:33.547Z
0.0236116666346788,45.0401496887207,offload,1189.80859375,2000.0,70.0,0.0235144793987274,0.46241295337677,0.0045261168852448,True,3.0,0.0236116666346788,mobilenetv2,3.60357117652893,70.0,pytorch,44053.38671875,14.943292617797852,14.987662315368652,400.0,1.0,1.0,30.0,9.444666862487791,500.0,250129_mobilenet_onoffbench11.csv,0.0178795717656612,2025-03-20T16:10:33.547Z
0.0271791666746139,37.13526916503906,offload,1553.2762451171875,2000.0,70.0,0.0270546302199363,0.7502235174179077,0.0032142056152224,True,6.0,0.0271791666746139,mobilenetv2,3.7378158569335938,70.0,pytorch,44053.38671875,13.766804695129396,13.026498794555664,400.0,1.0,1.0,30.0,10.87166690826416,500.0,250129_mobilenet_onoffbench11.csv,0.0110367089509963,2025-03-20T16:10:33.547Z
0.0361091680824756,28.59441375732422,offload,670.4483032226562,4000.0,70.0,0.0360001847147941,0.1419409066438675,0.013081856071949,True,1.0,0.0361091680824756,mobilenetv2,4.381382942199707,70.0,pytorch,44053.38671875,10.53472900390625,9.789590835571287,400.0,1.0,1.0,15.0,14.443666458129885,500.0,250129_mobilenet_onoffbench11.csv,0.0293738562613725,2025-03-20T16:10:33.547Z
0.0383266657590866,27.172517776489254,offload,1350.842529296875,4000.0,70.0,0.0381898880004882,0.2234951555728912,0.012480353936553,True,6.0,0.0383266657590866,mobilenetv2,3.702455997467041,70.0,pytorch,44053.38671875,9.636795043945312,9.228282928466797,400.0,1.0,1.0,15.0,15.330666542053224,500.0,250129_mobilenet_onoffbench11.csv,0.0330330207943916,2025-03-20T16:10:33.547Z
0.032405000180006,30.93776512145996,offload,944.9816284179688,4000.0,70.0,0.0322916470468044,0.163697674870491,0.0093056643381714,True,3.0,0.032405000180006,mobilenetv2,4.62368106842041,70.0,pytorch,44053.38671875,11.64683723449707,10.913877487182615,400.0,1.0,1.0,15.0,12.961999893188477,500.0,250129_mobilenet_onoffbench11.csv,0.0259705800563097,2025-03-20T16:10:33.547Z
0.0360983349382877,27.772062301635746,offload,571.9803466796875,2000.0,70.0,0.0358259938657283,0.140092983841896,0.0119115160778164,True,1.0,0.0360983349382877,mobilenetv2,3.7348904609680176,70.0,pytorch,44053.38671875,10.78891372680664,9.83718967437744,400.0,1.0,1.0,15.0,14.43933391571045,500.0,250129_mobilenet_onoffbench11.csv,0.0244749560952186,2025-03-20T16:10:33.547Z
0.0428383350372314,24.057411193847656,offload,832.199951171875,2000.0,70.0,0.042743407189846,0.2395671159029007,0.0175248216837644,True,3.0,0.0428383350372314,mobilenetv2,4.426692008972168,70.0,pytorch,44053.38671875,8.90287971496582,8.245180130004883,400.0,1.0,1.0,15.0,17.135334014892578,500.0,250129_mobilenet_onoffbench11.csv,0.0386683978140354,2025-03-20T16:10:33.547Z
0.031434167176485,31.954931259155277,offload,1515.942138671875,2000.0,70.0,0.0312899984419345,0.3720894753932953,0.0048721171915531,True,6.0,0.031434167176485,mobilenetv2,4.162022590637207,70.0,pytorch,44053.38671875,11.88938808441162,11.263250350952148,400.0,1.0,1.0,15.0,12.5736665725708,500.0,250129_mobilenet_onoffbench11.csv,0.0245297588407993,2025-03-20T16:10:33.547Z
0.041337501257658,24.240352630615234,offload,588.592041015625,4000.0,70.0,0.0412418507039547,0.1370456665754318,0.0166977159678936,True,1.0,0.041337501257658,mobilenetv2,3.680675745010376,70.0,pytorch,44053.38671875,8.640985488891602,8.545374870300293,400.0,1.0,1.0,10.0,16.53499984741211,500.0,250129_mobilenet_onoffbench11.csv,0.0361124798655509,2025-03-20T16:10:33.547Z
0.0399141646921634,25.057283401489254,offload,791.2000122070312,4000.0,70.0,0.0397824272513389,0.1025132536888122,0.0145772052928805,True,3.0,0.0399141646921634,mobilenetv2,3.551450729370117,70.0,pytorch,44053.38671875,9.539268493652344,8.85886287689209,400.0,1.0,1.0,10.0,15.96566677093506,500.0,250129_mobilenet_onoffbench11.csv,0.02921655587852,2025-03-20T16:10:33.547Z
0.0479849986732006,20.870281219482425,offload,1118.0902099609375,4000.0,70.0,0.0479103773832321,0.1103640422224998,0.0204829648137092,True,6.0,0.0479849986732006,mobilenetv2,4.260399341583252,70.0,pytorch,44053.38671875,8.206644058227539,7.355966091156006,400.0,1.0,1.0,10.0,19.194000244140625,500.0,250129_mobilenet_onoffbench11.csv,0.0436559207737445,2025-03-20T16:10:33.547Z
0.0510941669344902,20.55510902404785,offload,542.519775390625,2000.0,70.0,0.0509494245052337,0.1857390105724334,0.0238182637840509,True,1.0,0.0510941669344902,mobilenetv2,4.149257183074951,70.0,pytorch,44053.38671875,7.996285915374756,6.917194843292236,400.0,1.0,1.0,10.0,20.43766593933105,500.0,250129_mobilenet_onoffbench11.csv,0.0446775071322917,2025-03-20T16:10:33.547Z
0.0498908311128616,21.22789764404297,offload,663.9739990234375,2000.0,70.0,0.0498090460896492,0.1088167428970336,0.0244546383619308,True,3.0,0.0498908311128616,mobilenetv2,3.842349767684937,70.0,pytorch,44053.38671875,8.251739501953125,7.075564384460449,400.0,1.0,1.0,10.0,19.95633316040039,500.0,250129_mobilenet_onoffbench11.csv,0.0440100878477096,2025-03-20T16:10:33.547Z
0.0393658317625522,25.41428565979004,offload,1285.8807373046875,2000.0,70.0,0.0392198003828525,0.1309545487165451,0.0113393804058432,True,6.0,0.0393658317625522,mobilenetv2,3.782839059829712,70.0,pytorch,44053.38671875,9.757401466369627,8.985947608947754,400.0,1.0,1.0,10.0,15.746333122253418,500.0,250129_mobilenet_onoffbench11.csv,0.028170196339488,2025-03-20T16:10:33.547Z
0.0831033289432525,12.047765731811523,offload,402.5783386230469,4000.0,70.0,0.0829971060156822,0.0875710323452949,0.0509777516126632,True,1.0,0.0831033289432525,mobilenetv2,4.2479424476623535,70.0,pytorch,44053.38671875,4.912774562835693,4.246257781982422,400.0,1.0,1.0,5.0,33.2413330078125,500.0,250129_mobilenet_onoffbench11.csv,0.0787062793970108,2025-03-20T16:10:33.547Z
0.0819291621446609,12.242340087890623,offload,506.1484680175781,4000.0,70.0,0.0818254798650741,0.0892759785056114,0.0482918433845043,True,3.0,0.0819291621446609,mobilenetv2,4.4670844078063965,70.0,pytorch,44053.38671875,4.852179527282715,4.307057857513428,400.0,1.0,1.0,5.0,32.77166748046875,500.0,250129_mobilenet_onoffbench11.csv,0.0767015442252159,2025-03-20T16:10:33.547Z
0.0960033312439918,10.65467643737793,offload,621.7814331054688,4000.0,70.0,0.0959250330924987,0.1337812393903732,0.0544595532119274,True,6.0,0.0960033312439918,mobilenetv2,3.7166433334350586,70.0,pytorch,44053.38671875,4.343846797943115,3.67398452758789,400.0,1.0,1.0,5.0,38.40133285522461,500.0,250129_mobilenet_onoffbench11.csv,0.0817082598805427,2025-03-20T16:10:33.547Z
0.0771308317780494,12.968461990356444,offload,412.9120178222656,2000.0,70.0,0.0770358070731163,0.0896757468581199,0.0456212013959884,True,1.0,0.0771308317780494,mobilenetv2,3.930696964263916,70.0,pytorch,44053.38671875,5.100445747375488,4.57484769821167,400.0,1.0,1.0,5.0,30.852333068847656,500.0,250129_mobilenet_onoffbench11.csv,0.0644060149788856,2025-03-20T16:10:33.547Z
0.0882466733455658,11.394600868225098,offload,499.611083984375,2000.0,70.0,0.0881381332874298,0.0913857966661453,0.055074818432331,True,3.0,0.0882466733455658,mobilenetv2,4.413358211517334,70.0,pytorch,44053.38671875,4.636033058166504,3.998576879501343,400.0,1.0,1.0,5.0,35.298667907714844,500.0,250129_mobilenet_onoffbench11.csv,0.082046240568161,2025-03-20T16:10:33.547Z
0.0862241685390472,11.61196231842041,offload,731.0192260742188,2000.0,70.0,0.0861253589391708,0.1520616859197616,0.0489307381212711,True,6.0,0.0862241685390472,mobilenetv2,4.359278202056885,70.0,pytorch,44053.38671875,4.744748592376709,4.092024803161621,400.0,1.0,1.0,5.0,34.48966598510742,500.0,250129_mobilenet_onoffbench11.csv,0.0801010802388191,2025-03-20T16:10:33.547Z
0.1340333372354507,7.461466789245605,offload,272.152587890625,4000.0,70.0,0.1339482963085174,0.0586708970367908,0.0968417674303054,True,1.0,0.1340333372354507,mobilenetv2,3.725089550018311,70.0,pytorch,44053.38671875,3.228509426116944,2.631068229675293,400.0,1.0,1.0,3.0,53.61333465576172,500.0,250129_mobilenet_onoffbench11.csv,0.1295498758554458,2025-03-20T16:10:33.547Z
0.1289200037717819,7.757064342498779,offload,358.2818908691406,4000.0,70.0,0.1288416981697082,0.0562374889850616,0.0922116339206695,True,3.0,0.1289200037717819,mobilenetv2,3.8121933937072754,70.0,pytorch,44053.38671875,3.2320258617401123,2.735349655151367,400.0,1.0,1.0,3.0,51.56800079345703,500.0,250129_mobilenet_onoffbench11.csv,0.1153657510876655,2025-03-20T16:10:33.547Z
0.1398491710424423,7.151143550872803,offload,546.0672607421875,4000.0,70.0,0.1397581398487091,0.0676485821604728,0.0986362770199775,True,6.0,0.1398491710424423,mobilenetv2,4.320084571838379,70.0,pytorch,44053.38671875,3.1404271125793457,2.521692991256714,400.0,1.0,1.0,3.0,55.93966674804688,500.0,250129_mobilenet_onoffbench11.csv,0.1380044668912887,2025-03-20T16:10:33.547Z
0.1352275013923645,7.399497032165527,offload,285.463134765625,2000.0,70.0,0.1351182609796524,0.0592917874455452,0.0963232964277267,True,1.0,0.1352275013923645,mobilenetv2,4.678226947784424,70.0,pytorch,44053.38671875,3.124206304550171,2.608286142349243,400.0,1.0,1.0,3.0,54.09099960327149,500.0,250129_mobilenet_onoffbench11.csv,0.1307303011417389,2025-03-20T16:10:33.547Z
0.1345033347606659,7.436097621917725,offload,332.82635498046875,2000.0,70.0,0.13438580930233,0.0605287067592144,0.0976142808794975,True,3.0,0.1345033347606659,mobilenetv2,3.64294171333313,70.0,pytorch,44053.38671875,3.175506591796875,2.622502326965332,400.0,1.0,1.0,3.0,53.80133438110352,500.0,250129_mobilenet_onoffbench11.csv,0.1288932114839553,2025-03-20T16:10:33.547Z
0.1293233335018158,7.73256254196167,offload,556.9799194335938,2000.0,70.0,0.1292249411344528,0.0829563438892364,0.0877937674522399,True,6.0,0.1293233335018158,mobilenetv2,3.716180086135864,70.0,pytorch,44053.38671875,3.1732566356658936,2.7272372245788574,400.0,1.0,1.0,3.0,51.72933197021485,500.0,250129_mobilenet_onoffbench11.csv,0.1166705936193466,2025-03-20T16:10:33.547Z
0.4205091595649719,2.378182172775269,offload,105.57141876220705,4000.0,70.0,0.4204332828521728,0.0238644257187843,0.3767817616462707,True,1.0,0.4205091595649719,mobilenetv2,4.4195637702941895,70.0,pytorch,44053.38671875,1.089737057685852,0.8382474184036255,400.0,1.0,1.0,1.0,168.20367431640625,500.0,250129_mobilenet_onoffbench11.csv,0.414656788110733,2025-03-20T16:10:33.547Z
0.4066666662693023,2.459240674972534,offload,209.1110382080078,4000.0,70.0,0.4065933525562286,0.0471841432154178,0.3594523072242737,True,6.0,0.4066666662693023,mobilenetv2,3.712089061737061,70.0,pytorch,44053.38671875,1.1126219034194946,0.8667802214622498,400.0,1.0,1.0,1.0,162.6666717529297,500.0,250129_mobilenet_onoffbench11.csv,0.4013912081718445,2025-03-20T16:10:33.547Z
0.4085458219051361,2.447767734527588,offload,136.89627075195312,4000.0,70.0,0.4084173738956451,0.0334622710943222,0.3625199198722839,True,3.0,0.4085458219051361,mobilenetv2,4.350669860839844,70.0,pytorch,44053.38671875,1.1121480464935305,0.862909197807312,400.0,1.0,1.0,1.0,163.4183349609375,500.0,250129_mobilenet_onoffbench11.csv,0.4027371108531952,2025-03-20T16:10:33.547Z
0.3874516785144806,2.580973625183105,offload,111.56438446044922,2000.0,70.0,0.3873749375343323,0.0405711680650711,0.3442770540714264,True,1.0,0.3874516785144806,mobilenetv2,3.649718761444092,70.0,pytorch,44053.38671875,1.154771089553833,0.909782886505127,400.0,1.0,1.0,1.0,154.9806671142578,500.0,250129_mobilenet_onoffbench11.csv,0.3735630810260772,2025-03-20T16:10:33.547Z
0.4176916778087616,2.3941922187805176,offload,134.79762268066406,2000.0,70.0,0.4175902605056762,0.0513015128672122,0.3725238442420959,True,3.0,0.4176916778087616,mobilenetv2,4.482078075408936,70.0,pytorch,44053.38671875,1.0986489057540894,0.8439542651176453,400.0,1.0,1.0,1.0,167.07667541503906,500.0,250129_mobilenet_onoffbench11.csv,0.4123721718788147,2025-03-20T16:10:33.547Z
0.0184458326548337,54.833003997802734,offload,911.8433837890624,4000.0,40.0,0.0183254368603229,1.0723944902420044,0.0004798533336725086,True,1.0,0.0184458326548337,mobilenetv2,3.7860848903656006,70.0,pytorch,27287.087890625,9.727211952209473,11.912223815917969,400.0,1.0,1.0,70.0,7.378333568572998,500.0,250129_mobilenet_onoffbench11.csv,0.0070045096799731,2025-03-20T16:10:33.547Z
0.4104074835777282,2.436629295349121,offload,224.0064697265625,2000.0,70.0,0.4103286862373352,0.1581900417804718,0.3454402983188629,True,6.0,0.4104074835777282,mobilenetv2,4.49315881729126,70.0,pytorch,44053.38671875,1.1054142713546753,0.8588896989822388,400.0,1.0,1.0,1.0,164.16299438476562,500.0,250129_mobilenet_onoffbench11.csv,0.4048457443714142,2025-03-20T16:10:33.547Z
0.025750832632184,39.13136672973633,offload,1107.2869873046875,4000.0,40.0,0.0256128124892711,0.8572563529014587,0.0049794926308095,True,3.0,0.025750832632184,mobilenetv2,3.7606663703918457,70.0,pytorch,27287.087890625,7.81610107421875,8.52294921875,400.0,1.0,1.0,70.0,10.300333023071287,500.0,250129_mobilenet_onoffbench11.csv,0.0068649505265057,2025-03-20T16:10:33.547Z
0.0216700006276369,46.14784240722656,offload,1930.586669921875,4000.0,40.0,0.0215681958943605,1.245756983757019,0.0006423942395485938,True,6.0,0.0216700006276369,mobilenetv2,4.317897796630859,70.0,pytorch,27287.087890625,8.177811622619629,10.12123203277588,400.0,1.0,1.0,70.0,8.668000221252441,500.0,250129_mobilenet_onoffbench11.csv,0.0084468238055706,2025-03-20T16:10:33.547Z
0.020361665636301,49.36375427246094,offload,840.117431640625,2000.0,40.0,0.0202671345323324,1.3737250566482544,0.0004918451886624098,True,1.0,0.020361665636301,mobilenetv2,4.445983409881592,70.0,pytorch,27287.087890625,11.312573432922363,10.770970344543455,400.0,1.0,1.0,70.0,8.14466667175293,500.0,250129_mobilenet_onoffbench11.csv,0.0066503351554274,2025-03-20T16:10:33.547Z
0.0631475001573562,17.567039489746094,offload,705.2589721679688,4000.0,100.0,0.063051126897335,0.0702763423323631,0.0246553849428892,True,3.0,0.0631475001573562,mobilenetv2,3.9215614795684814,100.0,pytorch,144509.0,21.30416488647461,18.335468292236328,400.0,1.0,1.0,30.0,25.25900077819824,500.0,250129_mobilenet_onoffbench11.csv,0.0430713705718517,2025-03-20T16:10:33.547Z
0.1438608318567276,10.62265396118164,offload,358.3041076660156,2000.0,100.0,0.1437669992446899,0.0503292307257652,0.1046226769685745,True,1.0,0.1438608318567276,mobilenetv2,4.25589656829834,100.0,pytorch,144509.0,13.02566909790039,8.041289329528809,400.0,1.0,1.0,30.0,57.54433059692383,500.0,250129_mobilenet_onoffbench11.csv,0.1381804049015045,2025-03-20T16:10:33.547Z
0.1403908282518386,11.438379287719728,offload,492.0299377441406,2000.0,100.0,0.1402878016233444,0.0435369424521923,0.1024588048458099,True,3.0,0.1403908282518386,mobilenetv2,3.993307590484619,100.0,pytorch,144509.0,14.09530544281006,8.240716934204102,400.0,1.0,1.0,30.0,56.15633392333984,500.0,250129_mobilenet_onoffbench11.csv,0.1346704959869384,2025-03-20T16:10:33.547Z
0.128385841846466,12.056238174438477,offload,726.6735229492188,2000.0,100.0,0.1283058822154998,0.0412352718412876,0.0876005515456199,True,6.0,0.128385841846466,mobilenetv2,4.060627460479736,100.0,pytorch,144509.0,14.68368148803711,9.01028060913086,400.0,1.0,1.0,30.0,51.35433578491211,500.0,250129_mobilenet_onoffbench11.csv,0.114694744348526,2025-03-20T16:10:33.547Z
0.1069424971938133,11.165593147277832,offload,383.7509765625,4000.0,100.0,0.1068409383296966,0.0619852617383003,0.0717551186680793,True,1.0,0.1069424971938133,mobilenetv2,4.345977306365967,100.0,pytorch,144509.0,13.996875762939451,10.820496559143066,400.0,1.0,1.0,15.0,42.777000427246094,500.0,250129_mobilenet_onoffbench11.csv,0.0997788906097412,2025-03-20T16:10:33.547Z
0.0906258299946785,15.31106185913086,offload,851.732421875,4000.0,100.0,0.0905588194727897,0.2053315192461013,0.0525979921221733,True,6.0,0.0906258299946785,mobilenetv2,3.885233640670776,100.0,pytorch,144509.0,18.93826675415039,12.765978813171388,400.0,1.0,1.0,15.0,36.25033187866211,500.0,250129_mobilenet_onoffbench11.csv,0.0839153379201889,2025-03-20T16:10:33.547Z
0.1004225015640258,12.739641189575195,offload,553.1348876953125,4000.0,100.0,0.1002918407320976,0.3607165813446045,0.0600450560450553,True,3.0,0.1004225015640258,mobilenetv2,4.744765281677246,100.0,pytorch,144509.0,15.671889305114746,11.527079582214355,400.0,1.0,1.0,15.0,40.16899871826172,500.0,250129_mobilenet_onoffbench11.csv,0.0931107625365257,2025-03-20T16:10:33.547Z
0.0808991715312004,15.14122486114502,offload,507.1710205078125,2000.0,100.0,0.0808199420571327,0.3078861534595489,0.0375803112983703,True,1.0,0.0808991715312004,mobilenetv2,3.821756362915039,100.0,pytorch,144509.0,14.938921928405762,14.304291725158691,400.0,1.0,1.0,15.0,32.35966873168945,500.0,250129_mobilenet_onoffbench11.csv,0.0614744685590267,2025-03-20T16:10:33.547Z
0.0964791700243949,15.267831802368164,offload,644.630615234375,2000.0,100.0,0.0963929966092109,0.2388425022363662,0.0515423901379108,True,3.0,0.0964791700243949,mobilenetv2,4.37843656539917,100.0,pytorch,144509.0,18.660579681396484,11.993319511413574,400.0,1.0,1.0,15.0,38.59166717529297,500.0,250129_mobilenet_onoffbench11.csv,0.0892275646328926,2025-03-20T16:10:33.547Z
0.09244916588068,11.343320846557615,offload,647.31982421875,2000.0,100.0,0.0923547446727752,0.4652301371097564,0.0472979806363582,True,6.0,0.09244916588068,mobilenetv2,4.194185733795166,100.0,pytorch,144509.0,14.055957794189451,12.517732620239258,400.0,1.0,1.0,15.0,36.97966766357422,500.0,250129_mobilenet_onoffbench11.csv,0.0848259255290031,2025-03-20T16:10:33.547Z
0.1351650059223175,8.028142929077148,offload,307.25079345703125,4000.0,100.0,0.1350844651460647,1.260656476020813,0.0814434885978698,True,1.0,0.1351650059223175,mobilenetv2,3.796433925628662,100.0,pytorch,144509.0,9.967636108398438,8.558141708374023,400.0,1.0,1.0,10.0,54.06600189208984,500.0,250129_mobilenet_onoffbench11.csv,0.114754244685173,2025-03-20T16:10:33.547Z
0.1107466667890548,10.629888534545898,offload,509.0976867675781,4000.0,100.0,0.1106335520744323,0.0341380797326564,0.0711582228541374,True,3.0,0.1107466667890548,mobilenetv2,3.861711263656616,100.0,pytorch,144509.0,12.194607734680176,10.44956111907959,400.0,1.0,1.0,10.0,44.29866790771485,500.0,250129_mobilenet_onoffbench11.csv,0.097858689725399,2025-03-20T16:10:33.547Z
0.1452008336782455,8.640519142150879,offload,578.2413940429688,4000.0,100.0,0.1450795829296112,0.0791589841246604,0.1053032502532005,True,6.0,0.1452008336782455,mobilenetv2,4.2606635093688965,100.0,pytorch,144509.0,10.385123252868652,7.968537330627441,400.0,1.0,1.0,10.0,58.0803337097168,500.0,250129_mobilenet_onoffbench11.csv,0.1396282911300659,2025-03-20T16:10:33.547Z
0.1159283369779586,13.140351295471191,offload,565.0361328125,2000.0,100.0,0.1158624216914177,0.0395437330007553,0.0803326293826103,True,3.0,0.1159283369779586,mobilenetv2,3.80039119720459,100.0,pytorch,144509.0,15.739542007446287,9.977972030639648,400.0,1.0,1.0,10.0,46.37133407592773,500.0,250129_mobilenet_onoffbench11.csv,0.108842633664608,2025-03-20T16:10:33.547Z
0.1130608320236206,13.524415016174316,offload,440.8402099609375,2000.0,100.0,0.1129572093486785,0.0703764334321022,0.077377863228321,True,1.0,0.1130608320236206,mobilenetv2,4.814667701721191,100.0,pytorch,144509.0,16.68570327758789,10.234601020812988,400.0,1.0,1.0,10.0,45.22433471679688,500.0,250129_mobilenet_onoffbench11.csv,0.1067148447036743,2025-03-20T16:10:33.547Z
0.1037266701459884,12.186309814453123,offload,750.5993041992188,2000.0,100.0,0.1036359220743179,0.0441408120095729,0.0620669536292552,True,6.0,0.1037266701459884,mobilenetv2,3.77665638923645,100.0,pytorch,144509.0,14.32557201385498,11.155128479003906,400.0,1.0,1.0,10.0,41.490665435791016,500.0,250129_mobilenet_onoffbench11.csv,0.0920325517654419,2025-03-20T16:10:33.547Z
0.2493624985218048,4.3107452392578125,offload,215.06304931640625,4000.0,100.0,0.2492286413908004,0.0351899862289428,0.2036737203598022,True,1.0,0.2493624985218048,mobilenetv2,4.417999744415283,100.0,pytorch,144509.0,5.519404411315918,4.638599872589111,400.0,1.0,1.0,5.0,99.74500274658205,500.0,250129_mobilenet_onoffbench11.csv,0.2421842962503433,2025-03-20T16:10:33.547Z
0.2761508226394653,3.6215240955352783,offload,305.4889831542969,4000.0,100.0,0.2760789692401886,0.0153178218752145,0.2254585027694702,True,6.0,0.2761508226394653,mobilenetv2,3.90364408493042,100.0,pytorch,144509.0,4.809795379638672,4.187468528747559,400.0,1.0,1.0,5.0,110.46033477783205,500.0,250129_mobilenet_onoffbench11.csv,0.2710275053977966,2025-03-20T16:10:33.547Z
0.2756775021553039,3.629075050354004,offload,231.4555511474609,4000.0,100.0,0.2756009101867676,0.0185307189822196,0.2254525572061538,True,3.0,0.2756775021553039,mobilenetv2,4.359208106994629,100.0,pytorch,144509.0,4.872354984283447,4.194732189178467,400.0,1.0,1.0,5.0,110.27099609375,500.0,250129_mobilenet_onoffbench11.csv,0.2693419158458709,2025-03-20T16:10:33.547Z
0.2592058181762695,3.857954263687134,offload,205.8252716064453,2000.0,100.0,0.2591089904308319,0.0144378179684281,0.2101020812988281,True,1.0,0.2592058181762695,mobilenetv2,3.7170968055725098,100.0,pytorch,144509.0,5.138838291168213,4.461720943450928,400.0,1.0,1.0,5.0,103.68233489990234,500.0,250129_mobilenet_onoffbench11.csv,0.2453053146600723,2025-03-20T16:10:33.547Z
0.2979783415794372,3.360100030899048,offload,211.2185516357422,2000.0,100.0,0.2979068160057068,0.0222099609673023,0.2486662566661834,True,3.0,0.2979783415794372,mobilenetv2,4.510283470153809,100.0,pytorch,144509.0,4.548241138458252,3.8806498050689697,400.0,1.0,1.0,5.0,119.19132995605467,500.0,250129_mobilenet_onoffbench11.csv,0.2923573553562164,2025-03-20T16:10:33.547Z
0.2758383452892303,3.625679254531861,offload,336.5380554199219,2000.0,100.0,0.2757581174373626,0.0213524959981441,0.2214364558458328,True,6.0,0.2758383452892303,mobilenetv2,4.67400598526001,100.0,pytorch,144509.0,4.779332637786865,4.192340850830078,400.0,1.0,1.0,5.0,110.33533477783205,500.0,250129_mobilenet_onoffbench11.csv,0.2689216434955597,2025-03-20T16:10:33.547Z
0.447881668806076,2.2328109741210938,offload,124.1325454711914,4000.0,100.0,0.4477909803390503,0.0150363082066178,0.3972048759460449,True,1.0,0.447881668806076,mobilenetv2,3.8822906017303462,100.0,pytorch,144509.0,3.141711950302124,2.5817224979400635,400.0,1.0,1.0,3.0,179.1526641845703,500.0,250129_mobilenet_onoffbench11.csv,0.4415402114391327,2025-03-20T16:10:33.547Z
0.4312916696071625,2.31864595413208,offload,149.6519775390625,4000.0,100.0,0.4312202036380768,0.0122969849035143,0.3802345991134643,True,3.0,0.4312916696071625,mobilenetv2,3.9104928970336914,100.0,pytorch,144509.0,3.214473962783813,2.680931806564331,400.0,1.0,1.0,3.0,172.51666259765625,500.0,250129_mobilenet_onoffbench11.csv,0.4150275290012359,2025-03-20T16:10:33.547Z
0.469551682472229,2.130523204803467,offload,218.0071563720703,4000.0,100.0,0.4692398905754089,0.0127236079424619,0.4124037325382232,True,6.0,0.469551682472229,mobilenetv2,4.411294937133789,100.0,pytorch,144509.0,3.047384738922119,2.463712215423584,400.0,1.0,1.0,3.0,187.82066345214844,500.0,250129_mobilenet_onoffbench11.csv,0.4636037051677704,2025-03-20T16:10:33.547Z
0.4522333145141601,2.211432695388794,offload,124.18807983398438,2000.0,100.0,0.4521461129188537,0.1271979361772537,0.3895951509475708,True,1.0,0.4522333145141601,mobilenetv2,4.540740489959717,100.0,pytorch,144509.0,3.1349213123321533,2.556854724884033,400.0,1.0,1.0,3.0,180.8933258056641,500.0,250129_mobilenet_onoffbench11.csv,0.4456903636455536,2025-03-20T16:10:33.547Z
0.4558733403682709,2.194201946258545,offload,147.2586669921875,2000.0,100.0,0.4557889997959137,0.1226716861128807,0.3954474329948425,True,3.0,0.4558733403682709,mobilenetv2,3.699357032775879,100.0,pytorch,144509.0,3.0909111499786377,2.536419153213501,400.0,1.0,1.0,3.0,182.34933471679688,500.0,250129_mobilenet_onoffbench11.csv,0.4506109654903412,2025-03-20T16:10:33.547Z
0.432586669921875,2.3116776943206787,offload,215.4725341796875,2000.0,100.0,0.4324949979782104,0.0127042848616838,0.3778795301914215,True,6.0,0.432586669921875,mobilenetv2,3.8388617038726807,100.0,pytorch,144509.0,3.196815729141236,2.673029661178589,400.0,1.0,1.0,3.0,173.03466796875,500.0,250129_mobilenet_onoffbench11.csv,0.4157371520996094,2025-03-20T16:10:33.547Z
1.41327166557312,0.7075976133346558,offload,45.76539993286133,4000.0,100.0,1.413197636604309,0.0110143972560763,1.355960249900818,True,1.0,1.41327166557312,mobilenetv2,4.516247272491455,100.0,pytorch,144509.0,1.0654263496398926,0.8180540204048157,400.0,1.0,1.0,1.0,565.3086547851562,500.0,250129_mobilenet_onoffbench11.csv,1.4067435264587402,2025-03-20T16:10:33.547Z
1.364181637763977,0.7330486178398132,offload,79.02745819091797,4000.0,100.0,1.3641098737716677,0.0098715778440237,1.3022342920303345,True,6.0,1.364181637763977,mobilenetv2,3.893923997879028,100.0,pytorch,144509.0,1.092453122138977,0.8474918007850647,400.0,1.0,1.0,1.0,545.6726684570312,500.0,250129_mobilenet_onoffbench11.csv,1.3574886322021484,2025-03-20T16:10:33.547Z
1.3720108270645142,0.7288606762886047,offload,54.88077545166016,4000.0,100.0,1.3719202280044556,0.0090422537177801,1.3121055364608765,True,3.0,1.3720108270645142,mobilenetv2,5.284785270690918,100.0,pytorch,144509.0,1.0917545557022097,0.8426671028137207,400.0,1.0,1.0,1.0,548.8043212890625,500.0,250129_mobilenet_onoffbench11.csv,1.36574387550354,2025-03-20T16:10:33.547Z
1.3054559230804443,0.7660331130027771,offload,46.26740646362305,2000.0,100.0,1.3053444623947144,0.0091589810326695,1.249204158782959,True,1.0,1.3054559230804443,mobilenetv2,3.727908611297608,100.0,pytorch,144509.0,1.1272058486938477,0.8856452107429504,400.0,1.0,1.0,1.0,522.182373046875,500.0,250129_mobilenet_onoffbench11.csv,1.2884281873703003,2025-03-20T16:10:33.547Z
1.424555778503418,0.7019792795181274,offload,55.600372314453125,2000.0,100.0,1.4244627952575684,0.0097541287541389,1.364460587501526,True,3.0,1.424555778503418,mobilenetv2,4.6498236656188965,100.0,pytorch,144509.0,1.067649245262146,0.8115845322608948,400.0,1.0,1.0,1.0,569.8223266601562,500.0,250129_mobilenet_onoffbench11.csv,1.4185359477996826,2025-03-20T16:10:33.547Z
0.023561667650938,43.78839111328125,offload,879.908935546875,4000.0,70.0,0.0233321487903594,1.024631142616272,0.0029823505319654,True,1.0,0.023561667650938,mobilenetv2,3.78023910522461,100.0,pytorch,44053.38671875,13.718491554260254,15.104785919189451,400.0,1.0,1.0,70.0,9.42466640472412,500.0,250129_mobilenet_onoffbench11.csv,0.0111220739781856,2025-03-20T16:10:33.547Z
1.3731783628463743,0.7282478213310242,offload,81.58704376220703,2000.0,100.0,1.3730809688568115,0.0102654136717319,1.3078958988189695,True,6.0,1.3731783628463743,mobilenetv2,5.382833480834961,100.0,pytorch,144509.0,1.0927122831344604,0.8419547080993652,400.0,1.0,1.0,1.0,549.2713623046875,500.0,250129_mobilenet_onoffbench11.csv,1.3669426441192627,2025-03-20T16:10:33.547Z
0.0264599993824958,37.942626953125,offload,1129.3507080078125,4000.0,70.0,0.0259987227618694,0.6514131426811218,0.0041639674454927,True,3.0,0.0264599993824958,mobilenetv2,3.674731731414795,100.0,pytorch,44053.38671875,14.004827499389648,13.555554389953612,400.0,1.0,1.0,70.0,10.583999633789062,500.0,250129_mobilenet_onoffbench11.csv,0.0091501204296946,2025-03-20T16:10:33.547Z
0.0224450007081031,44.61408996582031,offload,1962.172607421875,4000.0,70.0,0.0223747808486223,1.3336540460586548,0.0002180333976866677,True,6.0,0.0224450007081031,mobilenetv2,4.610658645629883,100.0,pytorch,44053.38671875,16.70699691772461,15.751086235046388,400.0,1.0,1.0,70.0,8.977999687194824,500.0,250129_mobilenet_onoffbench11.csv,0.0125202601775527,2025-03-20T16:10:33.547Z
0.0215349998325109,46.65163803100586,offload,1352.822021484375,2000.0,70.0,0.0212358497083187,1.0859858989715576,0.0005254351999610662,True,3.0,0.0215349998325109,mobilenetv2,3.6383230686187744,100.0,pytorch,44053.38671875,16.4343318939209,16.595855712890625,400.0,1.0,1.0,70.0,8.613999366760254,500.0,250129_mobilenet_onoffbench11.csv,0.0088671157136559,2025-03-20T16:10:33.547Z
0.0205025002360343,48.83994674682617,offload,932.4729614257812,2000.0,70.0,0.0203699115663766,1.0475666522979736,0.0006460962467826903,True,1.0,0.0205025002360343,mobilenetv2,4.751411437988281,100.0,pytorch,44053.38671875,18.003305435180664,17.301355361938477,400.0,1.0,1.0,70.0,8.201000213623047,500.0,250129_mobilenet_onoffbench11.csv,0.0087029263377189,2025-03-20T16:10:33.547Z
0.0237300004810094,42.260040283203125,offload,922.2783203125,4000.0,70.0,0.0236168932169675,0.7870547771453857,0.0020101414993405,True,1.0,0.0237300004810094,mobilenetv2,4.413599967956543,100.0,pytorch,44053.38671875,15.942538261413574,14.922669410705566,400.0,1.0,1.0,30.0,9.491999626159668,500.0,250129_mobilenet_onoffbench11.csv,0.0133852493017911,2025-03-20T16:10:33.547Z
0.0335199981927871,30.008310317993164,offload,1361.5467529296875,2000.0,70.0,0.0334132499992847,1.53482186794281,0.0031940813641995,True,6.0,0.0335199981927871,mobilenetv2,3.726173400878906,100.0,pytorch,44053.38671875,11.134636878967283,10.547525405883787,400.0,1.0,1.0,70.0,13.407999992370604,500.0,250129_mobilenet_onoffbench11.csv,0.010652782395482,2025-03-20T16:10:33.547Z
0.0245191659778356,42.007080078125,offload,1811.269287109375,4000.0,70.0,0.0244360119104385,0.8264065384864807,0.0028443706687539,True,6.0,0.0245191659778356,mobilenetv2,3.594470977783203,100.0,pytorch,44053.38671875,12.225201606750488,14.422447204589844,400.0,1.0,1.0,30.0,9.807666778564451,500.0,250129_mobilenet_onoffbench11.csv,0.0146533316001296,2025-03-20T16:10:33.547Z
0.0258549991995096,38.6873893737793,offload,755.9950561523438,2000.0,70.0,0.0257647335529327,0.6559728384017944,0.0040403832681477,True,1.0,0.0258549991995096,mobilenetv2,3.936865091323853,100.0,pytorch,44053.38671875,14.469318389892578,13.678662300109863,400.0,1.0,1.0,30.0,10.342000007629396,500.0,250129_mobilenet_onoffbench11.csv,0.0101043982431292,2025-03-20T16:10:33.547Z
0.0263216663151979,39.00601959228516,offload,1133.220458984375,2000.0,70.0,0.0262385848909616,0.6132267117500305,0.0042337952181696,True,3.0,0.0263216663151979,mobilenetv2,4.315371036529541,100.0,pytorch,44053.38671875,14.781868934631348,13.431634902954102,400.0,1.0,1.0,30.0,10.528666496276855,500.0,250129_mobilenet_onoffbench11.csv,0.0194839779287576,2025-03-20T16:10:33.547Z
0.0412808321416378,26.77052116394043,offload,586.893310546875,4000.0,70.0,0.0411945544183254,0.1714286059141159,0.0161044858396053,True,1.0,0.0412808321416378,mobilenetv2,3.76103138923645,100.0,pytorch,44053.38671875,9.276488304138184,8.55518627166748,400.0,1.0,1.0,15.0,16.512332916259766,500.0,250129_mobilenet_onoffbench11.csv,0.0347868725657463,2025-03-20T16:10:33.547Z
0.0314958319067955,32.979644775390625,offload,1645.0103759765625,2000.0,70.0,0.0313519053161144,1.678354263305664,0.0025720496196299,True,6.0,0.0314958319067955,mobilenetv2,4.4486589431762695,100.0,pytorch,44053.38671875,12.396806716918944,11.241009712219238,400.0,1.0,1.0,30.0,12.598333358764648,500.0,250129_mobilenet_onoffbench11.csv,0.0189126208424568,2025-03-20T16:10:33.547Z
0.0347691662609577,29.784814834594727,offload,882.1651611328125,4000.0,70.0,0.0346871614456176,0.1474829912185669,0.0108024673536419,True,3.0,0.0347691662609577,mobilenetv2,3.698884010314941,100.0,pytorch,44053.38671875,11.063005447387695,10.16015911102295,400.0,1.0,1.0,15.0,13.907666206359863,500.0,250129_mobilenet_onoffbench11.csv,0.0232700761407613,2025-03-20T16:10:33.547Z
0.0388683341443538,27.24856185913086,offload,1251.513916015625,4000.0,70.0,0.0387819781899452,0.2807076275348663,0.0131389833986759,True,6.0,0.0388683341443538,mobilenetv2,4.413136959075928,100.0,pytorch,44053.38671875,10.662113189697266,9.087392807006836,400.0,1.0,1.0,15.0,15.547332763671877,500.0,250129_mobilenet_onoffbench11.csv,0.0323576778173446,2025-03-20T16:10:33.547Z
0.0326783321797847,31.016544342041016,offload,952.0164794921876,2000.0,70.0,0.0325674638152122,0.1883604675531387,0.0090244328603148,True,3.0,0.0326783321797847,mobilenetv2,3.687735319137573,100.0,pytorch,44053.38671875,12.029818534851074,10.821447372436523,400.0,1.0,1.0,15.0,13.071333885192873,500.0,250129_mobilenet_onoffbench11.csv,0.0261969771236181,2025-03-20T16:10:33.547Z
0.0332558341324329,30.10564613342285,offload,719.8019409179688,2000.0,70.0,0.0331690944731235,0.227806881070137,0.0093182921409606,True,1.0,0.0332558341324329,mobilenetv2,4.540347099304199,100.0,pytorch,44053.38671875,11.354764938354492,10.625164031982422,400.0,1.0,1.0,15.0,13.302332878112791,500.0,250129_mobilenet_onoffbench11.csv,0.0269697941839694,2025-03-20T16:10:33.547Z
0.0315908342599868,31.672069549560547,offload,1490.884765625,2000.0,70.0,0.0314549133181571,0.2846255004405975,0.0046738595701754,True,6.0,0.0315908342599868,mobilenetv2,3.728675842285156,100.0,pytorch,44053.38671875,9.572412490844728,11.204197883605955,400.0,1.0,1.0,15.0,12.636333465576172,500.0,250129_mobilenet_onoffbench11.csv,0.0190116353332996,2025-03-20T16:10:33.547Z
0.0558758340775966,18.11054801940918,offload,532.857177734375,4000.0,70.0,0.055767472833395,0.1687493324279785,0.0281205251812934,True,1.0,0.0558758340775966,mobilenetv2,4.323330879211426,100.0,pytorch,44053.38671875,7.1968488693237305,6.319581508636475,400.0,1.0,1.0,10.0,22.35033416748047,500.0,250129_mobilenet_onoffbench11.csv,0.0522203296422958,2025-03-20T16:10:33.547Z
0.0501908361911773,20.542274475097656,offload,1101.9820556640625,4000.0,70.0,0.0501060783863067,0.1543494164943695,0.0226875375956296,True,6.0,0.0501908361911773,mobilenetv2,3.731124877929688,100.0,pytorch,44053.38671875,7.719388961791992,7.0336198806762695,400.0,1.0,1.0,10.0,20.07633399963379,500.0,250129_mobilenet_onoffbench11.csv,0.0446090586483478,2025-03-20T16:10:33.547Z
0.0488774999976158,20.8681583404541,offload,647.0982666015625,4000.0,70.0,0.0487107597291469,0.1325348168611526,0.020571693778038,True,3.0,0.0488774999976158,mobilenetv2,4.183493137359619,100.0,pytorch,44053.38671875,7.5702433586120605,7.235097408294678,400.0,1.0,1.0,10.0,19.551000595092773,500.0,250129_mobilenet_onoffbench11.csv,0.0423894152045249,2025-03-20T16:10:33.547Z
0.0412641689181327,24.295907974243164,offload,606.6486206054688,2000.0,70.0,0.0411715619266033,0.0909409150481224,0.014853504486382,True,1.0,0.0412641689181327,mobilenetv2,3.601130485534668,100.0,pytorch,44053.38671875,9.284982681274414,8.559964179992676,400.0,1.0,1.0,10.0,16.505666732788086,500.0,250129_mobilenet_onoffbench11.csv,0.0295177660882473,2025-03-20T16:10:33.547Z
0.0445216670632362,22.59334945678711,offload,808.974853515625,2000.0,70.0,0.0443909876048564,0.1342987567186355,0.0170902460813522,True,3.0,0.0445216670632362,mobilenetv2,4.382322788238525,100.0,pytorch,44053.38671875,8.580068588256836,7.9391584396362305,400.0,1.0,1.0,10.0,17.808666229248047,500.0,250129_mobilenet_onoffbench11.csv,0.0378914214670658,2025-03-20T16:10:33.547Z
0.0434433333575725,23.15707397460937,offload,1201.5860595703125,2000.0,70.0,0.0433114804327487,0.3498647212982178,0.0101090706884861,True,6.0,0.0434433333575725,mobilenetv2,4.348879337310791,100.0,pytorch,44053.38671875,8.839489936828613,8.137036323547363,400.0,1.0,1.0,10.0,17.37733268737793,500.0,250129_mobilenet_onoffbench11.csv,0.0368542447686195,2025-03-20T16:10:33.547Z
0.0794691666960716,12.584982872009276,offload,370.2624816894531,4000.0,70.0,0.0793708935379982,0.0866212844848632,0.047361385077238,True,1.0,0.0794691666960716,mobilenetv2,3.883888244628906,100.0,pytorch,44053.38671875,5.036654472351074,4.440256118774414,400.0,1.0,1.0,5.0,31.78766632080078,500.0,250129_mobilenet_onoffbench11.csv,0.0735101774334907,2025-03-20T16:10:33.547Z
0.0769583359360694,12.995299339294434,offload,510.007568359375,4000.0,70.0,0.0768836662173271,0.0749198868870735,0.0450369715690612,True,3.0,0.0769583359360694,mobilenetv2,3.693447351455689,100.0,pytorch,44053.38671875,5.216132640838623,4.583900451660156,400.0,1.0,1.0,5.0,30.783334732055664,500.0,250129_mobilenet_onoffbench11.csv,0.0633789598941803,2025-03-20T16:10:33.547Z
0.0835625007748603,11.969855308532717,offload,789.6455078125,4000.0,70.0,0.0834661722183227,0.12236088514328,0.0490714982151985,True,6.0,0.0835625007748603,mobilenetv2,4.34760332107544,100.0,pytorch,44053.38671875,4.831303596496582,4.2223944664001465,400.0,1.0,1.0,5.0,33.42499923706055,500.0,250129_mobilenet_onoffbench11.csv,0.0778762102127075,2025-03-20T16:10:33.547Z
0.0799975022673606,12.50584602355957,offload,401.922119140625,2000.0,70.0,0.0799120143055915,0.0715626701712608,0.0457340367138385,True,1.0,0.0799975022673606,mobilenetv2,4.36318826675415,100.0,pytorch,44053.38671875,5.088816642761231,4.410189151763916,400.0,1.0,1.0,5.0,31.999000549316406,500.0,250129_mobilenet_onoffbench11.csv,0.0741962641477584,2025-03-20T16:10:33.547Z
0.0813608318567276,12.30245590209961,offload,464.6987609863281,2000.0,70.0,0.0812281519174575,0.1187431365251541,0.0500581637024879,True,3.0,0.0813608318567276,mobilenetv2,3.749694585800171,100.0,pytorch,44053.38671875,4.867231845855713,4.338730812072754,400.0,1.0,1.0,5.0,32.54433059692383,500.0,250129_mobilenet_onoffbench11.csv,0.0757307186722755,2025-03-20T16:10:33.547Z
0.0778516680002212,12.846208572387695,offload,795.114013671875,2000.0,70.0,0.0777533575892448,0.077699489891529,0.0416754446923732,True,6.0,0.0778516680002212,mobilenetv2,3.7637548446655273,100.0,pytorch,44053.38671875,5.105244159698486,4.532628536224365,400.0,1.0,1.0,5.0,31.14066696166992,500.0,250129_mobilenet_onoffbench11.csv,0.0653066858649253,2025-03-20T16:10:33.547Z
0.136862501502037,7.307785034179687,offload,288.9088134765625,4000.0,70.0,0.1367599815130233,0.0690524205565452,0.0966512486338615,True,1.0,0.136862501502037,mobilenetv2,4.379916191101074,100.0,pytorch,44053.38671875,3.027331590652466,2.576975107192993,400.0,1.0,1.0,3.0,54.744998931884766,500.0,250129_mobilenet_onoffbench11.csv,0.1336253136396408,2025-03-20T16:10:33.547Z
0.1313341706991195,7.614992141723633,offload,534.3568115234375,4000.0,70.0,0.1312258094549179,0.0713502615690231,0.0905295759439468,True,6.0,0.1313341706991195,mobilenetv2,3.637676239013672,100.0,pytorch,44053.38671875,3.141371965408325,2.685653686523437,400.0,1.0,1.0,3.0,52.53366470336914,500.0,250129_mobilenet_onoffbench11.csv,0.1257175207138061,2025-03-20T16:10:33.547Z
0.1330308318138122,7.518606185913086,offload,376.6983337402344,4000.0,70.0,0.1328715234994888,0.0726935267448425,0.0918932855129242,True,3.0,0.1330308318138122,mobilenetv2,4.46151876449585,100.0,pytorch,44053.38671875,3.2155470848083496,2.6523900032043457,400.0,1.0,1.0,3.0,53.21233367919922,500.0,250129_mobilenet_onoffbench11.csv,0.1278429925441742,2025-03-20T16:10:33.547Z
0.1665924936532974,6.009974002838135,offload,306.262939453125,2000.0,100.0,0.1664916723966598,0.0256455671042203,0.1275735646486282,True,3.0,0.1665924936532974,mobilenetv2,3.69527268409729,40.0,pytorch,144509.0,7.759100914001465,6.943722724914551,400.0,1.0,1.0,10.0,66.63700103759766,500.0,250129_mobilenet_onoffbench11.csv,0.1596804112195968,2025-03-20T16:10:33.547Z
0.1331225037574768,7.512060165405273,offload,581.23046875,2000.0,100.0,0.1330357491970062,0.0272570680826902,0.0894064903259277,True,6.0,0.1331225037574768,mobilenetv2,3.88379430770874,40.0,pytorch,144509.0,9.575605392456056,8.689935684204102,400.0,1.0,1.0,10.0,53.249000549316406,500.0,250129_mobilenet_onoffbench11.csv,0.1204801872372627,2025-03-20T16:10:33.547Z
0.2956216633319855,3.384093761444092,offload,167.71981811523438,4000.0,100.0,0.2955422699451446,0.0213431417942047,0.2502658665180206,True,1.0,0.2956216633319855,mobilenetv2,4.421602249145508,40.0,pytorch,144509.0,4.624612331390381,3.911697626113892,400.0,1.0,1.0,5.0,118.24866485595705,500.0,250129_mobilenet_onoffbench11.csv,0.288912683725357,2025-03-20T16:10:33.547Z
0.2761858403682709,3.622923612594605,offload,205.1483459472656,4000.0,100.0,0.2760899066925049,0.1453824341297149,0.2227785736322403,True,3.0,0.2761858403682709,mobilenetv2,4.500370979309082,40.0,pytorch,144509.0,4.87030553817749,4.187302589416504,400.0,1.0,1.0,5.0,110.47433471679688,500.0,250129_mobilenet_onoffbench11.csv,0.2695247232913971,2025-03-20T16:10:33.547Z
0.2774691581726074,3.604233741760254,offload,307.0033264160156,4000.0,100.0,0.2774097621440887,0.186873972415924,0.2225589454174041,True,6.0,0.2774691581726074,mobilenetv2,3.82440185546875,40.0,pytorch,144509.0,4.802920818328857,4.167380332946777,400.0,1.0,1.0,5.0,110.98766326904295,500.0,250129_mobilenet_onoffbench11.csv,0.2715473771095276,2025-03-20T16:10:33.547Z
0.2591683268547058,3.8585205078125,offload,185.7728576660156,2000.0,100.0,0.2591000497341156,0.0151306502521038,0.2146556675434112,True,1.0,0.2591683268547058,mobilenetv2,3.7420690059661865,40.0,pytorch,144509.0,5.120794773101807,4.461874485015869,400.0,1.0,1.0,5.0,103.6673355102539,500.0,250129_mobilenet_onoffbench11.csv,0.2440230697393417,2025-03-20T16:10:33.547Z
0.2911424934864044,3.4365158081054688,offload,207.46920776367188,2000.0,100.0,0.2910683155059814,0.019625149667263,0.2457993924617767,True,3.0,0.2911424934864044,mobilenetv2,4.362639427185059,40.0,pytorch,144509.0,4.638582706451416,3.971823692321777,400.0,1.0,1.0,5.0,116.45700073242188,500.0,250129_mobilenet_onoffbench11.csv,0.2852412760257721,2025-03-20T16:10:33.547Z
0.2736266553401947,3.656183004379273,offload,297.8259582519531,2000.0,100.0,0.2735452651977539,0.0199806801974773,0.225204050540924,True,6.0,0.2736266553401947,mobilenetv2,4.5819597244262695,40.0,pytorch,144509.0,4.882747650146484,4.226254940032959,400.0,1.0,1.0,5.0,109.45066833496094,500.0,250129_mobilenet_onoffbench11.csv,0.2669618725776672,2025-03-20T16:10:33.547Z
0.4562583267688751,2.191746473312378,offload,110.71260833740234,4000.0,100.0,0.4561827182769775,0.0132125476375222,0.4090678691864013,True,1.0,0.4562583267688751,mobilenetv2,3.825118541717529,40.0,pytorch,144509.0,3.1224491596221924,2.5342299938201904,400.0,1.0,1.0,3.0,182.5033264160156,500.0,250129_mobilenet_onoffbench11.csv,0.4505005776882171,2025-03-20T16:10:33.547Z
0.4317583441734314,2.316115379333496,offload,144.92047119140625,4000.0,100.0,0.4316668510437011,0.0127627542242407,0.3844203352928161,True,3.0,0.4317583441734314,mobilenetv2,3.704819440841675,40.0,pytorch,144509.0,3.1868600845336914,2.6781580448150635,400.0,1.0,1.0,3.0,172.70333862304688,500.0,250129_mobilenet_onoffbench11.csv,0.4159477353096008,2025-03-20T16:10:33.547Z
0.4686949849128723,2.133702754974365,offload,211.1325836181641,4000.0,100.0,0.4686126708984375,0.0147638069465756,0.4155852794647217,True,6.0,0.4686949849128723,mobilenetv2,4.346851825714111,40.0,pytorch,144509.0,3.0529134273529053,2.4670097827911377,400.0,1.0,1.0,3.0,187.47799682617188,500.0,250129_mobilenet_onoffbench11.csv,0.4627234041690826,2025-03-20T16:10:33.547Z
0.4482091665267944,2.231198310852051,offload,133.01617431640625,2000.0,100.0,0.448138415813446,0.0141090899705886,0.4016984105110168,True,3.0,0.4482091665267944,mobilenetv2,3.779829263687134,40.0,pytorch,144509.0,3.1604695320129395,2.5797207355499268,400.0,1.0,1.0,3.0,179.28366088867188,500.0,250129_mobilenet_onoffbench11.csv,0.4430306851863861,2025-03-20T16:10:33.547Z
0.4490158259868622,2.227198362350464,offload,113.20499420166016,2000.0,100.0,0.4489423632621765,0.0123981293290853,0.4013504981994629,True,1.0,0.4490158259868622,mobilenetv2,4.446700572967529,40.0,pytorch,144509.0,3.141253471374512,2.575101137161255,400.0,1.0,1.0,3.0,179.60633850097656,500.0,250129_mobilenet_onoffbench11.csv,0.4425011575222015,2025-03-20T16:10:33.547Z
0.432675838470459,2.311217784881592,offload,221.0204620361328,2000.0,100.0,0.4326059818267822,0.0123124932870268,0.3804274797439575,True,6.0,0.432675838470459,mobilenetv2,3.674607753753662,40.0,pytorch,144509.0,3.1623306274414062,2.6723439693450928,400.0,1.0,1.0,3.0,173.07032775878906,500.0,250129_mobilenet_onoffbench11.csv,0.417433500289917,2025-03-20T16:10:33.547Z
1.4158216714859009,0.7063186168670654,offload,42.72078323364258,4000.0,100.0,1.415715217590332,0.0076071796938776,1.3614726066589355,True,1.0,1.4158216714859009,mobilenetv2,4.437595844268799,40.0,pytorch,144509.0,1.06952166557312,0.8165992498397827,400.0,1.0,1.0,1.0,566.3286743164062,500.0,250129_mobilenet_onoffbench11.csv,1.4096735715866089,2025-03-20T16:10:33.547Z
1.3653274774551392,0.7324425578117371,offload,73.80764770507812,4000.0,100.0,1.3652578592300415,0.0438815392553806,1.2997525930404663,True,6.0,1.3653274774551392,mobilenetv2,3.690559148788452,40.0,pytorch,144509.0,1.0901620388031006,0.8467792272567749,400.0,1.0,1.0,1.0,546.1309814453125,500.0,250129_mobilenet_onoffbench11.csv,1.3586108684539795,2025-03-20T16:10:33.547Z
1.3727283477783203,0.7284911274909973,offload,49.81629180908203,4000.0,100.0,1.3726519346237185,0.0229638889431953,1.3063815832138062,True,3.0,1.3727283477783203,mobilenetv2,4.8643012046813965,40.0,pytorch,144509.0,1.0914390087127686,0.8422178626060486,400.0,1.0,1.0,1.0,549.0913696289062,500.0,250129_mobilenet_onoffbench11.csv,1.3676072359085083,2025-03-20T16:10:33.547Z
1.306061625480652,0.7656667232513428,offload,42.28058624267578,2000.0,100.0,1.305976390838623,0.0088386852294206,1.254717469215393,True,1.0,1.306061625480652,mobilenetv2,3.6982460021972656,40.0,pytorch,144509.0,1.1286859512329102,0.8852165937423706,400.0,1.0,1.0,1.0,522.4246826171875,500.0,250129_mobilenet_onoffbench11.csv,1.288285255432129,2025-03-20T16:10:33.547Z
1.425963282585144,0.7013617157936096,offload,49.561767578125,2000.0,100.0,1.4258620738983154,0.0086255399510264,1.3711814880371094,True,3.0,1.425963282585144,mobilenetv2,4.631323337554932,40.0,pytorch,144509.0,1.0673811435699463,0.810788094997406,400.0,1.0,1.0,1.0,570.3853149414062,500.0,250129_mobilenet_onoffbench11.csv,1.4203979969024658,2025-03-20T16:10:33.547Z
0.0178683325648307,56.061222076416016,offload,821.7164916992188,4000.0,70.0,0.0177883170545101,0.7918734550476074,0.0005375707405619323,True,1.0,0.0178683325648307,mobilenetv2,3.7686707973480233,40.0,pytorch,44053.38671875,20.425390243530277,19.812278747558597,400.0,1.0,1.0,70.0,7.147333145141602,500.0,250129_mobilenet_onoffbench11.csv,0.0081517091020941,2025-03-20T16:10:33.547Z
1.3765175342559814,0.726477324962616,offload,79.39305114746094,2000.0,100.0,1.3764338493347168,0.0227523036301136,1.3056092262268066,True,6.0,1.3765175342559814,mobilenetv2,4.708536148071289,40.0,pytorch,144509.0,1.09110689163208,0.8399038314819336,400.0,1.0,1.0,1.0,550.6069946289062,500.0,250129_mobilenet_onoffbench11.csv,1.3695255517959597,2025-03-20T16:10:33.547Z
0.0291233342140913,36.40510177612305,offload,905.6682739257812,4000.0,70.0,0.0289897173643112,0.3080265820026397,0.0092376070097088,True,3.0,0.0291233342140913,mobilenetv2,3.963234663009644,40.0,pytorch,44053.38671875,7.726202487945557,12.15696907043457,400.0,1.0,1.0,70.0,11.649333000183104,500.0,250129_mobilenet_onoffbench11.csv,0.015950258821249,2025-03-20T16:10:33.547Z
0.0270241666585207,40.39967346191406,offload,1818.738525390625,4000.0,70.0,0.0269309673458337,0.8016303181648254,0.0048122927546501,True,6.0,0.0270241666585207,mobilenetv2,4.627062797546387,40.0,pytorch,44053.38671875,15.14638614654541,13.08631420135498,400.0,1.0,1.0,70.0,10.809666633605955,500.0,250129_mobilenet_onoffbench11.csv,0.0188681259751319,2025-03-20T16:10:33.547Z
0.0231741666793823,43.475135803222656,offload,588.168212890625,2000.0,70.0,0.0230181198567152,0.6516488194465637,0.0030887036118656,True,1.0,0.0231741666793823,mobilenetv2,4.454267978668213,40.0,pytorch,44053.38671875,16.110815048217773,15.3108549118042,400.0,1.0,1.0,70.0,9.26966667175293,500.0,250129_mobilenet_onoffbench11.csv,0.0122618656605482,2025-03-20T16:10:33.547Z
0.0186500009149312,53.7162971496582,offload,973.247314453125,2000.0,70.0,0.0185216125100851,0.8681496977806091,0.0007563153631053865,True,3.0,0.0186500009149312,mobilenetv2,3.673995971679688,40.0,pytorch,44053.38671875,15.473763465881348,19.02788352966309,400.0,1.0,1.0,70.0,7.460000038146973,500.0,250129_mobilenet_onoffbench11.csv,0.0091978814452886,2025-03-20T16:10:33.547Z
0.0282358340919017,37.8332633972168,offload,780.94921875,4000.0,70.0,0.0281172413378953,0.4540887176990509,0.0075533632189035,True,1.0,0.0282358340919017,mobilenetv2,4.296047687530518,40.0,pytorch,44053.38671875,14.183945655822754,12.534198760986328,400.0,1.0,1.0,30.0,11.294333457946776,500.0,250129_mobilenet_onoffbench11.csv,0.021648209542036,2025-03-20T16:10:33.547Z
0.0339191667735576,30.23866081237793,offload,1563.712890625,2000.0,70.0,0.0338382236659526,0.7100833058357239,0.0053258617408573,True,6.0,0.0339191667735576,mobilenetv2,3.6085028648376474,40.0,pytorch,44053.38671875,11.31071662902832,10.415058135986328,400.0,1.0,1.0,70.0,13.567666053771973,500.0,250129_mobilenet_onoffbench11.csv,0.0177982375025749,2025-03-20T16:10:33.547Z
0.0196983329951763,50.845848083496094,offload,1865.509765625,4000.0,70.0,0.0195912811905145,0.5948418378829956,0.0003460138977970928,True,6.0,0.0196983329951763,mobilenetv2,3.680833578109741,40.0,pytorch,44053.38671875,15.914111137390137,17.988975524902344,400.0,1.0,1.0,30.0,7.879333019256592,500.0,250129_mobilenet_onoffbench11.csv,0.0106354989111423,2025-03-20T16:10:33.547Z
0.0242891665548086,41.58154296875,offload,915.006103515625,4000.0,70.0,0.0241888277232646,0.3823850750923157,0.0045708175748586,True,3.0,0.0242891665548086,mobilenetv2,4.234183311462402,40.0,pytorch,44053.38671875,15.315802574157717,14.569828987121582,400.0,1.0,1.0,30.0,9.71566677093506,500.0,250129_mobilenet_onoffbench11.csv,0.0166355762630701,2025-03-20T16:10:33.547Z
0.0256775002926588,39.57536697387695,offload,673.10302734375,2000.0,70.0,0.0255172811448574,0.5311273336410522,0.0052876891568303,True,1.0,0.0256775002926588,mobilenetv2,3.6615052223205566,40.0,pytorch,44053.38671875,7.489409446716309,13.81131076812744,400.0,1.0,1.0,30.0,10.270999908447266,500.0,250129_mobilenet_onoffbench11.csv,0.0130047164857387,2025-03-20T16:10:33.547Z
0.0355966687202453,32.36587142944336,offload,880.9785766601562,2000.0,70.0,0.0354950428009033,0.431260347366333,0.0134519943967461,True,3.0,0.0355966687202453,mobilenetv2,4.38613224029541,40.0,pytorch,44053.38671875,12.28596019744873,9.928910255432127,400.0,1.0,1.0,30.0,14.238666534423828,500.0,250129_mobilenet_onoffbench11.csv,0.0282858721911907,2025-03-20T16:10:33.547Z
0.0284275002777576,35.93318176269531,offload,1689.08642578125,2000.0,70.0,0.0283315926790237,0.9383159875869752,0.0012849625200033,True,6.0,0.0284275002777576,mobilenetv2,4.146845817565918,40.0,pytorch,44053.38671875,13.477635383605955,12.439367294311523,400.0,1.0,1.0,30.0,11.371000289916992,500.0,250129_mobilenet_onoffbench11.csv,0.0190974660217762,2025-03-20T16:10:33.547Z
0.0350424982607364,30.766206741333008,offload,627.1885375976562,4000.0,70.0,0.0349368043243885,0.140959694981575,0.0133206127211451,True,1.0,0.0350424982607364,mobilenetv2,3.821061134338379,40.0,pytorch,44053.38671875,11.53794002532959,10.087559700012209,400.0,1.0,1.0,15.0,14.01699924468994,500.0,250129_mobilenet_onoffbench11.csv,0.0287913661450147,2025-03-20T16:10:33.547Z
0.031004998832941,32.37786865234375,offload,963.1033935546876,4000.0,70.0,0.0307050570845603,0.0773307755589485,0.009089708328247,True,3.0,0.031004998832941,mobilenetv2,3.6860239505767822,40.0,pytorch,44053.38671875,11.174922943115234,11.477819442749023,400.0,1.0,1.0,15.0,12.401999473571776,500.0,250129_mobilenet_onoffbench11.csv,0.0198342315852642,2025-03-20T16:10:33.547Z
0.0369858331978321,28.26442527770996,offload,1201.678466796875,4000.0,70.0,0.0368771366775035,0.1596269011497497,0.0135138230398297,True,6.0,0.0369858331978321,mobilenetv2,4.243378639221191,40.0,pytorch,44053.38671875,10.830437660217283,9.556791305541992,400.0,1.0,1.0,15.0,14.794333457946776,500.0,250129_mobilenet_onoffbench11.csv,0.0322714783251285,2025-03-20T16:10:33.547Z
0.0291441679000854,34.40966796875,offload,844.0997314453125,2000.0,70.0,0.0290093962103128,0.1436806172132492,0.0083363866433501,True,3.0,0.0291441679000854,mobilenetv2,3.5823214054107666,40.0,pytorch,44053.38671875,11.207090377807615,12.148721694946287,400.0,1.0,1.0,15.0,11.65766716003418,500.0,250129_mobilenet_onoffbench11.csv,0.0240061450749635,2025-03-20T16:10:33.547Z
0.0302625000476837,33.259735107421875,offload,765.0209350585938,2000.0,70.0,0.0301459748297929,0.1622736454010009,0.0075446777045726,True,1.0,0.0302625000476837,mobilenetv2,4.320298194885254,40.0,pytorch,44053.38671875,12.958488464355469,11.690685272216797,400.0,1.0,1.0,15.0,12.104999542236328,500.0,250129_mobilenet_onoffbench11.csv,0.0233657583594322,2025-03-20T16:10:33.547Z
0.0326016657054424,30.71335220336914,offload,1574.396728515625,2000.0,70.0,0.0324659124016761,0.3312283456325531,0.0040019210427999,True,6.0,0.0326016657054424,mobilenetv2,3.5959014892578125,40.0,pytorch,44053.38671875,10.990888595581056,10.85529613494873,400.0,1.0,1.0,15.0,13.040666580200195,500.0,250129_mobilenet_onoffbench11.csv,0.019853051751852,2025-03-20T16:10:33.547Z
0.051275834441185,19.965267181396484,offload,519.3759155273438,4000.0,70.0,0.0511945337057113,0.1266626268625259,0.0241973660886287,True,1.0,0.051275834441185,mobilenetv2,4.268823623657227,40.0,pytorch,44053.38671875,7.81112813949585,6.8840765953063965,400.0,1.0,1.0,10.0,20.510334014892575,500.0,250129_mobilenet_onoffbench11.csv,0.0451523065567016,2025-03-20T16:10:33.547Z
0.0409991666674613,24.435190200805664,offload,1144.57470703125,4000.0,70.0,0.0409006997942924,0.1719371080398559,0.0157031491398811,True,6.0,0.0409991666674613,mobilenetv2,3.8752713203430176,40.0,pytorch,44053.38671875,8.608938217163086,8.61665153503418,400.0,1.0,1.0,10.0,16.39966583251953,500.0,250129_mobilenet_onoffbench11.csv,0.0348511300981044,2025-03-20T16:10:33.547Z
0.042733334004879,23.43414688110352,offload,809.914794921875,4000.0,70.0,0.0426288098096847,0.146594613790512,0.0172155071049928,True,3.0,0.042733334004879,mobilenetv2,4.291066646575928,40.0,pytorch,44053.38671875,8.510505676269531,8.267345428466797,400.0,1.0,1.0,10.0,17.093334197998047,500.0,250129_mobilenet_onoffbench11.csv,0.0367249101400375,2025-03-20T16:10:33.547Z
0.0397091656923294,25.18557357788086,offload,612.1021118164062,2000.0,70.0,0.0394202955067157,0.0876169055700302,0.0163562707602977,True,1.0,0.0397091656923294,mobilenetv2,3.6929006576538086,40.0,pytorch,44053.38671875,8.618961334228516,8.940244674682617,400.0,1.0,1.0,10.0,15.883666038513184,500.0,250129_mobilenet_onoffbench11.csv,0.0285774059593677,2025-03-20T16:10:33.547Z
0.0487841665744781,21.106277465820312,offload,711.7290649414062,2000.0,70.0,0.0486675687134265,0.1470092833042144,0.0246539060026407,True,3.0,0.0487841665744781,mobilenetv2,4.208132743835449,40.0,pytorch,44053.38671875,8.14504623413086,7.241518497467041,400.0,1.0,1.0,10.0,19.5136661529541,500.0,250129_mobilenet_onoffbench11.csv,0.0440460033714771,2025-03-20T16:10:33.547Z
0.0411324985325336,24.324342727661133,offload,1288.27197265625,2000.0,70.0,0.0410101786255836,0.1980981677770614,0.0118076130747795,True,6.0,0.0411324985325336,mobilenetv2,4.508072376251221,40.0,pytorch,44053.38671875,9.216896057128906,8.593649864196777,400.0,1.0,1.0,10.0,16.452999114990234,500.0,250129_mobilenet_onoffbench11.csv,0.0339185483753681,2025-03-20T16:10:33.547Z
0.0832000002264976,12.05172348022461,offload,348.62847900390625,4000.0,70.0,0.0831239074468612,0.0664192512631416,0.0542427822947502,True,1.0,0.0832000002264976,mobilenetv2,3.8338661193847656,40.0,pytorch,44053.38671875,4.516420841217041,4.239779949188232,400.0,1.0,1.0,5.0,33.279998779296875,500.0,250129_mobilenet_onoffbench11.csv,0.0768127813935279,2025-03-20T16:10:33.547Z
0.0767841637134552,13.023804664611816,offload,487.6996765136719,4000.0,70.0,0.0767001658678054,0.0676924958825111,0.0475511848926544,True,3.0,0.0767841637134552,mobilenetv2,3.6465518474578857,40.0,pytorch,44053.38671875,5.176162242889404,4.594867706298828,400.0,1.0,1.0,5.0,30.713666915893555,500.0,250129_mobilenet_onoffbench11.csv,0.064570128917694,2025-03-20T16:10:33.547Z
0.0836808308959007,11.95340347290039,offload,740.5944213867188,4000.0,70.0,0.0833735689520835,0.1119124293327331,0.0519432500004768,True,6.0,0.0836808308959007,mobilenetv2,4.318868637084961,40.0,pytorch,44053.38671875,4.762519836425781,4.227084159851074,400.0,1.0,1.0,5.0,33.47233200073242,500.0,250129_mobilenet_onoffbench11.csv,0.0802246332168579,2025-03-20T16:10:33.547Z
0.0787266641855239,12.709634780883787,offload,484.3981628417969,2000.0,70.0,0.07862439006567,0.0760144814848899,0.0498090051114559,True,3.0,0.0787266641855239,mobilenetv2,3.854393243789673,40.0,pytorch,44053.38671875,5.123708724975586,4.482414245605469,400.0,1.0,1.0,5.0,31.49066734313965,500.0,250129_mobilenet_onoffbench11.csv,0.0728866383433342,2025-03-20T16:10:33.547Z
0.0793341696262359,12.605518341064451,offload,382.2173767089844,2000.0,70.0,0.0792141333222389,0.0788649469614029,0.049052357673645,True,1.0,0.0793341696262359,mobilenetv2,4.73793888092041,40.0,pytorch,44053.38671875,4.976066112518311,4.449043273925781,400.0,1.0,1.0,5.0,31.733667373657227,500.0,250129_mobilenet_onoffbench11.csv,0.0747745186090469,2025-03-20T16:10:33.547Z
0.0780483335256576,12.816131591796877,offload,722.73876953125,2000.0,70.0,0.0779511630535125,0.0571235604584217,0.0472224168479442,True,6.0,0.0780483335256576,mobilenetv2,3.757309675216675,40.0,pytorch,44053.38671875,5.097609043121338,4.521126747131348,400.0,1.0,1.0,5.0,31.21933364868164,500.0,250129_mobilenet_onoffbench11.csv,0.067394882440567,2025-03-20T16:10:33.547Z
0.1384066641330719,7.22598123550415,offload,260.45269775390625,4000.0,70.0,0.1383288949728012,0.0569510571658611,0.1021099761128425,True,1.0,0.1384066641330719,mobilenetv2,4.30827522277832,40.0,pytorch,44053.38671875,3.146135807037353,2.5477473735809326,400.0,1.0,1.0,3.0,55.36266708374024,500.0,250129_mobilenet_onoffbench11.csv,0.1323021650314331,2025-03-20T16:10:33.547Z
0.1340708285570144,7.461820125579834,offload,492.76763916015625,4000.0,70.0,0.1339817643165588,0.067083291709423,0.0975645184516906,True,6.0,0.1340708285570144,mobilenetv2,3.614426374435425,40.0,pytorch,44053.38671875,3.117993116378784,2.63041090965271,400.0,1.0,1.0,3.0,53.62833404541016,500.0,250129_mobilenet_onoffbench11.csv,0.1298417001962661,2025-03-20T16:10:33.547Z
0.134376659989357,7.441930294036865,offload,353.0595397949219,4000.0,70.0,0.1342992484569549,0.0502268522977829,0.0968887209892273,True,3.0,0.134376659989357,mobilenetv2,4.632439136505127,40.0,pytorch,44053.38671875,3.2242326736450195,2.624192714691162,400.0,1.0,1.0,3.0,53.75066757202149,500.0,250129_mobilenet_onoffbench11.csv,0.1299997866153717,2025-03-20T16:10:33.547Z
0.1292291730642318,7.7387471199035645,offload,262.6576538085937,2000.0,70.0,0.1291252970695495,0.0491383634507656,0.0950945541262626,True,1.0,0.1292291730642318,mobilenetv2,3.710116386413574,40.0,pytorch,44053.38671875,3.176797866821289,2.729341983795166,400.0,1.0,1.0,3.0,51.69166564941406,500.0,250129_mobilenet_onoffbench11.csv,0.1176873594522476,2025-03-20T16:10:33.547Z
0.1388083398342132,7.2047553062438965,offload,348.96734619140625,2000.0,70.0,0.13873091340065,0.0582426711916923,0.1010952368378639,True,3.0,0.1388083398342132,mobilenetv2,4.277896881103516,40.0,pytorch,44053.38671875,3.2154932022094727,2.5403645038604736,400.0,1.0,1.0,3.0,55.52333450317383,500.0,250129_mobilenet_onoffbench11.csv,0.1331165730953216,2025-03-20T16:10:33.547Z
0.135182499885559,7.39763069152832,offload,526.0108642578125,2000.0,70.0,0.1349947452545166,0.0745375454425811,0.0938923507928848,True,6.0,0.135182499885559,mobilenetv2,4.419922828674316,40.0,pytorch,44053.38671875,3.151893615722656,2.61067271232605,400.0,1.0,1.0,3.0,54.072998046875,500.0,250129_mobilenet_onoffbench11.csv,0.1295327693223953,2025-03-20T16:10:33.547Z
0.405558317899704,2.46574068069458,offload,102.60208892822266,4000.0,70.0,0.4054797887802124,0.0381043665111064,0.3632336854934692,True,1.0,0.405558317899704,mobilenetv2,3.924715757369995,40.0,pytorch,44053.38671875,1.117303490638733,0.8691607117652893,400.0,1.0,1.0,1.0,162.22332763671875,500.0,250129_mobilenet_onoffbench11.csv,0.3995547890663147,2025-03-20T16:10:33.547Z
0.390550822019577,2.5605411529541016,offload,132.5841522216797,4000.0,70.0,0.390450119972229,0.0364599488675594,0.3491343259811401,True,3.0,0.390550822019577,mobilenetv2,3.7400856018066406,40.0,pytorch,44053.38671875,1.1487573385238647,0.9026174545288086,400.0,1.0,1.0,1.0,156.2203369140625,500.0,250129_mobilenet_onoffbench11.csv,0.3782069385051727,2025-03-20T16:10:33.547Z
0.4236150085926056,2.361563444137573,offload,211.6905975341797,4000.0,70.0,0.4235430955886841,0.043374553322792,0.3763082921504974,True,6.0,0.4236150085926056,mobilenetv2,4.549508094787598,40.0,pytorch,44053.38671875,1.0914894342422483,0.8320926427841187,400.0,1.0,1.0,1.0,169.4459991455078,500.0,250129_mobilenet_onoffbench11.csv,0.4191940128803253,2025-03-20T16:10:33.547Z
0.4083391427993774,2.449005365371704,offload,103.13553619384766,2000.0,70.0,0.4082392454147339,0.0257571879774332,0.3661876320838928,True,1.0,0.4083391427993774,mobilenetv2,4.550057411193848,40.0,pytorch,44053.38671875,1.1185346841812134,0.8632856607437134,400.0,1.0,1.0,1.0,163.33566284179688,500.0,250129_mobilenet_onoffbench11.csv,0.4044865071773529,2025-03-20T16:10:33.547Z
0.4080758392810821,2.45112681388855,offload,127.58843994140624,2000.0,70.0,0.4079937636852264,0.0240101460367441,0.3669705390930176,True,3.0,0.4080758392810821,mobilenetv2,3.76411771774292,40.0,pytorch,44053.38671875,1.1143852472305298,0.8638051152229309,400.0,1.0,1.0,1.0,163.23033142089844,500.0,250129_mobilenet_onoffbench11.csv,0.4047436714172363,2025-03-20T16:10:33.547Z
0.0212108343839645,47.45790481567383,offload,764.3802490234375,4000.0,40.0,0.0209078472107648,0.815284252166748,0.0017563215224072,True,1.0,0.0212108343839645,mobilenetv2,4.408886432647705,40.0,pytorch,27287.087890625,11.267358779907228,10.440898895263672,400.0,1.0,1.0,70.0,8.484333038330078,500.0,250129_mobilenet_onoffbench11.csv,0.0110610974952578,2025-03-20T16:10:33.547Z
0.3893166482448578,2.5686373710632324,offload,216.5217437744141,2000.0,70.0,0.3892268240451813,0.0431716479361057,0.3443970382213592,True,6.0,0.3893166482448578,mobilenetv2,3.7172367572784415,40.0,pytorch,44053.38671875,1.153275966644287,0.9054542779922484,400.0,1.0,1.0,1.0,155.72666931152344,500.0,250129_mobilenet_onoffbench11.csv,0.3748621642589569,2025-03-20T16:10:33.547Z
0.0419375002384185,23.852388381958008,offload,938.6910400390624,4000.0,100.0,0.0418466366827487,0.0565241277217865,0.0145728671923279,True,3.0,0.0419375002384185,mobilenetv2,3.697200298309326,70.0,pytorch,144509.0,28.69439697265625,27.62640190124512,400.0,1.0,1.0,70.0,16.774999618530273,500.0,250129_mobilenet_onoffbench11.csv,0.0306670200079679,2025-03-20T16:10:33.547Z
0.0675558298826217,14.89535427093506,offload,859.9273681640625,4000.0,100.0,0.0674392729997634,0.1010540872812271,0.0353979840874671,True,6.0,0.0675558298826217,mobilenetv2,4.380825996398926,70.0,pytorch,144509.0,18.159423828125,17.14241600036621,400.0,1.0,1.0,70.0,27.0223331451416,500.0,250129_mobilenet_onoffbench11.csv,0.0602904446423053,2025-03-20T16:10:33.547Z
0.0660458356142044,16.383289337158203,offload,602.091796875,2000.0,100.0,0.0659654811024665,0.0606090053915977,0.0376587621867656,True,3.0,0.0660458356142044,mobilenetv2,3.841594219207764,70.0,pytorch,144509.0,19.41946029663086,17.525407791137695,400.0,1.0,1.0,70.0,26.418333053588867,500.0,250129_mobilenet_onoffbench11.csv,0.0610953792929649,2025-03-20T16:10:33.547Z
0.0680233314633369,16.795021057128906,offload,517.1570434570312,2000.0,100.0,0.0679299607872963,0.0549587868154048,0.0373694151639938,True,1.0,0.0680233314633369,mobilenetv2,4.445681095123291,70.0,pytorch,144509.0,19.822021484375,17.018587112426758,400.0,1.0,1.0,70.0,27.209333419799805,500.0,250129_mobilenet_onoffbench11.csv,0.0631691813468933,2025-03-20T16:10:33.547Z
0.0569616667926311,18.166484832763672,offload,990.4920654296876,2000.0,100.0,0.0568428412079811,0.0765022933483123,0.0244422871619462,True,6.0,0.0569616667926311,mobilenetv2,3.8147034645080566,70.0,pytorch,144509.0,21.763341903686523,20.338041305541992,400.0,1.0,1.0,70.0,22.784666061401367,500.0,250129_mobilenet_onoffbench11.csv,0.0449014194309711,2025-03-20T16:10:33.547Z
0.0883691683411598,12.026490211486816,offload,417.6067199707031,4000.0,100.0,0.088284894824028,0.0514339990913867,0.0555395856499671,True,1.0,0.0883691683411598,mobilenetv2,4.3679022789001465,70.0,pytorch,144509.0,14.558818817138672,13.094788551330566,400.0,1.0,1.0,30.0,35.3476676940918,500.0,250129_mobilenet_onoffbench11.csv,0.0815581381320953,2025-03-20T16:10:33.547Z
0.06116833537817,17.104894638061523,offload,918.4774780273438,4000.0,100.0,0.0611016117036342,0.0818153768777847,0.0302756074815988,True,6.0,0.06116833537817,mobilenetv2,3.765139102935791,70.0,pytorch,144509.0,20.41722679138184,18.920482635498047,400.0,1.0,1.0,30.0,24.46733283996582,500.0,250129_mobilenet_onoffbench11.csv,0.0537915863096714,2025-03-20T16:10:33.547Z
0.0829000025987625,13.538541793823242,offload,587.7882690429688,4000.0,100.0,0.0828133001923561,0.0493239164352417,0.0494581423699855,True,3.0,0.0829000025987625,mobilenetv2,4.260976314544678,70.0,pytorch,144509.0,16.399784088134766,13.959980010986328,400.0,1.0,1.0,30.0,33.15999984741211,500.0,250129_mobilenet_onoffbench11.csv,0.0766797959804534,2025-03-20T16:10:33.547Z
0.0632408335804939,16.000415802001953,offload,527.191650390625,2000.0,100.0,0.0631268769502639,0.0419011935591697,0.0315948687493801,True,1.0,0.0632408335804939,mobilenetv2,3.7426114082336426,70.0,pytorch,144509.0,19.238746643066406,18.31346893310547,400.0,1.0,1.0,30.0,25.29633331298828,500.0,250129_mobilenet_onoffbench11.csv,0.0509255304932594,2025-03-20T16:10:33.547Z
0.0972058326005935,11.612095832824709,offload,509.54541015625,2000.0,100.0,0.0970902368426323,0.0793110504746437,0.0552635714411735,True,3.0,0.0972058326005935,mobilenetv2,4.252866744995117,70.0,pytorch,144509.0,14.572575569152832,11.907191276550291,400.0,1.0,1.0,30.0,38.88233184814453,500.0,250129_mobilenet_onoffbench11.csv,0.0812805294990539,2025-03-20T16:10:33.547Z
0.0745358318090438,13.825907707214355,offload,786.5224609375,2000.0,100.0,0.0744332522153854,0.0905904546380043,0.0372850522398948,True,6.0,0.0745358318090438,mobilenetv2,4.468054294586182,70.0,pytorch,144509.0,16.73471450805664,15.531660079956056,400.0,1.0,1.0,30.0,29.814332962036133,500.0,250129_mobilenet_onoffbench11.csv,0.0673614218831062,2025-03-20T16:10:33.547Z
0.1102916672825813,9.176578521728516,offload,353.17095947265625,4000.0,100.0,0.1101853102445602,0.0664235949516296,0.0725985616445541,True,1.0,0.1102916672825813,mobilenetv2,3.766067743301392,70.0,pytorch,144509.0,11.712129592895508,10.492070198059082,400.0,1.0,1.0,15.0,44.11666488647461,500.0,250129_mobilenet_onoffbench11.csv,0.1033240929245948,2025-03-20T16:10:33.547Z
0.0903099998831749,11.087909698486328,offload,529.51318359375,4000.0,100.0,0.0900876298546791,0.0303786881268024,0.0542514733970165,True,3.0,0.0903099998831749,mobilenetv2,3.8316707611083984,70.0,pytorch,144509.0,13.347111701965332,12.832749366760254,400.0,1.0,1.0,15.0,36.124000549316406,500.0,250129_mobilenet_onoffbench11.csv,0.0775951966643333,2025-03-20T16:10:33.547Z
0.1347000002861023,7.4948410987854,offload,539.1563720703125,4000.0,100.0,0.1345919221639633,0.0446570999920368,0.0944962352514267,True,6.0,0.1347000002861023,mobilenetv2,4.332357406616211,70.0,pytorch,144509.0,8.92754077911377,8.589460372924805,400.0,1.0,1.0,15.0,53.880001068115234,500.0,250129_mobilenet_onoffbench11.csv,0.1278403252363205,2025-03-20T16:10:33.547Z
0.1094458326697349,9.160902976989746,offload,387.340576171875,2000.0,100.0,0.1093719080090522,0.0254931114614009,0.0701573267579078,True,1.0,0.1094458326697349,mobilenetv2,4.3306427001953125,70.0,pytorch,144509.0,11.724896430969238,10.57009983062744,400.0,1.0,1.0,15.0,43.7783317565918,500.0,250129_mobilenet_onoffbench11.csv,0.1037384495139122,2025-03-20T16:10:33.547Z
0.1138391643762588,8.812493324279785,offload,418.721435546875,2000.0,100.0,0.1137710362672805,0.0335406772792339,0.0760801583528518,True,3.0,0.1138391643762588,mobilenetv2,3.789310932159424,70.0,pytorch,144509.0,11.1288480758667,10.161391258239746,400.0,1.0,1.0,15.0,45.5356674194336,500.0,250129_mobilenet_onoffbench11.csv,0.1096250638365745,2025-03-20T16:10:33.547Z
0.090379998087883,11.068394660949709,offload,756.569580078125,2000.0,100.0,0.0902672335505485,0.0333919450640678,0.0499378256499767,True,6.0,0.090379998087883,mobilenetv2,3.781453847885132,70.0,pytorch,144509.0,13.918183326721191,12.80721664428711,400.0,1.0,1.0,15.0,36.152000427246094,500.0,250129_mobilenet_onoffbench11.csv,0.0762329995632171,2025-03-20T16:10:33.547Z
0.1724825054407119,5.886493682861328,offload,261.45428466796875,4000.0,100.0,0.1724102348089218,0.0297170560806989,0.131374791264534,True,1.0,0.1724825054407119,mobilenetv2,4.296979427337647,70.0,pytorch,144509.0,7.710906982421875,6.705356121063232,400.0,1.0,1.0,10.0,68.99300384521484,500.0,250129_mobilenet_onoffbench11.csv,0.1666615605354309,2025-03-20T16:10:33.547Z
0.1560216695070266,6.433347702026367,offload,500.8572998046875,4000.0,100.0,0.1559318006038665,0.0289447475224733,0.1127265393733978,True,6.0,0.1560216695070266,mobilenetv2,3.7474052906036377,70.0,pytorch,144509.0,8.197151184082031,7.41395902633667,400.0,1.0,1.0,10.0,62.40866470336914,500.0,250129_mobilenet_onoffbench11.csv,0.1493180990219116,2025-03-20T16:10:33.547Z
0.1665199995040893,6.040167808532715,offload,342.5131530761719,4000.0,100.0,0.1664483994245529,0.0362765043973922,0.1144632846117019,True,3.0,0.1665199995040893,mobilenetv2,4.822871685028076,70.0,pytorch,144509.0,7.812131881713867,6.945528030395508,400.0,1.0,1.0,10.0,66.60800170898438,500.0,250129_mobilenet_onoffbench11.csv,0.1527971923351287,2025-03-20T16:10:33.547Z
0.1322816610336303,7.563426971435547,offload,334.3545227050781,2000.0,100.0,0.1322087794542312,0.0284680947661399,0.0905741304159164,True,1.0,0.1322816610336303,mobilenetv2,3.6924850940704346,70.0,pytorch,144509.0,9.719586372375488,8.744290351867676,400.0,1.0,1.0,10.0,52.91266632080078,500.0,250129_mobilenet_onoffbench11.csv,0.1192102208733558,2025-03-20T16:10:33.547Z
0.1702666729688644,5.879531383514404,offload,322.440185546875,2000.0,100.0,0.1701812297105789,0.0308838691562414,0.1283177435398101,True,3.0,0.1702666729688644,mobilenetv2,4.431495666503906,70.0,pytorch,144509.0,7.696610450744629,6.793181896209717,400.0,1.0,1.0,10.0,68.1066665649414,500.0,250129_mobilenet_onoffbench11.csv,0.1641668826341629,2025-03-20T16:10:33.547Z
0.1672224998474121,5.992442607879639,offload,456.48773193359375,2000.0,100.0,0.1671368777751922,0.0341404415667057,0.1224861815571785,True,6.0,0.1672224998474121,mobilenetv2,4.613410949707031,70.0,pytorch,144509.0,7.685168743133545,6.916917324066162,400.0,1.0,1.0,10.0,66.88899993896484,500.0,250129_mobilenet_onoffbench11.csv,0.1622198820114135,2025-03-20T16:10:33.547Z
0.1284441649913787,7.785493850708008,offload,294.169189453125,2000.0,70.0,0.1283509582281112,0.0643588453531265,0.0901633948087692,True,1.0,0.1284441649913787,mobilenetv2,3.685630798339844,100.0,pytorch,44053.38671875,3.246614694595337,2.745807886123657,400.0,1.0,1.0,3.0,51.37766647338867,500.0,250129_mobilenet_onoffbench11.csv,0.1155461370944976,2025-03-20T16:10:33.547Z
0.1384916603565216,7.223743915557861,offload,353.9186706542969,2000.0,70.0,0.1384135484695434,0.0609627701342105,0.0978020206093788,True,3.0,0.1384916603565216,mobilenetv2,4.337603092193604,100.0,pytorch,44053.38671875,3.1528737545013428,2.546189308166504,400.0,1.0,1.0,3.0,55.39666748046875,500.0,250129_mobilenet_onoffbench11.csv,0.1341001391410827,2025-03-20T16:10:33.547Z
0.1350741684436798,7.4042768478393555,offload,585.242431640625,2000.0,70.0,0.1349503844976425,0.0878922641277313,0.0889639258384704,True,6.0,0.1350741684436798,mobilenetv2,4.524726867675781,100.0,pytorch,44053.38671875,3.186267614364624,2.6115307807922363,400.0,1.0,1.0,3.0,54.029666900634766,500.0,250129_mobilenet_onoffbench11.csv,0.1307985037565231,2025-03-20T16:10:33.547Z
0.409635841846466,2.441352367401123,offload,113.11981964111328,4000.0,70.0,0.4095587134361267,0.0291236098855733,0.3641115128993988,True,1.0,0.409635841846466,mobilenetv2,3.696555852890015,100.0,pytorch,44053.38671875,1.111707091331482,0.8605044484138489,400.0,1.0,1.0,1.0,163.85433959960938,500.0,250129_mobilenet_onoffbench11.csv,0.4042900502681732,2025-03-20T16:10:33.547Z
0.3894025087356567,2.5680816173553467,offload,146.98619079589844,4000.0,70.0,0.3893297910690307,0.0403702333569526,0.3428106009960174,True,3.0,0.3894025087356567,mobilenetv2,3.7011702060699454,100.0,pytorch,44053.38671875,1.140555739402771,0.905214786529541,400.0,1.0,1.0,1.0,155.76100158691406,500.0,250129_mobilenet_onoffbench11.csv,0.3747270107269287,2025-03-20T16:10:33.547Z
0.4266124963760376,2.3440909385681152,offload,206.2460784912109,4000.0,70.0,0.4265404045581817,0.0524826385080814,0.3755997717380523,True,6.0,0.4266124963760376,mobilenetv2,4.3847198486328125,100.0,pytorch,44053.38671875,1.0839124917984009,0.8262454867362976,400.0,1.0,1.0,1.0,170.64500427246094,500.0,250129_mobilenet_onoffbench11.csv,0.4221919178962707,2025-03-20T16:10:33.547Z
0.4094208478927612,2.4424846172332764,offload,114.5737762451172,2000.0,70.0,0.4093488156795501,0.0407545790076255,0.3629004657268524,True,1.0,0.4094208478927612,mobilenetv2,4.733309268951416,100.0,pytorch,44053.38671875,1.1171525716781616,0.8609457015991211,400.0,1.0,1.0,1.0,163.76834106445312,500.0,250129_mobilenet_onoffbench11.csv,0.4046337902545929,2025-03-20T16:10:33.547Z
0.4090816676616668,2.4447739124298096,offload,135.56358337402344,2000.0,70.0,0.4090052247047424,0.0436458699405193,0.3641084730625152,True,3.0,0.4090816676616668,mobilenetv2,3.9939403533935542,100.0,pytorch,44053.38671875,1.1026211977005005,0.8616688847541809,400.0,1.0,1.0,1.0,163.63265991210938,500.0,250129_mobilenet_onoffbench11.csv,0.4038196206092834,2025-03-20T16:10:33.547Z
0.0201733335852623,49.70288848876953,offload,930.1298828125,4000.0,40.0,0.0200429055839777,1.0773762464523315,0.00018405794980935752,True,1.0,0.0201733335852623,mobilenetv2,4.490599632263184,100.0,pytorch,27287.087890625,11.416422843933104,10.891469955444336,400.0,1.0,1.0,70.0,8.06933307647705,500.0,250129_mobilenet_onoffbench11.csv,0.0069099091924726,2025-03-20T16:10:33.547Z
0.3868916630744934,2.584705352783203,offload,211.40133666992188,2000.0,70.0,0.386817991733551,0.1740454733371734,0.3266137540340423,True,6.0,0.3868916630744934,mobilenetv2,3.756108283996582,100.0,pytorch,44053.38671875,1.1572834253311155,0.9110928177833556,400.0,1.0,1.0,1.0,154.7566680908203,500.0,250129_mobilenet_onoffbench11.csv,0.3723774254322052,2025-03-20T16:10:33.547Z
0.0213691666722297,46.85269165039063,offload,1506.3553466796875,4000.0,40.0,0.0212746690958738,1.749798059463501,7.397850276902318e-05,True,6.0,0.0213691666722297,mobilenetv2,3.751320600509644,100.0,pytorch,27287.087890625,10.77318286895752,10.260873794555664,400.0,1.0,1.0,70.0,8.547666549682617,500.0,250129_mobilenet_onoffbench11.csv,0.0057495906949043,2025-03-20T16:10:33.547Z
0.0223541669547557,45.09056854248047,offload,1326.610107421875,4000.0,40.0,0.0221968367695808,1.656721830368042,9.456276893615724e-05,True,3.0,0.0223541669547557,mobilenetv2,4.581069469451904,100.0,pytorch,27287.087890625,10.361692428588867,9.834586143493652,400.0,1.0,1.0,70.0,8.941666603088379,500.0,250129_mobilenet_onoffbench11.csv,0.0067686010152101,2025-03-20T16:10:33.547Z
0.0307925008237361,32.93154525756836,offload,1002.9962158203124,2000.0,40.0,0.0304859429597854,0.9900261163711548,0.0067377127707004,True,3.0,0.0307925008237361,mobilenetv2,4.319036483764648,100.0,pytorch,27287.087890625,7.84088659286499,7.160569190979004,400.0,1.0,1.0,70.0,12.31700038909912,500.0,250129_mobilenet_onoffbench11.csv,0.0176661014556884,2025-03-20T16:10:33.547Z
0.0286525003612041,35.00685501098633,offload,705.0982055664062,2000.0,40.0,0.0284836497157812,1.0524544715881348,0.0046931933611631,True,1.0,0.0286525003612041,mobilenetv2,3.7356014251708975,100.0,pytorch,27287.087890625,8.065635681152344,7.663930416107178,400.0,1.0,1.0,70.0,11.460999488830566,500.0,250129_mobilenet_onoffbench11.csv,0.0067702624946832,2025-03-20T16:10:33.547Z
0.0275058336555957,42.43940353393555,offload,756.2496337890625,4000.0,40.0,0.0274316668510437,2.366951465606689,0.0001166880174423568,True,1.0,0.0275058336555957,mobilenetv2,3.652963638305664,100.0,pytorch,27287.087890625,9.67129898071289,7.957835674285889,400.0,1.0,1.0,30.0,11.002333641052246,500.0,250129_mobilenet_onoffbench11.csv,0.0069355810992419,2025-03-20T16:10:33.547Z
0.0290308315306901,35.28617858886719,offload,1610.573486328125,2000.0,40.0,0.0289045814424753,2.2083852291107178,0.0003776526427827776,True,6.0,0.0290308315306901,mobilenetv2,4.516552925109863,100.0,pytorch,27287.087890625,8.16104793548584,7.552321910858154,400.0,1.0,1.0,70.0,11.612333297729492,500.0,250129_mobilenet_onoffbench11.csv,0.0086566815152764,2025-03-20T16:10:33.547Z
0.0235208328813314,42.80004501342773,offload,1923.969970703125,4000.0,40.0,0.0232082996517419,1.575186848640442,0.0016106825787574,True,6.0,0.0235208328813314,mobilenetv2,4.374766826629639,100.0,pytorch,27287.087890625,10.03977108001709,9.405975341796877,400.0,1.0,1.0,30.0,9.408333778381348,500.0,250129_mobilenet_onoffbench11.csv,0.0088749891147017,2025-03-20T16:10:33.547Z
0.0256216675043106,39.08343505859375,offload,1033.2294921875,4000.0,40.0,0.0237490758299827,0.9327595829963684,0.002733496716246,True,3.0,0.0256216675043106,mobilenetv2,3.757566452026367,100.0,pytorch,27287.087890625,9.06993579864502,9.191798210144045,400.0,1.0,1.0,30.0,10.248666763305664,500.0,250129_mobilenet_onoffbench11.csv,0.0084005324169993,2025-03-20T16:10:33.547Z
0.0198250003159046,50.55047225952149,offload,808.0462646484375,2000.0,40.0,0.0196972023695707,0.7807865738868713,0.0008549199556000531,True,1.0,0.0198250003159046,mobilenetv2,4.502982139587402,100.0,pytorch,27287.087890625,11.769942283630373,11.08262538909912,400.0,1.0,1.0,30.0,7.929999828338623,500.0,250129_mobilenet_onoffbench11.csv,0.0088956607505679,2025-03-20T16:10:33.547Z
0.0199641659855842,50.32178497314453,offload,1288.0528564453125,2000.0,40.0,0.0198581162840127,1.0931190252304075,0.0003691822348628193,True,3.0,0.0199641659855842,mobilenetv2,3.76951003074646,100.0,pytorch,27287.087890625,11.672015190124512,10.992820739746094,400.0,1.0,1.0,30.0,7.985666751861572,500.0,250129_mobilenet_onoffbench11.csv,0.0077591435983777,2025-03-20T16:10:33.547Z
0.0245616659522056,41.23987579345703,offload,860.421630859375,4000.0,40.0,0.0244520772248506,0.814743161201477,0.0022778189741075,True,1.0,0.0245616659522056,mobilenetv2,4.408959865570068,100.0,pytorch,27287.087890625,9.563225746154783,8.927532196044922,400.0,1.0,1.0,15.0,9.824666976928713,500.0,250129_mobilenet_onoffbench11.csv,0.0150378430262207,2025-03-20T16:10:33.547Z
0.0297525003552436,33.73465347290039,offload,1566.57421875,2000.0,40.0,0.0296462029218673,1.4998509883880615,0.0016364005859941,True,6.0,0.0297525003552436,mobilenetv2,3.842563629150391,100.0,pytorch,27287.087890625,7.781461238861084,7.36339521408081,400.0,1.0,1.0,30.0,11.901000022888184,500.0,250129_mobilenet_onoffbench11.csv,0.0074792709201574,2025-03-20T16:10:33.547Z
0.0243733320385217,42.07910919189453,offload,1213.1558837890625,4000.0,40.0,0.0242677386850118,0.6007375121116638,0.0031636515632271,True,3.0,0.0243733320385217,mobilenetv2,4.243770122528076,100.0,pytorch,27287.087890625,10.031645774841309,8.995346069335938,400.0,1.0,1.0,15.0,9.749333381652832,500.0,250129_mobilenet_onoffbench11.csv,0.0155637124553322,2025-03-20T16:10:33.547Z
0.022331666201353,44.8162841796875,offload,2073.873779296875,4000.0,40.0,0.0222317818552255,1.3959039449691772,8.143285958794877e-05,True,6.0,0.022331666201353,mobilenetv2,3.7496185302734375,100.0,pytorch,27287.087890625,10.73127555847168,9.819128036499023,400.0,1.0,1.0,15.0,8.932666778564453,500.0,250129_mobilenet_onoffbench11.csv,0.0126204248517751,2025-03-20T16:10:33.547Z
0.0239033326506614,41.83848571777344,offload,1377.4697265625,2000.0,40.0,0.0237649120390415,0.6605530977249146,0.0019380000885576,True,3.0,0.0239033326506614,mobilenetv2,4.391823768615723,100.0,pytorch,27287.087890625,10.245391845703123,9.185672760009766,400.0,1.0,1.0,15.0,9.561333656311035,500.0,250129_mobilenet_onoffbench11.csv,0.017221326008439,2025-03-20T16:10:33.547Z
0.02458499930799,40.6905632019043,offload,768.2806396484375,2000.0,40.0,0.0244612582027912,0.3612725734710693,0.0036635668948292,True,1.0,0.02458499930799,mobilenetv2,3.6630489826202393,100.0,pytorch,27287.087890625,9.657424926757812,8.92418098449707,400.0,1.0,1.0,15.0,9.833999633789062,500.0,250129_mobilenet_onoffbench11.csv,0.0117839770391583,2025-03-20T16:10:33.547Z
0.026945000514388,37.44375991821289,offload,717.2636108398438,4000.0,40.0,0.0268381591886281,0.2212306708097458,0.0048953373916447,True,1.0,0.026945000514388,mobilenetv2,3.882079362869263,100.0,pytorch,27287.087890625,8.679089546203613,8.133818626403809,400.0,1.0,1.0,10.0,10.777999877929688,500.0,250129_mobilenet_onoffbench11.csv,0.020099414512515,2025-03-20T16:10:33.547Z
0.0280275009572505,35.93122482299805,offload,1637.8983154296875,2000.0,40.0,0.0279048774391412,1.6852437257766724,0.0005600126460194588,True,6.0,0.0280275009572505,mobilenetv2,4.407638549804688,100.0,pytorch,27287.087890625,7.97953987121582,7.822886943817139,400.0,1.0,1.0,15.0,11.211000442504885,500.0,250129_mobilenet_onoffbench11.csv,0.0146627835929393,2025-03-20T16:10:33.547Z
0.0298508331179618,33.55031204223633,offload,1562.615234375,4000.0,40.0,0.0297624561935663,0.3095586001873016,0.0050916541367769,True,6.0,0.0298508331179618,mobilenetv2,4.351302623748779,100.0,pytorch,27287.087890625,7.852194309234619,7.334633350372314,400.0,1.0,1.0,10.0,11.940333366394045,500.0,250129_mobilenet_onoffbench11.csv,0.024312088266015,2025-03-20T16:10:33.547Z
0.0278433337807655,36.13315963745117,offload,1093.311767578125,4000.0,40.0,0.0277523323893547,0.1806013584136963,0.0047459681518375,True,3.0,0.0278433337807655,mobilenetv2,4.054037094116211,100.0,pytorch,27287.087890625,7.662882328033447,7.865886688232422,400.0,1.0,1.0,10.0,11.137333869934082,500.0,250129_mobilenet_onoffbench11.csv,0.0164278540760278,2025-03-20T16:10:33.547Z
0.0291616674512624,34.70671081542969,offload,759.2196655273438,2000.0,40.0,0.0288623683154582,0.330435574054718,0.0065740668214857,True,1.0,0.0291616674512624,mobilenetv2,4.35032320022583,100.0,pytorch,27287.087890625,8.255638122558594,7.56336784362793,400.0,1.0,1.0,10.0,11.664667129516602,500.0,250129_mobilenet_onoffbench11.csv,0.0224926695227623,2025-03-20T16:10:33.547Z
0.0305291656404733,34.701499938964844,offload,1137.8973388671875,2000.0,40.0,0.0302316136658191,0.2531463503837585,0.0077060242183506,True,3.0,0.0305291656404733,mobilenetv2,3.661284685134888,100.0,pytorch,27287.087890625,7.723919868469238,7.220808982849121,400.0,1.0,1.0,10.0,12.211666107177734,500.0,250129_mobilenet_onoffbench11.csv,0.0237240474671125,2025-03-20T16:10:33.547Z
0.0309775006026029,32.51829528808594,offload,1564.8587646484375,2000.0,40.0,0.0308961998671293,0.6191097497940063,0.0023580153938382,True,6.0,0.0309775006026029,mobilenetv2,3.922106981277466,100.0,pytorch,27287.087890625,5.145297050476074,7.065487384796143,400.0,1.0,1.0,10.0,12.390999794006348,500.0,250129_mobilenet_onoffbench11.csv,0.0161403249949216,2025-03-20T16:10:33.547Z
0.0530183352530002,18.99325942993164,offload,525.273193359375,4000.0,40.0,0.0529215671122074,0.1642524302005767,0.0247381404042243,True,1.0,0.0530183352530002,mobilenetv2,4.369505882263184,100.0,pytorch,27287.087890625,4.718315124511719,4.1249098777771,400.0,1.0,1.0,5.0,21.207334518432617,500.0,250129_mobilenet_onoffbench11.csv,0.047687828540802,2025-03-20T16:10:33.547Z
0.0520983338356018,19.45095634460449,offload,690.299072265625,4000.0,40.0,0.0519851595163345,0.205717995762825,0.0239433273673057,True,3.0,0.0520983338356018,mobilenetv2,4.437907695770264,100.0,pytorch,27287.087890625,4.847529888153076,4.199212074279785,400.0,1.0,1.0,5.0,20.839332580566406,500.0,250129_mobilenet_onoffbench11.csv,0.0461226627230644,2025-03-20T16:10:33.547Z
0.0467083342373371,21.409820556640625,offload,1002.7843627929688,4000.0,40.0,0.0466390885412693,0.1880081593990326,0.0189028121531009,True,6.0,0.0467083342373371,mobilenetv2,3.653024196624756,100.0,pytorch,27287.087890625,4.874728679656982,4.6805524826049805,400.0,1.0,1.0,5.0,18.683332443237305,500.0,250129_mobilenet_onoffbench11.csv,0.0424594320356845,2025-03-20T16:10:33.547Z
0.0479758344590663,20.846025466918945,offload,569.5465087890625,2000.0,40.0,0.0478955768048763,0.110095702111721,0.0205899886786937,True,1.0,0.0479758344590663,mobilenetv2,3.7775893211364746,100.0,pytorch,27287.087890625,4.641706943511963,4.55776309967041,400.0,1.0,1.0,5.0,19.19033432006836,500.0,250129_mobilenet_onoffbench11.csv,0.0348609946668148,2025-03-20T16:10:33.547Z
0.0518149994313716,19.32149314880371,offload,738.4347534179688,2000.0,40.0,0.0517233349382877,0.1494552493095398,0.0231464877724647,True,3.0,0.0518149994313716,mobilenetv2,4.305887222290039,100.0,pytorch,27287.087890625,4.876613616943359,4.220468521118164,400.0,1.0,1.0,5.0,20.72599983215332,500.0,250129_mobilenet_onoffbench11.csv,0.0457623600959777,2025-03-20T16:10:33.547Z
0.0507724992930889,19.712263107299805,offload,1064.96826171875,2000.0,40.0,0.0506559200584888,0.2561963200569153,0.0169850550591945,True,6.0,0.0507724992930889,mobilenetv2,4.3883466720581055,100.0,pytorch,27287.087890625,4.994222164154053,4.309401512145996,400.0,1.0,1.0,5.0,20.30900001525879,500.0,250129_mobilenet_onoffbench11.csv,0.0440117493271827,2025-03-20T16:10:33.547Z
0.0837166681885719,11.953753471374512,offload,411.6145935058594,4000.0,40.0,0.0836149975657463,0.0900428295135498,0.0486075952649116,True,1.0,0.0837166681885719,mobilenetv2,3.712252378463745,100.0,pytorch,27287.087890625,3.1379406452178955,2.610736131668091,400.0,1.0,1.0,3.0,33.48666763305664,500.0,250129_mobilenet_onoffbench11.csv,0.0782592818140983,2025-03-20T16:10:33.547Z
0.0788624957203865,12.68092441558838,offload,532.9801025390625,4000.0,40.0,0.0787562206387519,0.0901690050959587,0.0460224077105522,True,3.0,0.0788624957203865,mobilenetv2,3.826048612594605,100.0,pytorch,27287.087890625,3.270093441009521,2.7718026638031006,400.0,1.0,1.0,3.0,31.545000076293945,500.0,250129_mobilenet_onoffbench11.csv,0.0662020072340965,2025-03-20T16:10:33.547Z
0.083313338458538,12.009053230285645,offload,828.2846069335938,4000.0,40.0,0.0832275077700614,0.1424925327301025,0.0460078120231628,True,6.0,0.083313338458538,mobilenetv2,4.312537670135498,100.0,pytorch,27287.087890625,3.196376323699951,2.6228911876678467,400.0,1.0,1.0,3.0,33.32533264160156,500.0,250129_mobilenet_onoffbench11.csv,0.0794634968042373,2025-03-20T16:10:33.547Z
0.0801291689276695,12.480141639709473,offload,377.2312927246094,2000.0,40.0,0.0800477862358093,0.12771537899971,0.0469822362065315,True,1.0,0.0801291689276695,mobilenetv2,4.487051963806152,100.0,pytorch,27287.087890625,3.259136199951172,2.7270798683166504,400.0,1.0,1.0,3.0,32.051666259765625,500.0,250129_mobilenet_onoffbench11.csv,0.0752946734428405,2025-03-20T16:10:33.547Z
0.0804124996066093,12.438154220581056,offload,533.8421020507812,2000.0,40.0,0.080318845808506,0.1295730173587799,0.0466108657419681,True,3.0,0.0804124996066093,mobilenetv2,3.887305974960327,100.0,pytorch,27287.087890625,3.3414769172668457,2.717876672744751,400.0,1.0,1.0,3.0,32.165000915527344,500.0,250129_mobilenet_onoffbench11.csv,0.0749826654791832,2025-03-20T16:10:33.547Z
0.0784591659903526,12.747373580932615,offload,803.1908569335938,2000.0,40.0,0.0781461372971534,0.1037611290812492,0.0433445423841476,True,6.0,0.0784591659903526,mobilenetv2,3.759854078292847,100.0,pytorch,27287.087890625,3.262281656265259,2.7934420108795166,400.0,1.0,1.0,3.0,31.3836669921875,500.0,250129_mobilenet_onoffbench11.csv,0.0652985274791717,2025-03-20T16:10:33.547Z
0.255694180727005,3.911780834197998,offload,165.3347930908203,4000.0,40.0,0.2556145489215851,0.0483404658734798,0.2114211767911911,True,1.0,0.255694180727005,mobilenetv2,4.399011611938477,100.0,pytorch,27287.087890625,1.1065083742141724,0.8540073037147522,400.0,1.0,1.0,1.0,102.27766418457033,500.0,250129_mobilenet_onoffbench11.csv,0.2497517764568328,2025-03-20T16:10:33.547Z
0.2477449923753738,4.037317752838135,offload,217.7035980224609,4000.0,40.0,0.247644618153572,0.0791198685765266,0.2024611681699752,True,3.0,0.2477449923753738,mobilenetv2,4.572044372558594,100.0,pytorch,27287.087890625,1.1252869367599487,0.8814917802810669,400.0,1.0,1.0,1.0,99.0979995727539,500.0,250129_mobilenet_onoffbench11.csv,0.2419768124818802,2025-03-20T16:10:33.547Z
0.2483841776847839,4.027613639831543,offload,321.27423095703125,4000.0,40.0,0.2482818216085434,0.0881599560379982,0.2030921727418899,True,6.0,0.2483841776847839,mobilenetv2,3.7676265239715576,100.0,pytorch,27287.087890625,1.1364514827728271,0.8792294859886169,400.0,1.0,1.0,1.0,99.35366821289062,500.0,250129_mobilenet_onoffbench11.csv,0.2436636090278625,2025-03-20T16:10:33.547Z
0.2377058416604995,4.208034992218018,offload,182.5726623535156,2000.0,40.0,0.2376176714897155,0.0584680847823619,0.1937481164932251,True,1.0,0.2377058416604995,mobilenetv2,3.7935478687286377,100.0,pytorch,27287.087890625,1.1632442474365234,0.9186888337135316,400.0,1.0,1.0,1.0,95.08233642578124,500.0,250129_mobilenet_onoffbench11.csv,0.2231316119432449,2025-03-20T16:10:33.547Z
0.3033449947834015,3.445838212966919,offload,195.09657287597656,2000.0,40.0,0.3032615184783935,0.0606381557881832,0.2583279609680176,True,3.0,0.3033449947834015,mobilenetv2,4.398025035858154,100.0,pytorch,27287.087890625,0.9722414016723632,0.7198299169540405,400.0,1.0,1.0,1.0,121.33799743652344,500.0,250129_mobilenet_onoffbench11.csv,0.2990311980247497,2025-03-20T16:10:33.547Z
0.0469174981117248,21.504796981811523,offload,639.5169067382812,4000.0,100.0,0.0468196533620357,0.0882996022701263,0.0192843433469533,True,1.0,0.0469174981117248,mobilenetv2,3.808754205703736,70.0,pytorch,144509.0,23.220787048339844,24.69202423095703,400.0,1.0,1.0,70.0,18.767000198364254,500.0,250129_mobilenet_onoffbench11.csv,0.0394240133464336,2025-03-20T16:10:33.547Z
0.2479658275842666,4.03307580947876,offload,327.2976989746094,2000.0,40.0,0.2478611469268798,0.0843612775206565,0.1999416351318359,True,6.0,0.2479658275842666,mobilenetv2,4.4107666015625,100.0,pytorch,27287.087890625,1.141099452972412,0.8807217478752136,400.0,1.0,1.0,1.0,99.18633270263672,500.0,250129_mobilenet_onoffbench11.csv,0.2425937205553054,2025-03-20T16:10:33.547Z
0.0181783325970172,55.12914657592773,offload,2217.416015625,4000.0,40.0,0.0180800352245569,1.1582802534103394,7.889807602623478e-05,True,6.0,0.0181783325970172,mobilenetv2,3.816874027252197,40.0,pytorch,27287.087890625,8.610589027404785,12.073908805847168,400.0,1.0,1.0,70.0,7.27133321762085,500.0,250129_mobilenet_onoffbench11.csv,0.0063490397296845,2025-03-20T16:10:33.547Z
0.0199666675180196,51.01480865478516,offload,1299.03662109375,4000.0,40.0,0.0198388751596212,1.2203289270401,0.0002237639855593443,True,3.0,0.0199666675180196,mobilenetv2,4.603626251220703,40.0,pytorch,27287.087890625,11.75222396850586,11.0034818649292,400.0,1.0,1.0,70.0,7.986666679382324,500.0,250129_mobilenet_onoffbench11.csv,0.0060091046616435,2025-03-20T16:10:33.547Z
0.0217875000089406,46.09110641479492,offload,636.4415283203125,2000.0,40.0,0.02166691981256,0.591687798500061,0.0037671946920454,True,1.0,0.0217875000089406,mobilenetv2,3.665140867233277,40.0,pytorch,27287.087890625,6.711894512176514,10.075115203857422,400.0,1.0,1.0,70.0,8.71500015258789,500.0,250129_mobilenet_onoffbench11.csv,0.0067490590736269,2025-03-20T16:10:33.547Z
0.0269933342933654,43.495399475097656,offload,935.9452514648438,2000.0,40.0,0.0268322676420211,2.3114330768585205,0.0003877769049722701,True,3.0,0.0269933342933654,mobilenetv2,4.372504711151123,40.0,pytorch,27287.087890625,10.148932456970217,8.135603904724121,400.0,1.0,1.0,70.0,10.797333717346191,500.0,250129_mobilenet_onoffbench11.csv,0.0082488190382719,2025-03-20T16:10:33.547Z
0.0186624992638826,53.6053581237793,offload,738.876708984375,4000.0,40.0,0.0185580309480428,0.8123928904533386,0.0008123908773995936,True,1.0,0.0186624992638826,mobilenetv2,3.758727550506592,40.0,pytorch,27287.087890625,12.535341262817385,11.762924194335938,400.0,1.0,1.0,30.0,7.465000152587891,500.0,250129_mobilenet_onoffbench11.csv,0.0075631141662597,2025-03-20T16:10:33.547Z
0.0295000001788139,34.00665283203125,offload,1841.929931640625,2000.0,40.0,0.0293992403894662,2.4157681465148926,0.0001268069026991725,True,6.0,0.0295000001788139,mobilenetv2,4.60916805267334,40.0,pytorch,27287.087890625,7.923434257507324,7.4252495765686035,400.0,1.0,1.0,70.0,11.800000190734863,500.0,250129_mobilenet_onoffbench11.csv,0.0118738105520606,2025-03-20T16:10:33.547Z
0.0237233340740203,42.32437133789063,offload,1138.1744384765625,4000.0,40.0,0.0235766805708408,0.661081850528717,0.0039555910043418,True,3.0,0.0237233340740203,mobilenetv2,3.833068370819092,40.0,pytorch,27287.087890625,6.631805896759033,9.25900936126709,400.0,1.0,1.0,30.0,9.489333152770996,500.0,250129_mobilenet_onoffbench11.csv,0.0073570613749325,2025-03-20T16:10:33.547Z
0.0216375011950731,46.22062301635742,offload,2066.39404296875,4000.0,40.0,0.0215281564742326,2.0092945098876958,0.0002587705967016518,True,6.0,0.0216375011950731,mobilenetv2,4.581957817077637,40.0,pytorch,27287.087890625,10.913999557495115,10.140055656433104,400.0,1.0,1.0,30.0,8.655000686645508,500.0,250129_mobilenet_onoffbench11.csv,0.0073970835655927,2025-03-20T16:10:33.547Z
0.0199525002390146,51.01650619506836,offload,1189.8966064453125,2000.0,40.0,0.0198404379189014,0.7824102640151978,0.0017641313606873,True,3.0,0.0199525002390146,mobilenetv2,3.576927900314331,40.0,pytorch,27287.087890625,11.82615566253662,11.002614974975586,400.0,1.0,1.0,30.0,7.980999946594238,500.0,250129_mobilenet_onoffbench11.csv,0.0093362862244248,2025-03-20T16:10:33.547Z
0.018487500026822,55.018741607666016,offload,858.2192993164062,2000.0,40.0,0.0183471087366342,0.8938930034637451,0.0009688280406408012,True,1.0,0.018487500026822,mobilenetv2,4.212542533874512,40.0,pytorch,27287.087890625,12.781867027282717,11.898152351379396,400.0,1.0,1.0,30.0,7.394999980926514,500.0,250129_mobilenet_onoffbench11.csv,0.0070037506520748,2025-03-20T16:10:33.547Z
0.0247949995100498,41.59263229370117,offload,696.056640625,4000.0,40.0,0.0246774964034557,0.2790570855140686,0.0057489154860377,True,1.0,0.0247949995100498,mobilenetv2,4.346982002258301,40.0,pytorch,27287.087890625,10.160922050476074,8.845982551574707,400.0,1.0,1.0,15.0,9.917999267578123,500.0,250129_mobilenet_onoffbench11.csv,0.0184343364089727,2025-03-20T16:10:33.547Z
0.0205591656267642,48.78598785400391,offload,1612.7098388671875,4000.0,40.0,0.020437566563487,0.4028901159763336,0.0014223298057913,True,6.0,0.0205591656267642,mobilenetv2,3.694004774093628,40.0,pytorch,27287.087890625,11.089492797851562,10.68114948272705,400.0,1.0,1.0,15.0,8.223666191101074,500.0,250129_mobilenet_onoffbench11.csv,0.0128418430685997,2025-03-20T16:10:33.547Z
0.0182791668921709,54.72402572631836,offload,1346.5601806640625,4000.0,40.0,0.0181828457862138,0.2550852000713348,0.0013644128339365,True,3.0,0.0182791668921709,mobilenetv2,4.154942512512207,40.0,pytorch,27287.087890625,12.59758186340332,12.005640983581545,400.0,1.0,1.0,15.0,7.311666488647461,500.0,250129_mobilenet_onoffbench11.csv,0.0115262595936656,2025-03-20T16:10:33.547Z
0.0249833334237337,40.32527160644531,offload,756.4305419921875,2000.0,40.0,0.024666491895914,0.2661435008049011,0.0052344100549817,True,1.0,0.0249833334237337,mobilenetv2,3.6574130058288574,40.0,pytorch,27287.087890625,6.63091516494751,8.849928855895996,400.0,1.0,1.0,15.0,9.99333381652832,500.0,250129_mobilenet_onoffbench11.csv,0.0129578411579132,2025-03-20T16:10:33.547Z
0.0340424999594688,32.35623550415039,offload,1046.6571044921875,2000.0,40.0,0.0339057631790638,0.324936181306839,0.0120634846389293,True,3.0,0.0340424999594688,mobilenetv2,4.339290142059326,40.0,pytorch,27287.087890625,7.86171293258667,6.438336372375488,400.0,1.0,1.0,15.0,13.617000579833984,500.0,250129_mobilenet_onoffbench11.csv,0.0270009506493806,2025-03-20T16:10:33.547Z
0.0259466655552387,38.65269088745117,offload,1748.156494140625,2000.0,40.0,0.0257990024983882,1.4594019651412964,0.0001107170173781924,True,6.0,0.0259466655552387,mobilenetv2,4.46151065826416,40.0,pytorch,27287.087890625,9.06805419921875,8.46143913269043,400.0,1.0,1.0,15.0,10.378666877746582,500.0,250129_mobilenet_onoffbench11.csv,0.013648715801537,2025-03-20T16:10:33.547Z
0.0256341658532619,39.16775131225586,offload,734.1106567382812,4000.0,40.0,0.0255402252078056,0.1676734238862991,0.006109909620136,True,1.0,0.0256341658532619,mobilenetv2,3.692507028579712,40.0,pytorch,27287.087890625,8.63001823425293,8.547172546386719,400.0,1.0,1.0,10.0,10.253666877746582,500.0,250129_mobilenet_onoffbench11.csv,0.01851655729115,2025-03-20T16:10:33.547Z
0.0276591666042804,36.17994689941406,offload,1073.3798828125,4000.0,40.0,0.0275627151131629,0.1217865198850631,0.0068156765773892,True,3.0,0.0276591666042804,mobilenetv2,3.707256555557251,40.0,pytorch,27287.087890625,8.15588665008545,7.920000076293945,400.0,1.0,1.0,10.0,11.063666343688965,500.0,250129_mobilenet_onoffbench11.csv,0.0164937153458595,2025-03-20T16:10:33.547Z
0.0223058331757783,47.23145294189453,offload,1195.088134765625,2000.0,40.0,0.0222125016152858,1.025761961936951,0.00331023754552,True,3.0,0.0223058331757783,mobilenetv2,3.7211928367614746,70.0,pytorch,27287.087890625,9.775760650634766,9.827651023864746,400.0,1.0,1.0,70.0,8.922333717346191,500.0,250129_mobilenet_onoffbench11.csv,0.0097132502123713,2025-03-20T16:10:33.547Z
0.0305091682821512,32.86794662475586,offload,1474.0550537109375,2000.0,40.0,0.0303797479718923,1.2220538854599,0.002140725729987,True,6.0,0.0305091682821512,mobilenetv2,3.625816822052002,70.0,pytorch,27287.087890625,7.599185943603516,7.185599327087402,400.0,1.0,1.0,70.0,12.20366668701172,500.0,250129_mobilenet_onoffbench11.csv,0.0099942609667778,2025-03-20T16:10:33.547Z
0.0251433327794075,42.03513717651367,offload,830.6822509765625,4000.0,40.0,0.02457264252007,0.5152955651283264,0.0034831187222152,True,1.0,0.0251433327794075,mobilenetv2,4.401588439941406,70.0,pytorch,27287.087890625,6.013713359832764,8.883728981018066,400.0,1.0,1.0,30.0,10.057332992553713,500.0,250129_mobilenet_onoffbench11.csv,0.0170188583433628,2025-03-20T16:10:33.547Z
0.0204275008291006,49.10742568969727,offload,1739.7965087890625,4000.0,40.0,0.0203063301742076,1.2620737552642822,0.00031305491575039923,True,6.0,0.0204275008291006,mobilenetv2,3.648742914199829,70.0,pytorch,27287.087890625,11.483182907104492,10.7501802444458,400.0,1.0,1.0,30.0,8.171000480651855,500.0,250129_mobilenet_onoffbench11.csv,0.0079783461987972,2025-03-20T16:10:33.547Z
0.0186624992638826,53.59982299804688,offload,996.47412109375,4000.0,40.0,0.0185558628290891,1.0923852920532229,0.0002688878739718348,True,3.0,0.0186624992638826,mobilenetv2,4.3176798820495605,70.0,pytorch,27287.087890625,12.495890617370604,11.76429843902588,400.0,1.0,1.0,30.0,7.465000152587891,500.0,250129_mobilenet_onoffbench11.csv,0.0068627828732132,2025-03-20T16:10:33.547Z
0.0226008333265781,44.3339729309082,offload,706.8700561523438,2000.0,40.0,0.0224859286099672,0.6344020366668701,0.0027844158466905,True,1.0,0.0226008333265781,mobilenetv2,3.6913154125213614,70.0,pytorch,27287.087890625,10.34031581878662,9.708147048950195,400.0,1.0,1.0,30.0,9.04033374786377,500.0,250129_mobilenet_onoffbench11.csv,0.0071874535642564,2025-03-20T16:10:33.547Z
0.0208466667681932,48.00380325317383,offload,1397.4752197265625,2000.0,40.0,0.0207411125302314,0.766861617565155,0.000664402439724654,True,3.0,0.0208466667681932,mobilenetv2,4.289677619934082,70.0,pytorch,27287.087890625,11.358986854553224,10.52483081817627,400.0,1.0,1.0,30.0,8.338666915893555,500.0,250129_mobilenet_onoffbench11.csv,0.011456617154181,2025-03-20T16:10:33.547Z
0.0235625002533197,44.51855850219727,offload,653.2651977539062,4000.0,40.0,0.0234265029430389,0.364905446767807,0.0043421266600489,True,1.0,0.0235625002533197,mobilenetv2,3.68225622177124,70.0,pytorch,27287.087890625,8.849449157714844,9.318365097045898,400.0,1.0,1.0,15.0,9.425000190734863,500.0,250129_mobilenet_onoffbench11.csv,0.0171955917030572,2025-03-20T16:10:33.547Z
0.0270491670817136,37.0981559753418,offload,1680.2791748046875,2000.0,40.0,0.0269737839698791,2.142863750457764,0.0006578159518539906,True,6.0,0.0270491670817136,mobilenetv2,4.247217655181885,70.0,pytorch,27287.087890625,8.635174751281738,8.092921257019043,400.0,1.0,1.0,30.0,10.819666862487791,500.0,250129_mobilenet_onoffbench11.csv,0.0106178680434823,2025-03-20T16:10:33.547Z
0.0237758327275514,42.18285369873047,offload,790.6046142578125,4000.0,40.0,0.0236642900854349,0.3307154774665832,0.0040160352364182,True,3.0,0.0237758327275514,mobilenetv2,3.6915435791015625,70.0,pytorch,27287.087890625,9.97415542602539,9.224730491638184,400.0,1.0,1.0,15.0,9.510333061218262,500.0,250129_mobilenet_onoffbench11.csv,0.0111182359978556,2025-03-20T16:10:33.547Z
0.0216466672718524,46.30356597900391,offload,2087.696044921875,4000.0,40.0,0.0215184222906827,0.7545531988143921,9.478291030973196e-05,True,6.0,0.0216466672718524,mobilenetv2,4.318362712860107,70.0,pytorch,27287.087890625,11.08993911743164,10.14464282989502,400.0,1.0,1.0,15.0,8.658666610717773,500.0,250129_mobilenet_onoffbench11.csv,0.0132533935829997,2025-03-20T16:10:33.547Z
0.0206224992871284,48.81131362915039,offload,933.5534057617188,2000.0,40.0,0.0205110926181077,0.54988032579422,0.0006212488515302539,True,1.0,0.0206224992871284,mobilenetv2,4.5209059715271,70.0,pytorch,27287.087890625,11.115601539611816,10.642861366271973,400.0,1.0,1.0,15.0,8.24899959564209,500.0,250129_mobilenet_onoffbench11.csv,0.0120929637923836,2025-03-20T16:10:33.547Z
0.0202016662806272,49.53623580932617,offload,1208.916259765625,2000.0,40.0,0.0200737714767456,0.4041984379291534,0.0007044460508041084,True,3.0,0.0202016662806272,mobilenetv2,3.7592556476593018,70.0,pytorch,27287.087890625,8.883583068847656,10.874722480773926,400.0,1.0,1.0,15.0,8.080666542053223,500.0,250129_mobilenet_onoffbench11.csv,0.0126136178150773,2025-03-20T16:10:33.547Z
0.0301799997687339,33.33979034423828,offload,1605.96875,2000.0,40.0,0.0300528053194284,0.896291196346283,0.0030852349009364,True,6.0,0.0301799997687339,mobilenetv2,3.790982961654663,70.0,pytorch,27287.087890625,7.857503890991211,7.263771057128906,400.0,1.0,1.0,15.0,12.07200050354004,500.0,250129_mobilenet_onoffbench11.csv,0.0120578687638044,2025-03-20T16:10:33.547Z
0.0266866665333509,37.5873908996582,offload,783.9341430664062,4000.0,40.0,0.0265857428312301,0.233072355389595,0.0059446124359965,True,1.0,0.0266866665333509,mobilenetv2,4.45677661895752,70.0,pytorch,27287.087890625,8.774003028869629,8.211044311523438,400.0,1.0,1.0,10.0,10.67466640472412,500.0,250129_mobilenet_onoffbench11.csv,0.0199781768023967,2025-03-20T16:10:33.547Z
0.0261033326387405,38.40949249267578,offload,1363.182861328125,4000.0,40.0,0.0260037053376436,0.2259529083967209,0.0040389923378825,True,6.0,0.0261033326387405,mobilenetv2,3.5796878337860107,70.0,pytorch,27287.087890625,8.689008712768555,8.394830703735352,400.0,1.0,1.0,10.0,10.441332817077637,500.0,250129_mobilenet_onoffbench11.csv,0.0196867454797029,2025-03-20T16:10:33.547Z
0.0254950001835823,39.449703216552734,offload,1108.09814453125,4000.0,40.0,0.0253524668514728,0.3042330741882324,0.0037712750490754,True,3.0,0.0254950001835823,mobilenetv2,4.1770920753479,70.0,pytorch,27287.087890625,8.929693222045898,8.610471725463867,400.0,1.0,1.0,10.0,10.197999954223633,500.0,250129_mobilenet_onoffbench11.csv,0.0199150349944829,2025-03-20T16:10:33.547Z
0.02875916659832,34.84087371826172,offload,685.8999633789062,2000.0,40.0,0.0286155808717012,0.1861457675695419,0.0063636959530413,True,1.0,0.02875916659832,mobilenetv2,3.652378082275391,70.0,pytorch,27287.087890625,8.008879661560059,7.62859582901001,400.0,1.0,1.0,10.0,11.503666877746582,500.0,250129_mobilenet_onoffbench11.csv,0.0164463333785533,2025-03-20T16:10:33.547Z
0.0318858325481414,32.19404220581055,offload,1007.4215698242188,2000.0,40.0,0.0317765176296234,0.2969589829444885,0.0086360275745391,True,3.0,0.0318858325481414,mobilenetv2,4.31857967376709,70.0,pytorch,27287.087890625,7.811573028564453,6.869749546051025,400.0,1.0,1.0,10.0,12.75433349609375,500.0,250129_mobilenet_onoffbench11.csv,0.0256632156670093,2025-03-20T16:10:33.547Z
0.0282066669315099,35.661346435546875,offload,1747.61279296875,2000.0,40.0,0.0280958916991949,1.0568909645080566,0.00012406488531269133,True,6.0,0.0282066669315099,mobilenetv2,4.496798038482666,70.0,pytorch,27287.087890625,8.550643920898438,7.769701957702637,400.0,1.0,1.0,10.0,11.28266716003418,500.0,250129_mobilenet_onoffbench11.csv,0.021568015217781,2025-03-20T16:10:33.547Z
0.0515475012362003,19.43672180175781,offload,444.0364990234375,4000.0,40.0,0.0514618083834648,0.1205353289842605,0.0259409938007593,True,1.0,0.0515475012362003,mobilenetv2,3.892502546310425,70.0,pytorch,27287.087890625,4.765129566192627,4.241916656494141,400.0,1.0,1.0,5.0,20.61899948120117,500.0,250129_mobilenet_onoffbench11.csv,0.044932123273611,2025-03-20T16:10:33.547Z
0.046799998730421,21.367876052856445,offload,715.5623168945312,4000.0,40.0,0.0466784425079822,0.1063354536890983,0.0214860811829566,True,3.0,0.046799998730421,mobilenetv2,3.75925612449646,70.0,pytorch,27287.087890625,5.106728076934815,4.67660665512085,400.0,1.0,1.0,5.0,18.71999931335449,500.0,250129_mobilenet_onoffbench11.csv,0.035689789801836,2025-03-20T16:10:33.547Z
0.0492008328437805,20.32901763916016,offload,1206.939208984375,4000.0,40.0,0.0490935817360878,0.1625598073005676,0.0200469698756933,True,6.0,0.0492008328437805,mobilenetv2,4.435858726501465,70.0,pytorch,27287.087890625,5.183243274688721,4.446542263031006,400.0,1.0,1.0,5.0,19.680334091186523,500.0,250129_mobilenet_onoffbench11.csv,0.0445642918348312,2025-03-20T16:10:33.547Z
0.0481774993240833,20.76565170288086,offload,558.0827026367188,2000.0,40.0,0.0480595417320728,0.189349740743637,0.0199653804302215,True,1.0,0.0481774993240833,mobilenetv2,4.228995323181152,70.0,pytorch,27287.087890625,5.156826496124268,4.542213439941406,400.0,1.0,1.0,5.0,19.270999908447266,500.0,250129_mobilenet_onoffbench11.csv,0.0448314622044563,2025-03-20T16:10:33.547Z
0.0472391657531261,21.17308235168457,offload,657.0178833007812,2000.0,40.0,0.0471106059849262,0.1644243150949478,0.0214236695319414,True,3.0,0.0472391657531261,mobilenetv2,3.703540563583374,70.0,pytorch,27287.087890625,5.293679237365723,4.633706092834473,400.0,1.0,1.0,5.0,18.895666122436523,500.0,250129_mobilenet_onoffbench11.csv,0.0430869050323963,2025-03-20T16:10:33.547Z
0.0483466684818267,20.68802070617676,offload,1222.001953125,2000.0,40.0,0.0482558347284793,0.1792869865894317,0.0156905725598335,True,6.0,0.0483466684818267,mobilenetv2,3.7480006217956543,70.0,pytorch,27287.087890625,4.941170692443848,4.523736953735352,400.0,1.0,1.0,5.0,19.338666915893555,500.0,250129_mobilenet_onoffbench11.csv,0.0384116396307945,2025-03-20T16:10:33.547Z
0.0878650024533271,11.40334129333496,offload,375.10687255859375,4000.0,40.0,0.0877550840377807,0.074350006878376,0.0533512718975544,True,1.0,0.0878650024533271,mobilenetv2,4.396755218505859,70.0,pytorch,27287.087890625,3.051485061645508,2.48756742477417,400.0,1.0,1.0,3.0,35.145999908447266,500.0,250129_mobilenet_onoffbench11.csv,0.0819087922573089,2025-03-20T16:10:33.547Z
0.0823408290743827,12.14739990234375,offload,765.1793212890625,4000.0,40.0,0.0822601169347763,0.1367435753345489,0.0489308163523674,True,6.0,0.0823408290743827,mobilenetv2,3.652677059173584,70.0,pytorch,27287.087890625,3.1351113319396973,2.6537368297576904,400.0,1.0,1.0,3.0,32.93633270263672,500.0,250129_mobilenet_onoffbench11.csv,0.07768215239048,2025-03-20T16:10:33.547Z
0.0820666626095771,12.199912071228027,offload,417.4044799804688,4000.0,40.0,0.081980787217617,0.0984492972493171,0.0489958748221397,True,3.0,0.0820666626095771,mobilenetv2,4.669824600219727,70.0,pytorch,27287.087890625,3.1995699405670166,2.662778615951538,400.0,1.0,1.0,3.0,32.82666778564453,500.0,250129_mobilenet_onoffbench11.csv,0.0762923881411552,2025-03-20T16:10:33.547Z
0.0783566683530807,12.76307487487793,offload,403.7449035644531,2000.0,40.0,0.0782821625471115,0.0738054364919662,0.046273648738861,True,1.0,0.0783566683530807,mobilenetv2,3.753419160842896,70.0,pytorch,27287.087890625,3.143289566040039,2.788588047027588,400.0,1.0,1.0,3.0,31.34266662597656,500.0,250129_mobilenet_onoffbench11.csv,0.0657201334834098,2025-03-20T16:10:33.547Z
0.084877498447895,11.785161018371582,offload,515.148193359375,2000.0,40.0,0.0847552791237831,0.1194335743784904,0.0526522435247898,True,3.0,0.084877498447895,mobilenetv2,4.277221202850342,70.0,pytorch,27287.087890625,3.0983879566192627,2.5756118297576904,400.0,1.0,1.0,3.0,33.95100021362305,500.0,250129_mobilenet_onoffbench11.csv,0.079318106174469,2025-03-20T16:10:33.547Z
0.0822049975395202,12.16735553741455,offload,754.572265625,2000.0,40.0,0.0821330770850181,0.1285938024520874,0.0446131788194179,True,6.0,0.0822049975395202,mobilenetv2,4.229464530944824,70.0,pytorch,27287.087890625,3.2225563526153564,2.657841682434082,400.0,1.0,1.0,3.0,32.88199996948242,500.0,250129_mobilenet_onoffbench11.csv,0.0776255577802658,2025-03-20T16:10:33.547Z
0.2484033405780792,4.026383876800537,offload,158.81805419921875,4000.0,40.0,0.2483024001121521,0.0599575899541378,0.2077249586582183,True,1.0,0.2484033405780792,mobilenetv2,3.836851358413696,70.0,pytorch,27287.087890625,1.133029222488403,0.8791566491127014,400.0,1.0,1.0,1.0,99.36133575439452,500.0,250129_mobilenet_onoffbench11.csv,0.243061825633049,2025-03-20T16:10:33.547Z
0.2367783337831497,4.223440647125244,offload,212.82720947265625,4000.0,40.0,0.2366932332515716,0.0546142756938934,0.1951573640108108,True,3.0,0.2367783337831497,mobilenetv2,3.5632309913635254,70.0,pytorch,27287.087890625,1.178080916404724,0.9222769141197203,400.0,1.0,1.0,1.0,94.71133422851562,500.0,250129_mobilenet_onoffbench11.csv,0.2240077853202819,2025-03-20T16:10:33.547Z
0.2581858336925506,3.8732504844665527,offload,323.0846862792969,4000.0,40.0,0.2581086158752441,0.0618758648633956,0.2128234654664993,True,6.0,0.2581858336925506,mobilenetv2,4.336742401123047,70.0,pytorch,27287.087890625,1.102629780769348,0.8457552194595337,400.0,1.0,1.0,1.0,103.27433013916016,500.0,250129_mobilenet_onoffbench11.csv,0.2526155114173889,2025-03-20T16:10:33.547Z
0.2492041587829589,4.012858867645264,offload,161.7476348876953,2000.0,40.0,0.2491061687469482,0.0583428107202053,0.2074810266494751,True,1.0,0.2492041587829589,mobilenetv2,4.638494491577148,70.0,pytorch,27287.087890625,1.1285873651504517,0.876319944858551,400.0,1.0,1.0,1.0,99.6816635131836,500.0,250129_mobilenet_onoffbench11.csv,0.2444716542959213,2025-03-20T16:10:33.547Z
0.2469008266925811,4.050371646881104,offload,199.5733642578125,2000.0,40.0,0.2468228638172149,0.0566800087690353,0.2077981084585189,True,3.0,0.2469008266925811,mobilenetv2,3.768508195877075,70.0,pytorch,27287.087890625,1.1275064945220947,0.8844265937805176,400.0,1.0,1.0,1.0,98.76033020019533,500.0,250129_mobilenet_onoffbench11.csv,0.2407897561788559,2025-03-20T16:10:33.547Z
0.0500316657125949,20.181472778320312,offload,591.9215698242188,4000.0,100.0,0.0499432682991027,0.0549860969185829,0.0237729083746671,True,1.0,0.0500316657125949,mobilenetv2,4.446709632873535,40.0,pytorch,144509.0,23.90093231201172,23.147703170776367,400.0,1.0,1.0,70.0,20.012666702270508,500.0,250129_mobilenet_onoffbench11.csv,0.043163176625967,2025-03-20T16:10:33.547Z
0.2355608344078064,4.245244979858398,offload,348.9487609863281,2000.0,40.0,0.2354372590780258,0.0604816526174545,0.1902035921812057,True,6.0,0.2355608344078064,mobilenetv2,3.7616426944732666,70.0,pytorch,27287.087890625,1.17251455783844,0.9271969199180604,400.0,1.0,1.0,1.0,94.22433471679688,500.0,250129_mobilenet_onoffbench11.csv,0.2223395258188247,2025-03-20T16:10:33.547Z
0.0629424974322319,15.925633430480955,offload,656.1375122070312,4000.0,100.0,0.0628119483590126,0.0413840971887111,0.0338973738253116,True,3.0,0.0629424974322319,mobilenetv2,4.364473342895508,40.0,pytorch,144509.0,19.567646026611328,18.405288696289062,400.0,1.0,1.0,70.0,25.177000045776367,500.0,250129_mobilenet_onoffbench11.csv,0.0557042509317398,2025-03-20T16:10:33.547Z
0.0694324970245361,14.869180679321287,offload,796.7503662109375,4000.0,100.0,0.0693229287862777,0.0744074955582618,0.0400298461318016,True,6.0,0.0694324970245361,mobilenetv2,3.706120729446411,40.0,pytorch,144509.0,17.176313400268555,16.676616668701172,400.0,1.0,1.0,70.0,27.77300071716309,500.0,250129_mobilenet_onoffbench11.csv,0.0620448105037212,2025-03-20T16:10:33.547Z
0.0430499985814094,23.90038299560547,offload,626.74365234375,2000.0,100.0,0.0429576896131038,0.0691546276211738,0.0175618734210729,True,1.0,0.0430499985814094,mobilenetv2,3.9960784912109375,40.0,pytorch,144509.0,26.98247528076172,26.9118766784668,400.0,1.0,1.0,70.0,17.219999313354492,500.0,250129_mobilenet_onoffbench11.csv,0.030591307207942,2025-03-20T16:10:33.547Z
0.0839791670441627,11.98379898071289,offload,483.4270935058594,2000.0,100.0,0.0838725715875625,0.0580667704343795,0.0547582879662513,True,3.0,0.0839791670441627,mobilenetv2,4.426242351531982,40.0,pytorch,144509.0,14.208433151245115,13.783671379089355,400.0,1.0,1.0,70.0,33.59166717529297,500.0,250129_mobilenet_onoffbench11.csv,0.0763340815901756,2025-03-20T16:10:33.547Z
0.0705583319067955,14.243250846862791,offload,836.506591796875,2000.0,100.0,0.0704571604728698,0.0824341028928756,0.0353677459061145,True,6.0,0.0705583319067955,mobilenetv2,4.860546588897705,40.0,pytorch,144509.0,17.010501861572266,16.40815544128418,400.0,1.0,1.0,70.0,28.22333335876465,500.0,250129_mobilenet_onoffbench11.csv,0.0636204183101654,2025-03-20T16:10:33.547Z
0.0684541687369346,15.16530990600586,offload,465.4606018066406,4000.0,100.0,0.0683562532067298,0.061844915151596,0.0401080586016178,True,1.0,0.0684541687369346,mobilenetv2,3.798491954803467,40.0,pytorch,144509.0,18.189048767089844,16.912452697753906,400.0,1.0,1.0,30.0,27.38166618347168,500.0,250129_mobilenet_onoffbench11.csv,0.06097312271595,2025-03-20T16:10:33.547Z
0.0574233308434486,18.323766708374023,offload,601.2818603515625,4000.0,100.0,0.0573099181056022,0.0843000411987304,0.0257562175393104,True,3.0,0.0574233308434486,mobilenetv2,3.709942102432251,40.0,pytorch,144509.0,21.40576171875,20.17228507995605,400.0,1.0,1.0,30.0,22.96933364868164,500.0,250129_mobilenet_onoffbench11.csv,0.0429852865636348,2025-03-20T16:10:33.547Z
0.0805125012993812,12.811697006225586,offload,743.5949096679688,4000.0,100.0,0.0804055705666542,0.2112413644790649,0.0448291786015033,True,6.0,0.0805125012993812,mobilenetv2,4.386353969573975,40.0,pytorch,144509.0,15.4188814163208,14.378008842468262,400.0,1.0,1.0,30.0,32.20500183105469,500.0,250129_mobilenet_onoffbench11.csv,0.0732364133000373,2025-03-20T16:10:33.547Z
0.0577575005590915,17.8383731842041,offload,657.3026123046875,2000.0,100.0,0.0576878823339939,0.0508534684777259,0.0289128199219703,True,3.0,0.0577575005590915,mobilenetv2,3.779486894607544,40.0,pytorch,144509.0,20.696760177612305,20.040117263793945,400.0,1.0,1.0,30.0,23.10300064086914,500.0,250129_mobilenet_onoffbench11.csv,0.0505801774561405,2025-03-20T16:10:33.547Z
0.0571133345365524,17.703691482543945,offload,536.855712890625,2000.0,100.0,0.0569891855120658,0.0507782809436321,0.0269742961972951,True,1.0,0.0571133345365524,mobilenetv2,4.353346347808838,40.0,pytorch,144509.0,21.20720100402832,20.28581428527832,400.0,1.0,1.0,30.0,22.845333099365234,500.0,250129_mobilenet_onoffbench11.csv,0.0511858239769935,2025-03-20T16:10:33.547Z
0.0507100000977516,19.77324867248535,offload,1043.4005126953125,2000.0,100.0,0.0505909062922,0.0430355817079544,0.0197442546486854,True,6.0,0.0507100000977516,mobilenetv2,3.7729125022888175,40.0,pytorch,144509.0,19.749162673950195,22.85137939453125,400.0,1.0,1.0,30.0,20.28400039672852,500.0,250129_mobilenet_onoffbench11.csv,0.0395113974809646,2025-03-20T16:10:33.547Z
0.1283741593360901,7.815561771392822,offload,310.1181335449219,4000.0,100.0,0.1282990723848343,0.0243623554706573,0.0920912250876426,True,1.0,0.1283741593360901,mobilenetv2,4.355637073516846,40.0,pytorch,144509.0,9.995436668395996,9.01075839996338,400.0,1.0,1.0,15.0,51.34966659545898,500.0,250129_mobilenet_onoffbench11.csv,0.1238551810383796,2025-03-20T16:10:33.547Z
0.1117116659879684,9.199542045593262,offload,619.95068359375,4000.0,100.0,0.1116373091936111,0.0318522043526172,0.0748670697212219,True,6.0,0.1117116659879684,mobilenetv2,3.804067373275757,40.0,pytorch,144509.0,11.78310203552246,10.355606079101562,400.0,1.0,1.0,15.0,44.68466567993164,500.0,250129_mobilenet_onoffbench11.csv,0.1048564463853836,2025-03-20T16:10:33.547Z
0.1198433339595794,8.380505561828613,offload,402.7937316894531,4000.0,100.0,0.1197501868009567,0.0254890527576208,0.0822842642664909,True,3.0,0.1198433339595794,mobilenetv2,4.2132887840271,40.0,pytorch,144509.0,10.657687187194824,9.654030799865724,400.0,1.0,1.0,15.0,47.93733215332031,500.0,250129_mobilenet_onoffbench11.csv,0.1134698614478111,2025-03-20T16:10:33.547Z
0.0932191684842109,10.728343963623049,offload,413.4862365722656,2000.0,100.0,0.0931484401226043,0.0257730837911367,0.0577153116464614,True,1.0,0.0932191684842109,mobilenetv2,3.6938323974609375,40.0,pytorch,144509.0,13.642576217651367,12.41107177734375,400.0,1.0,1.0,15.0,37.28766632080078,500.0,250129_mobilenet_onoffbench11.csv,0.0802253186702728,2025-03-20T16:10:33.547Z
0.1266833394765854,7.911240100860596,offload,373.4107055664063,2000.0,100.0,0.1265888512134552,0.0394184067845344,0.0902459323406219,True,3.0,0.1266833394765854,mobilenetv2,4.442916870117188,40.0,pytorch,144509.0,9.471363067626951,9.132494926452637,400.0,1.0,1.0,15.0,50.673336029052734,500.0,250129_mobilenet_onoffbench11.csv,0.1205475032329559,2025-03-20T16:10:33.547Z
0.1164241656661033,8.590835571289062,offload,608.4326782226562,2000.0,100.0,0.1163555607199668,0.0281712338328361,0.0762571692466735,True,6.0,0.1164241656661033,mobilenetv2,4.343618392944336,40.0,pytorch,144509.0,10.916629791259766,9.935683250427246,400.0,1.0,1.0,15.0,46.56966781616211,500.0,250129_mobilenet_onoffbench11.csv,0.1100822389125824,2025-03-20T16:10:33.547Z
0.1551941633224487,6.467695713043213,offload,251.15249633789065,4000.0,100.0,0.1550998091697693,0.0251504518091678,0.1171915233135223,True,1.0,0.1551941633224487,mobilenetv2,3.728832244873047,40.0,pytorch,144509.0,8.047003746032715,7.453729152679443,400.0,1.0,1.0,10.0,62.077667236328125,500.0,250129_mobilenet_onoffbench11.csv,0.1485692709684372,2025-03-20T16:10:33.547Z
0.1297516673803329,7.709959506988525,offload,398.379150390625,4000.0,100.0,0.1296549886465072,0.0273338928818702,0.0895285382866859,True,3.0,0.1297516673803329,mobilenetv2,3.853948354721069,40.0,pytorch,144509.0,10.06869125366211,8.916524887084961,400.0,1.0,1.0,10.0,51.900665283203125,500.0,250129_mobilenet_onoffbench11.csv,0.116400696337223,2025-03-20T16:10:33.547Z
0.1741266697645187,5.787955284118652,offload,440.1222534179688,4000.0,100.0,0.1740468442440033,0.0256224181503057,0.1322584897279739,True,6.0,0.1741266697645187,mobilenetv2,4.436758995056152,40.0,pytorch,144509.0,7.530095100402832,6.642303943634033,400.0,1.0,1.0,10.0,69.65066528320312,500.0,250129_mobilenet_onoffbench11.csv,0.1681164354085922,2025-03-20T16:10:33.547Z
0.1535016596317291,6.561911106109619,offload,274.67828369140625,2000.0,100.0,0.1533974707126617,0.0250815767794847,0.113712728023529,True,1.0,0.1535016596317291,mobilenetv2,4.445162296295166,40.0,pytorch,144509.0,8.327322006225586,7.536448001861572,400.0,1.0,1.0,10.0,61.400665283203125,500.0,250129_mobilenet_onoffbench11.csv,0.1467834562063217,2025-03-20T16:10:33.547Z
0.0289641674607992,34.817134857177734,offload,1495.1578369140625,4000.0,40.0,0.0288414265960454,0.3279006779193878,0.0064437906257808,True,6.0,0.0289641674607992,mobilenetv2,4.435799598693848,40.0,pytorch,27287.087890625,8.390958786010742,7.568859577178955,400.0,1.0,1.0,10.0,11.58566665649414,500.0,250129_mobilenet_onoffbench11.csv,0.0224581360816955,2025-03-20T16:10:33.547Z
0.027426665648818,36.99604415893555,offload,1075.37158203125,2000.0,40.0,0.0272899139672517,0.1919838190078735,0.0067240125499665,True,3.0,0.027426665648818,mobilenetv2,3.799160718917847,40.0,pytorch,27287.087890625,9.012789726257324,7.999171257019043,400.0,1.0,1.0,10.0,10.970666885375977,500.0,250129_mobilenet_onoffbench11.csv,0.0211227387189865,2025-03-20T16:10:33.547Z
0.0266149993985891,37.65926742553711,offload,755.89453125,2000.0,40.0,0.0262486785650253,0.1711924225091934,0.0053343134932219,True,1.0,0.0266149993985891,mobilenetv2,4.268307685852051,40.0,pytorch,27287.087890625,8.74504280090332,8.316483497619629,400.0,1.0,1.0,10.0,10.645999908447266,500.0,250129_mobilenet_onoffbench11.csv,0.021434424445033,2025-03-20T16:10:33.547Z
0.0293841678649187,34.081546783447266,offload,1644.844970703125,2000.0,40.0,0.0292888488620519,0.5421439409255981,0.0018111177487298,True,6.0,0.0293841678649187,mobilenetv2,3.869629144668579,40.0,pytorch,27287.087890625,5.699981689453125,7.453235626220703,400.0,1.0,1.0,10.0,11.753666877746582,500.0,250129_mobilenet_onoffbench11.csv,0.0166586581617593,2025-03-20T16:10:33.547Z
0.050775833427906,19.713228225708008,offload,469.1148986816406,4000.0,40.0,0.0506900995969772,0.1203695386648178,0.0261890459805727,True,1.0,0.050775833427906,mobilenetv2,4.304937362670898,40.0,pytorch,27287.087890625,4.916263103485107,4.306495666503906,400.0,1.0,1.0,5.0,20.310333251953125,500.0,250129_mobilenet_onoffbench11.csv,0.0461745485663414,2025-03-20T16:10:33.547Z
0.0563016682863235,18.6007022857666,offload,974.0562744140624,4000.0,40.0,0.056000642478466,0.1973602324724197,0.0221082847565412,True,6.0,0.0563016682863235,mobilenetv2,3.722994804382324,40.0,pytorch,27287.087890625,4.301001071929932,3.898110866546631,400.0,1.0,1.0,5.0,22.520666122436523,500.0,250129_mobilenet_onoffbench11.csv,0.0418552458286285,2025-03-20T16:10:33.547Z
0.0495841652154922,20.206743240356445,offload,737.1974487304688,4000.0,40.0,0.0494555942714214,0.1778284013271331,0.0221118479967117,True,3.0,0.0495841652154922,mobilenetv2,4.25070333480835,40.0,pytorch,27287.087890625,5.079514026641846,4.413993835449219,400.0,1.0,1.0,5.0,19.83366584777832,500.0,250129_mobilenet_onoffbench11.csv,0.0453903935849666,2025-03-20T16:10:33.547Z
0.0481183342635631,20.791837692260746,offload,521.6309814453125,2000.0,40.0,0.0480184815824031,0.0846975669264793,0.0227196384221315,True,1.0,0.0481183342635631,mobilenetv2,3.7083542346954346,40.0,pytorch,27287.087890625,4.815352439880371,4.546097755432129,400.0,1.0,1.0,5.0,19.247333526611328,500.0,250129_mobilenet_onoffbench11.csv,0.0362776443362236,2025-03-20T16:10:33.547Z
0.0546825006604194,18.495210647583008,offload,666.704833984375,2000.0,40.0,0.0545851364731788,0.115361601114273,0.0278280638158321,True,3.0,0.0546825006604194,mobilenetv2,4.34320068359375,40.0,pytorch,27287.087890625,4.505979061126709,3.999197006225586,400.0,1.0,1.0,5.0,21.87300109863281,500.0,250129_mobilenet_onoffbench11.csv,0.0495519898831844,2025-03-20T16:10:33.547Z
0.049770001322031,20.101890563964844,offload,1086.923583984375,2000.0,40.0,0.0496583878993988,0.1968244016170501,0.0199935045093297,True,6.0,0.049770001322031,mobilenetv2,4.2350664138793945,40.0,pytorch,27287.087890625,4.958604335784912,4.395968437194824,400.0,1.0,1.0,5.0,19.90800094604492,500.0,250129_mobilenet_onoffbench11.csv,0.0438868179917335,2025-03-20T16:10:33.547Z
0.0811216682195663,12.330885887145996,offload,355.91424560546875,4000.0,40.0,0.0810300037264823,0.0863522738218307,0.0503310970962047,True,1.0,0.0811216682195663,mobilenetv2,3.687445640563965,40.0,pytorch,27287.087890625,3.1503682136535645,2.6940231323242188,400.0,1.0,1.0,3.0,32.44866943359375,500.0,250129_mobilenet_onoffbench11.csv,0.0764005482196807,2025-03-20T16:10:33.547Z
0.078745000064373,12.703339576721191,offload,494.2898864746094,4000.0,40.0,0.0786624476313591,0.0815399959683418,0.0487258285284042,True,3.0,0.078745000064373,mobilenetv2,3.7357473373413086,40.0,pytorch,27287.087890625,3.2396414279937744,2.775106906890869,400.0,1.0,1.0,3.0,31.49799919128418,500.0,250129_mobilenet_onoffbench11.csv,0.0666649714112281,2025-03-20T16:10:33.547Z
0.0853466615080833,11.73271942138672,offload,725.9722900390625,4000.0,40.0,0.0852162316441536,0.1490594297647476,0.0524184219539165,True,6.0,0.0853466615080833,mobilenetv2,4.309008121490479,40.0,pytorch,27287.087890625,3.1399199962615967,2.56167984008789,400.0,1.0,1.0,3.0,34.13866424560547,500.0,250129_mobilenet_onoffbench11.csv,0.0802355483174324,2025-03-20T16:10:33.547Z
0.0815524980425834,12.264142990112305,offload,487.6354370117188,2000.0,40.0,0.0814232975244522,0.0802944004535675,0.0520280972123146,True,3.0,0.0815524980425834,mobilenetv2,3.7284326553344727,40.0,pytorch,27287.087890625,3.010060310363769,2.6810102462768555,400.0,1.0,1.0,3.0,32.62099838256836,500.0,250129_mobilenet_onoffbench11.csv,0.0761268734931945,2025-03-20T16:10:33.547Z
0.0831741690635681,12.025144577026367,offload,401.2440490722656,2000.0,40.0,0.0830476507544517,0.0964350402355194,0.0507460124790668,True,1.0,0.0831741690635681,mobilenetv2,4.349834442138672,40.0,pytorch,27287.087890625,3.217348337173462,2.6285717487335205,400.0,1.0,1.0,3.0,33.26966857910156,500.0,250129_mobilenet_onoffbench11.csv,0.0796182081103324,2025-03-20T16:10:33.547Z
0.0782216638326644,12.784466743469238,offload,748.0519409179688,2000.0,40.0,0.0781391113996505,0.0750615075230598,0.0452776700258255,True,6.0,0.0782216638326644,mobilenetv2,3.86154580116272,40.0,pytorch,27287.087890625,3.251714944839477,2.7936933040618896,400.0,1.0,1.0,3.0,31.28866577148437,500.0,250129_mobilenet_onoffbench11.csv,0.0669231414794921,2025-03-20T16:10:33.547Z
0.251794159412384,3.971879482269287,offload,149.87562561035156,4000.0,40.0,0.2517008483409881,0.0673161000013351,0.2130584269762039,True,1.0,0.251794159412384,mobilenetv2,4.408218383789063,40.0,pytorch,27287.087890625,1.125646948814392,0.8672863841056824,400.0,1.0,1.0,1.0,100.71766662597656,500.0,250129_mobilenet_onoffbench11.csv,0.2482853680849075,2025-03-20T16:10:33.547Z
0.2540866732597351,3.941420078277588,offload,195.0162048339844,4000.0,40.0,0.2527790367603302,0.2445973455905914,0.2051009982824325,True,3.0,0.2540866732597351,mobilenetv2,4.352614879608154,40.0,pytorch,27287.087890625,1.1125856637954712,0.8635870814323425,400.0,1.0,1.0,1.0,101.6346664428711,500.0,250129_mobilenet_onoffbench11.csv,0.246924951672554,2025-03-20T16:10:33.547Z
0.2644349932670593,3.7865183353424072,offload,297.481201171875,4000.0,40.0,0.2643548548221588,0.0980917513370513,0.2035584896802902,True,6.0,0.2644349932670593,mobilenetv2,3.742525339126587,40.0,pytorch,27287.087890625,1.066320776939392,0.8257715106010437,400.0,1.0,1.0,1.0,105.77400207519533,500.0,250129_mobilenet_onoffbench11.csv,0.2416010648012161,2025-03-20T16:10:33.547Z
0.2349408268928527,4.256399154663086,offload,156.0691375732422,2000.0,40.0,0.2348555475473404,0.0614420659840106,0.1972846686840057,True,1.0,0.2349408268928527,mobilenetv2,3.695381164550781,40.0,pytorch,27287.087890625,1.1752501726150513,0.929493486881256,400.0,1.0,1.0,1.0,93.97633361816406,500.0,250129_mobilenet_onoffbench11.csv,0.2222889959812164,2025-03-20T16:10:33.547Z
0.2561433315277099,3.904206991195679,offload,191.2168884277344,2000.0,40.0,0.256059467792511,0.0643124282360076,0.2168130427598953,True,3.0,0.2561433315277099,mobilenetv2,4.382339954376221,40.0,pytorch,27287.087890625,1.0939654111862185,0.8525234460830688,400.0,1.0,1.0,1.0,102.45733642578124,500.0,250129_mobilenet_onoffbench11.csv,0.2506299614906311,2025-03-20T16:10:33.547Z
0.2517533302307129,3.973832368850708,offload,306.9051513671875,2000.0,40.0,0.2516539096832275,0.0759229436516761,0.2088414132595062,True,6.0,0.2517533302307129,mobilenetv2,4.437301158905029,40.0,pytorch,27287.087890625,1.1286532878875732,0.8674481511116028,400.0,1.0,1.0,1.0,100.70133209228516,500.0,250129_mobilenet_onoffbench11.csv,0.2465635240077972,2025-03-20T16:10:33.547Z
0.0298687499016523,33.586856842041016,offload,1338.3245849609375,2000.0,40.0,0.0297527238726615,1.3160810470581057,0.0031070914119482,True,6.0,0.0298687499016523,mobilenetv2,3.694688081741333,40.0,pytorch,27287.087890625,7.629298686981201,7.337032794952393,400.0,1.0,1.0,30.0,11.947500228881836,500.0,250129_mobilenet_onoffbench11.csv,0.0076977405697107,2025-03-20T16:10:33.547Z
0.0281175002455711,39.35684967041016,offload,1113.3558349609375,4000.0,70.0,0.027997862547636,0.6117383241653442,0.0049669188447296,True,3.0,0.0281175002455711,mobilenetv2,4.598903179168701,100.0,pytorch,44053.38671875,13.337693214416504,12.587642669677734,400.0,1.0,1.0,30.0,11.246999740600586,500.0,250129_mobilenet_onoffbench11.csv,0.0181383192539215,2025-03-20T16:10:33.547Z
0.2777391672134399,14.235031127929688,offload,796.3975219726562,2000.0,70.0,0.2776236832141876,0.9943748116493224,0.2389024794101715,False,3.0,0.2777391672134399,mobilenetv2,0.0261260662227869,40.0,pytorch,44053.38671875,5.389726638793945,1.2694417238235474,400.0,1.0,1.0,1.0,111.09566497802734,500.0,250129_mobilenet_onoffbench11.csv,0.2665171325206756,2025-03-20T16:10:33.547Z
0.2728500068187713,16.03464698791504,offload,369.5491638183594,2000.0,70.0,0.2727726399898529,0.6360341310501099,0.2377906143665313,False,1.0,0.2728500068187713,mobilenetv2,0.0434765815734863,40.0,pytorch,44053.38671875,6.06504487991333,1.2920178174972534,400.0,1.0,1.0,1.0,109.13999938964844,500.0,250129_mobilenet_onoffbench11.csv,0.2619126737117767,2025-03-20T16:10:33.547Z
0.2817391753196716,10.500423431396484,offload,1700.330322265625,4000.0,70.0,0.2816522717475891,0.8923034071922302,0.223504826426506,False,6.0,0.2817391753196716,mobilenetv2,0.0429691486060619,40.0,pytorch,44053.38671875,3.988508939743042,1.2512844800949097,400.0,1.0,1.0,1.0,112.69566345214844,500.0,250129_mobilenet_onoffbench11.csv,0.2688271999359131,2025-03-20T16:10:33.547Z
0.0215774998068809,47.833980560302734,offload,1645.510498046875,4000.0,40.0,0.0214416962116956,0.8678975105285645,0.0050029740668833,False,3.0,0.0215774998068809,mobilenetv2,0.0196810960769653,40.0,pytorch,27287.087890625,10.752893447875977,10.180943489074709,400.0,1.0,1.0,70.0,8.631000518798828,500.0,250129_mobilenet_onoffbench11.csv,0.0050098630599677,2025-03-20T16:10:33.547Z
0.0240000002086162,41.98276138305664,offload,784.0126953125,2000.0,40.0,0.0239154081791639,1.113637924194336,0.0037944174837321,False,1.0,0.0240000002086162,mobilenetv2,0.0373580455780029,40.0,pytorch,27287.087890625,9.824149131774902,9.12786865234375,400.0,1.0,1.0,30.0,9.59999942779541,500.0,250129_mobilenet_onoffbench11.csv,0.006224641110748,2025-03-20T16:10:33.547Z
0.0253474991768598,39.60162353515625,offload,724.491943359375,4000.0,40.0,0.0252581480890512,0.814580500125885,0.0049216467887163,False,1.0,0.0253474991768598,mobilenetv2,0.0359060764312744,40.0,pytorch,27287.087890625,9.116212844848633,8.642624855041504,400.0,1.0,1.0,30.0,10.138999938964844,500.0,250129_mobilenet_onoffbench11.csv,0.0065447259694337,2025-03-20T16:10:33.547Z
0.0309537500143051,32.30636215209961,offload,3463.07470703125,4000.0,40.0,0.0307987015694379,1.0026614665985107,0.0056627681478857,False,6.0,0.0309537500143051,mobilenetv2,0.0208690166473388,40.0,pytorch,27287.087890625,7.357448101043701,7.087853908538818,400.0,1.0,1.0,70.0,12.381500244140623,500.0,250129_mobilenet_onoffbench11.csv,0.0113600185140967,2025-03-20T16:10:33.547Z
0.0259549990296363,38.61248779296875,offload,2146.360107421875,4000.0,40.0,0.025789925828576,1.2813540697097778,0.0051251021213829,False,3.0,0.0259549990296363,mobilenetv2,0.0301210880279541,40.0,pytorch,27287.087890625,9.000150680541992,8.464417457580566,400.0,1.0,1.0,30.0,10.381999969482422,500.0,250129_mobilenet_onoffbench11.csv,0.0061998600140213,2025-03-20T16:10:33.547Z
0.032345000654459,31.181062698364254,offload,3395.440185546875,4000.0,40.0,0.0322482734918594,2.017258882522583,0.0036710530985146,False,6.0,0.032345000654459,mobilenetv2,0.0369888134300708,40.0,pytorch,27287.087890625,7.125916004180908,6.769252300262451,400.0,1.0,1.0,30.0,12.937999725341797,500.0,250129_mobilenet_onoffbench11.csv,0.0096929538995027,2025-03-20T16:10:33.547Z
0.0229174997657537,43.75151062011719,offload,2056.2041015625,4000.0,40.0,0.0228210017085075,1.2026100158691406,0.0015200744383037,False,3.0,0.0229174997657537,mobilenetv2,0.036954004317522,40.0,pytorch,27287.087890625,10.225523948669434,9.565606117248535,400.0,1.0,1.0,15.0,9.166999816894531,500.0,250129_mobilenet_onoffbench11.csv,0.0090593956410884,2025-03-20T16:10:33.547Z
0.0224124994128942,45.57330322265625,offload,877.3369140625,4000.0,40.0,0.0223374087363481,1.323447585105896,0.0003232482122257352,False,1.0,0.0224124994128942,mobilenetv2,0.0500227212905883,40.0,pytorch,27287.087890625,10.999460220336914,9.772696495056152,400.0,1.0,1.0,15.0,8.964999198913574,500.0,250129_mobilenet_onoffbench11.csv,0.0133694177493453,2025-03-20T16:10:33.547Z
0.0285987500101327,34.97605895996094,offload,711.7515258789062,2000.0,40.0,0.0285236481577157,0.9645861387252808,0.0072368099354207,False,1.0,0.0285987500101327,mobilenetv2,0.0362498760223388,40.0,pytorch,27287.087890625,7.902388572692871,7.653182983398437,400.0,1.0,1.0,70.0,11.439499855041504,500.0,250129_mobilenet_onoffbench11.csv,0.0050451424904167,2025-03-20T16:10:33.547Z
0.0323475003242492,30.914308547973636,offload,3460.95458984375,4000.0,40.0,0.0320609807968139,1.8328794240951536,0.0020575607195496,False,6.0,0.0323475003242492,mobilenetv2,0.0499185323715209,40.0,pytorch,27287.087890625,7.396660804748535,6.808797359466553,400.0,1.0,1.0,15.0,12.939000129699709,500.0,250129_mobilenet_onoffbench11.csv,0.0127484835684299,2025-03-20T16:10:33.547Z
0.0218275003135204,45.83830261230469,offload,864.0328369140625,2000.0,40.0,0.0216516256332397,0.6227597594261169,0.0011092772474512,False,1.0,0.0218275003135204,mobilenetv2,0.0327095985412597,40.0,pytorch,27287.087890625,10.94473648071289,10.082231521606444,400.0,1.0,1.0,15.0,8.730999946594238,500.0,250129_mobilenet_onoffbench11.csv,0.0107726640999317,2025-03-20T16:10:33.547Z
0.0233512502163648,42.82434844970703,offload,1783.047607421875,2000.0,40.0,0.0232377219945192,1.154958963394165,0.0010282217990607,False,3.0,0.0233512502163648,mobilenetv2,0.021295428276062,40.0,pytorch,27287.087890625,9.733088493347168,9.39406681060791,400.0,1.0,1.0,15.0,9.340499877929688,500.0,250129_mobilenet_onoffbench11.csv,0.010595878586173,2025-03-20T16:10:33.547Z
0.0324275009334087,31.2359619140625,offload,1774.8453369140625,2000.0,40.0,0.032346349209547,1.9608045816421509,0.0022041415795683,False,3.0,0.0324275009334087,mobilenetv2,0.0262637138366699,40.0,pytorch,27287.087890625,7.132443428039551,6.748727798461914,400.0,1.0,1.0,70.0,12.970999717712402,500.0,250129_mobilenet_onoffbench11.csv,0.0083214109763503,2025-03-20T16:10:33.547Z
0.0369837507605552,27.08060073852539,offload,1814.959228515625,2000.0,40.0,0.0368907935917377,3.3179945945739746,0.0006659229984506965,False,3.0,0.0369837507605552,mobilenetv2,0.0313864946365356,40.0,pytorch,27287.087890625,6.181570529937744,5.917376518249512,400.0,1.0,1.0,30.0,14.793499946594238,500.0,250129_mobilenet_onoffbench11.csv,0.0073887803591787,2025-03-20T16:10:33.547Z
0.1051858365535736,9.50935173034668,offload,1983.855712890625,2000.0,40.0,0.1050390526652336,15.373198509216309,0.00045659043826162815,False,6.0,0.1051858365535736,mobilenetv2,0.0433083362877368,40.0,pytorch,27287.087890625,2.209052562713623,2.0782432556152344,400.0,1.0,1.0,30.0,42.07433319091797,500.0,250129_mobilenet_onoffbench11.csv,0.017568577080965,2025-03-20T16:10:33.547Z
0.1279049962759018,8.37430477142334,offload,1942.015625,2000.0,40.0,0.1278250366449356,19.264781951904297,0.000287572736851871,False,6.0,0.1279049962759018,mobilenetv2,0.041431188583374,40.0,pytorch,27287.087890625,1.921957731246948,1.7077773809432983,400.0,1.0,1.0,70.0,51.16200256347656,500.0,250129_mobilenet_onoffbench11.csv,0.0165069829672575,2025-03-20T16:10:33.547Z
0.0331875011324882,30.237831115722656,offload,1673.23779296875,2000.0,40.0,0.0331207886338233,1.094618558883667,0.0042551667429506,False,3.0,0.0331875011324882,mobilenetv2,0.0393604040145874,40.0,pytorch,27287.087890625,7.248281478881836,6.590926647186279,400.0,1.0,1.0,10.0,13.27500057220459,500.0,250129_mobilenet_onoffbench11.csv,0.0164845790714025,2025-03-20T16:10:33.547Z
0.0282216668128967,36.0400390625,offload,424.0802307128906,4000.0,40.0,0.0281453169882297,0.594505250453949,0.0076564843766391,False,1.0,0.0282216668128967,mobilenetv2,0.0186072196811437,40.0,pytorch,27287.087890625,8.201125144958496,7.756057739257812,400.0,1.0,1.0,10.0,11.288666725158691,500.0,250129_mobilenet_onoffbench11.csv,0.0120770065113902,2025-03-20T16:10:33.547Z
0.0354737490415573,28.24265480041504,offload,3068.193359375,4000.0,40.0,0.0353869646787643,1.375156283378601,0.0002306005480932072,False,6.0,0.0354737490415573,mobilenetv2,0.0390757322311401,40.0,pytorch,27287.087890625,6.761917591094971,6.168845176696777,400.0,1.0,1.0,10.0,14.189499855041504,500.0,250129_mobilenet_onoffbench11.csv,0.0153452940285205,2025-03-20T16:10:33.547Z
0.039136666804552,27.70935821533203,offload,543.3976440429688,2000.0,40.0,0.0390451177954673,1.6742883920669556,0.0084030553698539,False,1.0,0.039136666804552,mobilenetv2,0.0363778285682201,40.0,pytorch,27287.087890625,6.571455001831055,5.590883731842041,400.0,1.0,1.0,10.0,15.65466594696045,500.0,250129_mobilenet_onoffbench11.csv,0.0133387632668018,2025-03-20T16:10:33.547Z
0.0295474994927644,33.90304183959961,offload,1718.440185546875,4000.0,40.0,0.0294746607542037,0.25525763630867,0.0087534710764884,False,3.0,0.0295474994927644,mobilenetv2,0.0289630889892578,40.0,pytorch,27287.087890625,7.997274398803711,7.40625,400.0,1.0,1.0,10.0,11.819000244140623,500.0,250129_mobilenet_onoffbench11.csv,0.0159882605075836,2025-03-20T16:10:33.547Z
0.0482674986124038,20.7187442779541,offload,2772.068359375,4000.0,40.0,0.0481825619935989,0.2336784750223159,0.0096709374338388,False,6.0,0.0482674986124038,mobilenetv2,0.0367952585220336,40.0,pytorch,27287.087890625,5.077235221862793,4.530616760253906,400.0,1.0,1.0,5.0,19.30699920654297,500.0,250129_mobilenet_onoffbench11.csv,0.0378899611532688,2025-03-20T16:10:33.547Z
0.0484074987471103,20.71430206298828,offload,1875.886474609375,2000.0,40.0,0.0483245924115181,5.586746692657471,0.0001376611035084352,False,6.0,0.0484074987471103,mobilenetv2,0.0613682270050048,40.0,pytorch,27287.087890625,4.8105788230896,4.517300605773926,400.0,1.0,1.0,15.0,19.362998962402344,500.0,250129_mobilenet_onoffbench11.csv,0.0118369981646537,2025-03-20T16:10:33.547Z
0.046798750758171,21.36826515197754,offload,1209.5521240234375,4000.0,40.0,0.0466426759958267,0.0643418431282043,0.0232603028416633,False,3.0,0.046798750758171,mobilenetv2,0.0306429862976074,40.0,pytorch,27287.087890625,5.241114139556885,4.680192470550537,400.0,1.0,1.0,5.0,18.71949958801269,500.0,250129_mobilenet_onoffbench11.csv,0.037846028804779,2025-03-20T16:10:33.547Z
0.0876950025558471,12.620013236999512,offload,1865.7275390625,2000.0,40.0,0.0876321792602539,10.700775146484377,0.000347124325344339,False,6.0,0.0876950025558471,mobilenetv2,0.0307767391204834,40.0,pytorch,27287.087890625,2.9117095470428467,2.491056442260742,400.0,1.0,1.0,10.0,35.0780029296875,500.0,250129_mobilenet_onoffbench11.csv,0.0193335432559251,2025-03-20T16:10:33.547Z
0.0474625006318092,21.070011138916016,offload,563.4515380859375,2000.0,40.0,0.0473773255944252,0.0622734315693378,0.0196998305618762,False,1.0,0.0474625006318092,mobilenetv2,0.0446386337280273,40.0,pytorch,27287.087890625,5.275157451629639,4.607619762420654,400.0,1.0,1.0,5.0,18.98499870300293,500.0,250129_mobilenet_onoffbench11.csv,0.0373502112925052,2025-03-20T16:10:33.547Z
0.0455266684293746,22.479461669921875,offload,1417.8270263671875,2000.0,40.0,0.0454058162868022,0.8884290456771851,0.0110032139346003,False,3.0,0.0455266684293746,mobilenetv2,0.0473670959472656,40.0,pytorch,27287.087890625,5.420073986053467,4.807681560516357,400.0,1.0,1.0,5.0,18.21066665649414,500.0,250129_mobilenet_onoffbench11.csv,0.0307129025459289,2025-03-20T16:10:33.547Z
0.0472524985671043,21.178993225097656,offload,410.2212829589844,4000.0,40.0,0.0471809692680835,0.0462865382432937,0.0255530308932065,False,1.0,0.0472524985671043,mobilenetv2,0.0354458093643188,40.0,pytorch,27287.087890625,5.115260124206543,4.626795291900635,400.0,1.0,1.0,5.0,18.9010009765625,500.0,250129_mobilenet_onoffbench11.csv,0.0392244942486286,2025-03-20T16:10:33.547Z
0.0802137553691864,12.477411270141602,offload,375.739990234375,4000.0,40.0,0.0800994634628295,0.0446530245244503,0.0480564124882221,False,1.0,0.0802137553691864,mobilenetv2,0.0496902465820312,40.0,pytorch,27287.087890625,3.179992914199829,2.725320339202881,400.0,1.0,1.0,3.0,32.08550262451172,500.0,250129_mobilenet_onoffbench11.csv,0.0705249682068824,2025-03-20T16:10:33.547Z
0.0621583350002765,20.15236091613769,offload,1102.2252197265625,4000.0,40.0,0.0620436295866966,0.4339715838432312,0.0374197363853454,False,3.0,0.0621583350002765,mobilenetv2,0.0364572219550609,40.0,pytorch,27287.087890625,4.869980335235596,3.518438577651977,400.0,1.0,1.0,3.0,24.86333274841309,500.0,250129_mobilenet_onoffbench11.csv,0.0505723915994167,2025-03-20T16:10:33.547Z
0.0962858349084854,10.597476959228516,offload,1947.38525390625,2000.0,40.0,0.0961651057004928,11.883668899536133,0.00024061162548605355,False,6.0,0.0962858349084854,mobilenetv2,0.0480902194976806,40.0,pytorch,27287.087890625,2.551104784011841,2.270020008087158,400.0,1.0,1.0,5.0,38.51433181762695,500.0,250129_mobilenet_onoffbench11.csv,0.0312646403908729,2025-03-20T16:10:33.547Z
0.0616308338940143,18.92604637145996,offload,1942.620361328125,4000.0,40.0,0.0615405924618244,1.4178386926651,0.0373891182243824,False,6.0,0.0616308338940143,mobilenetv2,0.0238920841366052,40.0,pytorch,27287.087890625,4.405100345611572,3.54719877243042,400.0,1.0,1.0,3.0,24.65233421325684,500.0,250129_mobilenet_onoffbench11.csv,0.0495660491287708,2025-03-20T16:10:33.547Z
0.0391125008463859,26.76228904724121,offload,647.73291015625,4000.0,100.0,0.0390323996543884,0.065454788506031,0.0138402711600065,True,1.0,0.0391125008463859,mobilenetv2,3.833718299865722,100.0,pytorch,144509.0,31.43762588500977,29.61826515197754,400.0,1.0,1.0,70.0,15.645000457763672,500.0,250129_mobilenet_onoffbench11.csv,0.0274236127734184,2025-03-20T16:10:33.547Z
0.0821233317255973,13.198812484741213,offload,1677.4190673828125,2000.0,40.0,0.0819975957274437,4.344453811645508,0.0134243611246347,False,6.0,0.0821233317255973,mobilenetv2,0.0434315204620361,40.0,pytorch,27287.087890625,3.1809003353118896,2.6622328758239746,400.0,1.0,1.0,3.0,32.849334716796875,500.0,250129_mobilenet_onoffbench11.csv,0.0465603657066822,2025-03-20T16:10:33.547Z
0.0585674978792667,23.567806243896484,offload,1041.4857177734375,2000.0,40.0,0.0584737695753574,0.5244488716125488,0.0389317162334919,False,3.0,0.0585674978792667,mobilenetv2,0.0356726646423339,40.0,pytorch,27287.087890625,5.516039371490479,3.733241558074951,400.0,1.0,1.0,3.0,23.427000045776367,500.0,250129_mobilenet_onoffbench11.csv,0.0430512614548206,2025-03-20T16:10:33.547Z
0.0601758323609828,20.98664283752441,offload,364.5985107421875,2000.0,40.0,0.0597025826573371,0.8490709662437439,0.0373922474682331,False,1.0,0.0601758323609828,mobilenetv2,0.019111156463623,40.0,pytorch,27287.087890625,4.973155498504639,3.656403064727783,400.0,1.0,1.0,3.0,24.07033348083496,500.0,250129_mobilenet_onoffbench11.csv,0.0457647331058979,2025-03-20T16:10:33.547Z
0.1627741605043411,14.83278751373291,offload,203.54933166503903,4000.0,40.0,0.1624960750341415,0.239008218050003,0.1316243857145309,False,1.0,0.1627741605043411,mobilenetv2,0.0376106090843677,40.0,pytorch,27287.087890625,3.5008177757263184,1.343396782875061,400.0,1.0,1.0,1.0,65.10966491699219,500.0,250129_mobilenet_onoffbench11.csv,0.1465224325656891,2025-03-20T16:10:33.547Z
0.1626666635274887,16.13585662841797,offload,739.964599609375,4000.0,40.0,0.1625862270593643,0.4024238586425781,0.1275343000888824,False,3.0,0.1626666635274887,mobilenetv2,0.0386988334357738,40.0,pytorch,27287.087890625,3.7856292724609375,1.3426518440246582,400.0,1.0,1.0,1.0,65.06666564941406,500.0,250129_mobilenet_onoffbench11.csv,0.147743672132492,2025-03-20T16:10:33.547Z
0.165428340435028,12.99185848236084,offload,677.6812744140625,2000.0,40.0,0.1653315424919128,0.4693280756473541,0.1363072693347931,False,3.0,0.165428340435028,mobilenetv2,0.0283213462680578,40.0,pytorch,27287.087890625,1.0753555297851562,1.320357322692871,400.0,1.0,1.0,1.0,66.17133331298828,500.0,250129_mobilenet_onoffbench11.csv,0.1503173410892486,2025-03-20T16:10:33.547Z
0.1887233257293701,6.156753540039063,offload,1054.787109375,2000.0,40.0,0.188613623380661,4.938723087310791,0.1170217990875244,False,6.0,0.1887233257293701,mobilenetv2,0.0435683727264404,40.0,pytorch,27287.087890625,1.5529907941818235,1.1573750972747805,400.0,1.0,1.0,1.0,75.48933410644531,500.0,250129_mobilenet_onoffbench11.csv,0.155267059803009,2025-03-20T16:10:33.547Z
0.1670791655778885,11.245397567749023,offload,1565.815673828125,4000.0,40.0,0.1670158356428146,1.0128360986709597,0.1313550621271133,False,6.0,0.1670791655778885,mobilenetv2,0.0311125125735998,40.0,pytorch,27287.087890625,2.6940793991088867,1.307041883468628,400.0,1.0,1.0,1.0,66.8316650390625,500.0,250129_mobilenet_onoffbench11.csv,0.1492791771888733,2025-03-20T16:10:33.547Z
0.163261666893959,15.21442699432373,offload,143.1328582763672,2000.0,40.0,0.1631949990987777,0.2802931070327759,0.1369413882493972,False,1.0,0.163261666893959,mobilenetv2,0.0297627449035644,40.0,pytorch,27287.087890625,3.563237428665161,1.337643265724182,400.0,1.0,1.0,1.0,65.3046646118164,500.0,250129_mobilenet_onoffbench11.csv,0.1502462923526764,2025-03-20T16:10:33.547Z
0.0394758358597755,25.61321449279785,offload,1110.214599609375,4000.0,100.0,0.0394028611481189,0.1090053394436836,0.0119098918512463,True,6.0,0.0394758358597755,mobilenetv2,3.934523344039917,100.0,pytorch,144509.0,30.379558563232425,29.339799880981445,400.0,1.0,1.0,70.0,15.79033374786377,500.0,250129_mobilenet_onoffbench11.csv,0.0326250381767749,2025-03-20T16:10:33.547Z
0.0580558329820632,18.29697608947754,offload,711.51025390625,4000.0,100.0,0.057952769100666,0.090050995349884,0.0270270556211471,True,3.0,0.0580558329820632,mobilenetv2,5.0271735191345215,100.0,pytorch,144509.0,21.472850799560547,19.94852066040039,400.0,1.0,1.0,70.0,23.22233390808105,500.0,250129_mobilenet_onoffbench11.csv,0.0513042919337749,2025-03-20T16:10:33.547Z
0.0401933342218399,25.073387145996094,offload,689.4046020507812,2000.0,100.0,0.0401069745421409,0.081954188644886,0.0128119010478258,True,1.0,0.0401933342218399,mobilenetv2,3.799674272537232,100.0,pytorch,144509.0,29.26079559326172,28.8247127532959,400.0,1.0,1.0,70.0,16.077333450317383,500.0,250129_mobilenet_onoffbench11.csv,0.0285148806869983,2025-03-20T16:10:33.547Z
0.0700091645121574,15.799759864807127,offload,659.718017578125,2000.0,100.0,0.0699183493852615,0.0628926530480384,0.0379060693085193,True,3.0,0.0700091645121574,mobilenetv2,4.658859252929688,100.0,pytorch,144509.0,19.21920394897461,16.53460121154785,400.0,1.0,1.0,70.0,28.0036678314209,500.0,250129_mobilenet_onoffbench11.csv,0.0640368238091468,2025-03-20T16:10:33.547Z
0.0559933334589004,19.47243309020996,offload,585.413818359375,4000.0,100.0,0.0558933988213539,0.0923042446374893,0.0272393580526113,True,1.0,0.0559933334589004,mobilenetv2,3.927107572555542,100.0,pytorch,144509.0,22.92411231994629,20.68351554870605,400.0,1.0,1.0,30.0,22.3973331451416,500.0,250129_mobilenet_onoffbench11.csv,0.0481176748871803,2025-03-20T16:10:33.547Z
0.0587716661393642,17.1640567779541,offload,886.8101806640625,2000.0,100.0,0.0586869083344936,0.1413837969303131,0.0253646299242973,True,6.0,0.0587716661393642,mobilenetv2,4.454780578613281,100.0,pytorch,144509.0,20.613340377807617,19.698976516723636,400.0,1.0,1.0,70.0,23.5086669921875,500.0,250129_mobilenet_onoffbench11.csv,0.0510820522904396,2025-03-20T16:10:33.547Z
0.1583800017833709,8.81568431854248,offload,577.526611328125,4000.0,100.0,0.1582899689674377,0.0814920142292976,0.1181976571679115,True,6.0,0.1583800017833709,mobilenetv2,4.420634746551514,100.0,pytorch,144509.0,11.195772171020508,7.303507804870605,400.0,1.0,1.0,30.0,63.35200119018555,500.0,250129_mobilenet_onoffbench11.csv,0.1510364860296249,2025-03-20T16:10:33.547Z
0.0496008321642875,20.27599334716797,offload,1890.7645263671875,2000.0,70.0,0.0495370961725711,4.583080291748047,0.0009213322773575784,False,6.0,0.0496008321642875,mobilenetv2,0.0377505607903003,40.0,pytorch,44053.38671875,7.393292903900146,7.114408016204834,400.0,1.0,1.0,30.0,19.840333938598636,500.0,250129_mobilenet_onoffbench11.csv,0.0159183908253908,2025-03-20T16:10:33.547Z
0.0347083322703838,30.41086196899414,offload,1792.9267578125,4000.0,70.0,0.0346407145261764,0.6157386898994446,0.0111671024933457,False,3.0,0.0347083322703838,mobilenetv2,0.0305267963558435,40.0,pytorch,44053.38671875,11.12616729736328,10.173782348632812,400.0,1.0,1.0,10.0,13.883333206176758,500.0,250129_mobilenet_onoffbench11.csv,0.0235871486365795,2025-03-20T16:10:33.547Z
0.0401649996638298,25.57055282592773,offload,3463.727294921875,4000.0,70.0,0.0400855652987957,1.868651390075684,0.0029175158124417,False,6.0,0.0401649996638298,mobilenetv2,0.0422356911003589,40.0,pytorch,44053.38671875,9.489142417907717,8.791871070861816,400.0,1.0,1.0,15.0,16.06599998474121,500.0,250129_mobilenet_onoffbench11.csv,0.0161956697702407,2025-03-20T16:10:33.547Z
0.0362975001335144,27.74042510986328,offload,1643.9366455078125,2000.0,70.0,0.0362046808004379,0.9466180801391602,0.0054449229501187,False,3.0,0.0362975001335144,mobilenetv2,0.0477668456733226,40.0,pytorch,44053.38671875,10.489068031311035,9.734296798706056,400.0,1.0,1.0,15.0,14.519000053405762,500.0,250129_mobilenet_onoffbench11.csv,0.0167550966143608,2025-03-20T16:10:33.547Z
0.0410541668534278,24.43285751342773,offload,1658.9935302734375,2000.0,70.0,0.0409249104559421,0.7890861630439758,0.0068700015544891,False,3.0,0.0410541668534278,mobilenetv2,0.0343252010643482,40.0,pytorch,44053.38671875,9.38398265838623,8.611554145812988,400.0,1.0,1.0,10.0,16.421667098999023,500.0,250129_mobilenet_onoffbench11.csv,0.0273832082748413,2025-03-20T16:10:33.547Z
0.0379508323967456,26.77995109558105,offload,3529.5166015625,4000.0,70.0,0.0378775410354137,0.789762556552887,0.0026467801071703,False,6.0,0.0379508323967456,mobilenetv2,0.0382378883659839,40.0,pytorch,44053.38671875,9.564278602600098,9.30438232421875,400.0,1.0,1.0,10.0,15.180333137512209,500.0,250129_mobilenet_onoffbench11.csv,0.0249294303357601,2025-03-20T16:10:33.547Z
0.0907941684126854,12.208274841308594,offload,1927.92724609375,2000.0,70.0,0.0906776189804077,10.645931243896484,0.0005523685831576586,False,6.0,0.0907941684126854,mobilenetv2,0.0328229255974292,40.0,pytorch,44053.38671875,4.516143798828125,3.886593818664551,400.0,1.0,1.0,15.0,36.317665100097656,500.0,250129_mobilenet_onoffbench11.csv,0.0274881944060325,2025-03-20T16:10:33.547Z
0.0578016676008701,23.926563262939453,offload,472.5390625,2000.0,70.0,0.0576912462711334,0.3670970499515533,0.0364379249513149,False,1.0,0.0578016676008701,mobilenetv2,0.0199116859585046,40.0,pytorch,44053.38671875,9.3908109664917,6.108849048614502,400.0,1.0,1.0,5.0,23.12066650390625,500.0,250129_mobilenet_onoffbench11.csv,0.0467975102365016,2025-03-20T16:10:33.547Z
0.0918441712856292,19.580461502075195,offload,446.2451477050781,4000.0,70.0,0.0917754471302032,0.3835269510746002,0.0633472427725792,False,1.0,0.0918441712856292,mobilenetv2,0.0379313640296459,40.0,pytorch,44053.38671875,7.403415679931641,3.840102195739746,400.0,1.0,1.0,3.0,36.73766708374024,500.0,250129_mobilenet_onoffbench11.csv,0.0761788859963417,2025-03-20T16:10:33.547Z
0.2699224948883056,14.693597793579102,offload,958.3741455078124,4000.0,70.0,0.2698348760604858,0.6875075101852417,0.2301261574029922,False,3.0,0.2699224948883056,mobilenetv2,0.0429255962371826,40.0,pytorch,44053.38671875,5.492264747619629,1.306084394454956,400.0,1.0,1.0,1.0,107.96900177001952,500.0,250129_mobilenet_onoffbench11.csv,0.2576392889022827,2025-03-20T16:10:33.547Z
0.0943091660737991,16.585445404052734,offload,422.76806640625,2000.0,70.0,0.0941904336214065,0.3258693218231201,0.0680407881736755,False,1.0,0.0943091660737991,mobilenetv2,0.0313355140388011,40.0,pytorch,44053.38671875,6.295194149017334,3.741644382476807,400.0,1.0,1.0,3.0,37.72366714477539,500.0,250129_mobilenet_onoffbench11.csv,0.0802178904414177,2025-03-20T16:10:33.547Z
0.2630083262920379,13.871004104614258,offload,259.1572570800781,4000.0,70.0,0.2629363536834717,0.3274306654930115,0.2288722693920135,False,1.0,0.2630083262920379,mobilenetv2,0.0285264644771814,40.0,pytorch,44053.38671875,5.184675216674805,1.3403513431549072,400.0,1.0,1.0,1.0,105.20333862304688,500.0,250129_mobilenet_onoffbench11.csv,0.2494017928838729,2025-03-20T16:10:33.547Z
0.0613733306527137,18.83367729187012,offload,1858.146484375,4000.0,70.0,0.0612660348415374,0.8854929804801941,0.0385667160153389,False,6.0,0.0613733306527137,mobilenetv2,0.0366679839789867,40.0,pytorch,44053.38671875,7.332456588745117,5.752406120300293,400.0,1.0,1.0,5.0,24.54933357238769,500.0,250129_mobilenet_onoffbench11.csv,0.0507954433560371,2025-03-20T16:10:33.547Z
0.0951883345842361,15.76597499847412,offload,910.8603515625,2000.0,70.0,0.095098853111267,0.3964637815952301,0.067326933145523,False,3.0,0.0951883345842361,mobilenetv2,0.0425140857696533,40.0,pytorch,44053.38671875,5.985762119293213,3.705902814865112,400.0,1.0,1.0,3.0,38.07533264160156,500.0,250129_mobilenet_onoffbench11.csv,0.081171341240406,2025-03-20T16:10:33.547Z
0.099602498114109,12.384987831115724,offload,1978.5108642578125,4000.0,70.0,0.0994616076350212,1.356605887413025,0.0628701373934745,False,6.0,0.099602498114109,mobilenetv2,0.0341419391334056,40.0,pytorch,44053.38671875,4.8155012130737305,3.5433480739593506,400.0,1.0,1.0,3.0,39.84099960327149,500.0,250129_mobilenet_onoffbench11.csv,0.0795668214559555,2025-03-20T16:10:33.547Z
0.0803708285093307,13.59227466583252,offload,1832.7852783203125,2000.0,70.0,0.0803031325340271,3.696102142333984,0.011054128408432,False,6.0,0.0803708285093307,mobilenetv2,0.0592987537384033,40.0,pytorch,44053.38671875,5.151534080505371,4.38870906829834,400.0,1.0,1.0,5.0,32.14833068847656,500.0,250129_mobilenet_onoffbench11.csv,0.0507815480232238,2025-03-20T16:10:33.547Z
0.0945599973201751,16.06955909729004,offload,1153.4676513671875,4000.0,70.0,0.0944701433181762,0.3203436434268951,0.060989711433649,False,3.0,0.0945599973201751,mobilenetv2,0.0455245971679687,40.0,pytorch,44053.38671875,6.15025520324707,3.7305657863616943,400.0,1.0,1.0,3.0,37.82400131225586,500.0,250129_mobilenet_onoffbench11.csv,0.0803800225257873,2025-03-20T16:10:33.547Z
0.240876242518425,6.3535027503967285,offload,1107.4825439453125,2000.0,70.0,0.2407922148704528,5.466118812561035,0.1802213490009308,False,6.0,0.240876242518425,mobilenetv2,0.0495665073394775,40.0,pytorch,44053.38671875,2.45092511177063,1.4636149406433103,400.0,1.0,1.0,1.0,96.35049438476562,500.0,250129_mobilenet_onoffbench11.csv,0.205250397324562,2025-03-20T16:10:33.547Z
0.1414666622877121,7.519100666046143,offload,1605.509033203125,2000.0,70.0,0.141383409500122,9.813592910766602,0.0314211659133434,False,6.0,0.1414666622877121,mobilenetv2,0.0345944575965404,40.0,pytorch,44053.38671875,2.9818639755249023,2.4927046298980717,400.0,1.0,1.0,3.0,56.58666610717773,500.0,250129_mobilenet_onoffbench11.csv,0.0883023142814636,2025-03-20T16:10:33.547Z
0.0244187489151954,41.7016830444336,offload,842.7031860351562,4000.0,40.0,0.0242988467216491,2.2333250045776367,0.0011351418215781,False,1.0,0.0244187489151954,mobilenetv2,0.0335774421691894,40.0,pytorch,27287.087890625,9.518220901489258,8.983829498291016,400.0,1.0,1.0,70.0,9.767499923706056,500.0,250129_mobilenet_onoffbench11.csv,0.0063339658081531,2025-03-20T16:10:33.547Z
0.0540050007402896,18.64284324645996,ondevice,870.4876098632812,1000.0,70.0,0.0539439097046852,7.389870643615723,0.0034420585725456,False,3.0,0.0540050007402896,mobilenetv2,0.1961817741394043,70.0,pytorch,0.0,0.0,0.0,400.0,0.0,1.0,0.0,21.601999282836918,1000.0,250129_mobilenet_onoffbench11.csv,0.0,2025-03-20T16:10:33.547Z
0.0424616672098636,23.708961486816406,ondevice,986.5292358398438,1000.0,100.0,0.0423933789134025,5.023439407348633,0.0039064292795956,False,1.0,0.0424616672098636,mobilenetv2,0.0873893871903419,70.0,pytorch,0.0,0.0,0.0,400.0,0.0,1.0,0.0,16.98466682434082,1000.0,250129_mobilenet_onoffbench11.csv,0.0,2025-03-20T16:10:33.547Z
0.0549850016832351,18.197010040283203,ondevice,1056.6446533203125,1000.0,100.0,0.0548916980624198,7.593276500701904,0.0032447145786136,False,1.0,0.0549850016832351,mobilenetv2,0.2038218975067138,100.0,pytorch,0.0,0.0,0.0,400.0,0.0,1.0,0.0,21.99399948120117,1000.0,250129_mobilenet_onoffbench11.csv,0.0,2025-03-20T16:10:33.547Z
0.0515275001525878,19.421789169311523,ondevice,1012.4093627929688,1000.0,40.0,0.0514644123613834,7.070334911346436,0.0041363164782524,False,1.0,0.0515275001525878,mobilenetv2,0.2435711175203323,100.0,pytorch,0.0,0.0,0.0,400.0,0.0,1.0,0.0,20.61100006103516,1000.0,250129_mobilenet_onoffbench11.csv,0.0,2025-03-20T16:10:33.547Z
0.0529083348810672,18.937530517578125,ondevice,999.9292602539062,1000.0,70.0,0.05276320874691,7.238439083099365,0.0037785568274557,False,1.0,0.0529083348810672,mobilenetv2,0.1539742201566696,100.0,pytorch,0.0,0.0,0.0,400.0,0.0,1.0,0.0,21.163333892822266,1000.0,250129_mobilenet_onoffbench11.csv,0.0,2025-03-20T16:10:33.547Z
0.068690001964569,14.676787376403809,ondevice,997.3721313476562,1000.0,70.0,0.0686126425862312,9.494511604309082,0.003509908914566,False,6.0,0.068690001964569,mobilenetv2,0.2214308530092239,70.0,pytorch,0.0,0.0,0.0,400.0,0.0,1.0,0.0,27.47599983215332,1000.0,250129_mobilenet_onoffbench11.csv,0.0,2025-03-20T16:10:33.547Z
0.0732000023126602,13.89533805847168,ondevice,1017.95263671875,1000.0,100.0,0.0728606134653091,9.863719940185549,0.0045228577218949,False,3.0,0.0732000023126602,mobilenetv2,0.231799840927124,100.0,pytorch,0.0,0.0,0.0,400.0,0.0,1.0,0.0,29.280000686645508,1000.0,250129_mobilenet_onoffbench11.csv,0.0,2025-03-20T16:10:33.547Z
0.074344165623188,13.75196361541748,ondevice,991.5547485351562,1000.0,70.0,0.0742909535765647,10.482861518859863,0.00311621860601,False,6.0,0.074344165623188,mobilenetv2,0.2497263699769973,100.0,pytorch,0.0,0.0,0.0,400.0,0.0,1.0,0.0,29.7376651763916,1000.0,250129_mobilenet_onoffbench11.csv,0.0,2025-03-20T16:10:33.547Z
0.069553330540657,14.868804931640623,ondevice,986.2984619140624,1000.0,40.0,0.0694793760776519,9.776426315307615,0.0039891107007861,False,3.0,0.069553330540657,mobilenetv2,0.1676300317049026,100.0,pytorch,0.0,0.0,0.0,400.0,0.0,1.0,0.0,27.821332931518555,1000.0,250129_mobilenet_onoffbench11.csv,0.0,2025-03-20T16:10:33.547Z
0.0710166692733764,14.399354934692385,ondevice,979.3037109375,1000.0,70.0,0.0709248334169387,9.78529453277588,0.0040102484636008,False,3.0,0.0710166692733764,mobilenetv2,0.2020084857940673,100.0,pytorch,0.0,0.0,0.0,400.0,0.0,1.0,0.0,28.406665802001957,1000.0,250129_mobilenet_onoffbench11.csv,0.0,2025-03-20T16:10:33.547Z
0.1013799980282783,9.864481925964355,ondevice,506.7634582519531,500.0,40.0,0.1009260863065719,14.333894729614258,0.0047325175255537,False,1.0,0.1013799980282783,mobilenetv2,0.2151471823453903,100.0,pytorch,0.0,0.0,0.0,400.0,0.0,1.0,0.0,40.55199813842773,500.0,250129_mobilenet_onoffbench11.csv,0.0,2025-03-20T16:10:33.547Z
0.1013099923729896,9.870694160461426,ondevice,527.7810668945312,500.0,70.0,0.1009884998202323,13.948026657104492,0.0050496412441134,False,3.0,0.1013099923729896,mobilenetv2,0.3913705348968506,70.0,pytorch,0.0,0.0,0.0,400.0,0.0,1.0,0.0,40.52399826049805,500.0,250129_mobilenet_onoffbench11.csv,0.0,2025-03-20T16:10:33.547Z
0.0758950039744377,13.70289134979248,ondevice,970.4781494140624,1000.0,40.0,0.0758141875267028,10.696649551391602,0.0028207162395119,False,6.0,0.0758950039744377,mobilenetv2,0.2623248100280761,100.0,pytorch,0.0,0.0,0.0,400.0,0.0,1.0,0.0,30.357999801635746,1000.0,250129_mobilenet_onoffbench11.csv,0.0,2025-03-20T16:10:33.547Z
0.0997191667556762,10.03702449798584,ondevice,975.4918212890624,1000.0,100.0,0.0995286405086517,13.865347862243652,0.0045424960553646,False,6.0,0.0997191667556762,mobilenetv2,0.2624865472316742,100.0,pytorch,0.0,0.0,0.0,400.0,0.0,1.0,0.0,39.88766860961914,1000.0,250129_mobilenet_onoffbench11.csv,0.0,2025-03-20T16:10:33.547Z
0.0833275020122528,12.002727508544922,ondevice,988.1458129882812,1000.0,100.0,0.0832453072071075,10.925992012023926,0.004819007590413,False,6.0,0.0833275020122528,mobilenetv2,0.1935882568359375,70.0,pytorch,0.0,0.0,0.0,400.0,0.0,1.0,0.0,33.33100128173828,1000.0,250129_mobilenet_onoffbench11.csv,0.0,2025-03-20T16:10:33.547Z
0.1770649999380111,6.199095249176025,ondevice,510.6226196289063,500.0,70.0,0.1768920272588729,24.55057716369629,0.0082664843648672,False,3.0,0.1770649999380111,mobilenetv2,0.5249293446540833,100.0,pytorch,0.0,0.0,0.0,400.0,0.0,1.0,0.0,70.82600402832031,500.0,250129_mobilenet_onoffbench11.csv,0.0,2025-03-20T16:10:33.547Z
0.0923491641879081,11.392789840698242,ondevice,517.816650390625,500.0,70.0,0.0922364145517349,11.812274932861328,0.0089887231588363,False,1.0,0.0923491641879081,mobilenetv2,0.3009284436702728,70.0,pytorch,0.0,0.0,0.0,400.0,0.0,1.0,0.0,36.93966674804688,500.0,250129_mobilenet_onoffbench11.csv,0.0,2025-03-20T16:10:33.547Z
0.1367183327674865,7.327055931091309,ondevice,506.8410034179688,500.0,40.0,0.1366583406925201,19.6047420501709,0.0049258596263825,False,6.0,0.1367183327674865,mobilenetv2,0.5386363863945007,100.0,pytorch,0.0,0.0,0.0,400.0,0.0,1.0,0.0,54.68733215332031,500.0,250129_mobilenet_onoffbench11.csv,0.0,2025-03-20T16:10:33.547Z
0.1302837580442428,7.678244590759277,ondevice,508.0418701171875,500.0,100.0,0.1300971955060959,14.033212661743164,0.0145784961059689,False,1.0,0.1302837580442428,mobilenetv2,0.3703004121780395,70.0,pytorch,0.0,0.0,0.0,400.0,0.0,1.0,0.0,52.11349868774414,500.0,250129_mobilenet_onoffbench11.csv,0.0,2025-03-20T16:10:33.547Z
0.1522283405065536,6.589654922485352,ondevice,515.9631958007812,500.0,100.0,0.1520417034626007,18.341501235961918,0.012555000372231,False,1.0,0.1522283405065536,mobilenetv2,0.6427257061004639,100.0,pytorch,0.0,0.0,0.0,400.0,0.0,1.0,0.0,60.891334533691406,500.0,250129_mobilenet_onoffbench11.csv,0.0,2025-03-20T16:10:33.547Z
0.128359168767929,8.024330139160156,ondevice,515.8668212890625,500.0,70.0,0.1282957792282104,17.197778701782227,0.0082921739667654,False,1.0,0.128359168767929,mobilenetv2,0.6164928078651428,100.0,pytorch,0.0,0.0,0.0,400.0,0.0,1.0,0.0,51.34366607666016,500.0,250129_mobilenet_onoffbench11.csv,0.0,2025-03-20T16:10:33.547Z
0.1943925023078918,5.198201656341553,ondevice,510.7921752929688,500.0,100.0,0.1942223161458969,25.73463249206543,0.0136498492211103,False,3.0,0.1943925023078918,mobilenetv2,0.5423041582107544,70.0,pytorch,0.0,0.0,0.0,400.0,0.0,1.0,0.0,77.75699615478516,500.0,250129_mobilenet_onoffbench11.csv,0.0,2025-03-20T16:10:33.547Z
0.2278666645288467,4.401925563812256,ondevice,504.09228515625,500.0,100.0,0.2276922613382339,29.6864070892334,0.0128783080726861,False,3.0,0.2278666645288467,mobilenetv2,0.7602812647819519,100.0,pytorch,0.0,0.0,0.0,400.0,0.0,1.0,0.0,91.14666748046876,500.0,250129_mobilenet_onoffbench11.csv,0.0,2025-03-20T16:10:33.547Z
0.2473166584968567,4.053995609283447,ondevice,505.4280395507813,500.0,70.0,0.2472461611032486,34.005126953125,0.0110657326877117,False,6.0,0.2473166584968567,mobilenetv2,0.628338098526001,100.0,pytorch,0.0,0.0,0.0,400.0,0.0,1.0,0.0,98.92666625976562,500.0,250129_mobilenet_onoffbench11.csv,0.0,2025-03-20T16:10:33.547Z
0.2751516699790954,3.638946533203125,ondevice,503.7615661621094,500.0,100.0,0.275011271238327,37.39500045776367,0.011172005906701,False,6.0,0.2751516699790954,mobilenetv2,0.6961169242858887,100.0,pytorch,0.0,0.0,0.0,400.0,0.0,1.0,0.0,110.0606689453125,500.0,250129_mobilenet_onoffbench11.csv,0.0,2025-03-20T16:10:33.547Z
0.0386383347213268,25.962709426879883,ondevice,1041.892333984375,1000.0,40.0,0.0385581217706203,5.062756538391113,0.0036951629444956,False,1.0,0.0386383347213268,mobilenetv2,0.1266274452209472,70.0,pytorch,0.0,0.0,0.0,400.0,0.0,1.0,0.0,15.455333709716797,1000.0,250129_mobilenet_onoffbench11.csv,0.0,2025-03-20T16:10:33.547Z
0.03648666664958,28.187557220458984,ondevice,1061.1221923828125,1000.0,100.0,0.0363836325705051,3.558385372161865,0.004146977327764,False,1.0,0.03648666664958,mobilenetv2,0.0850827693939209,40.0,pytorch,0.0,0.0,0.0,400.0,0.0,1.0,0.0,14.594667434692385,1000.0,250129_mobilenet_onoffbench11.csv,0.0,2025-03-20T16:10:33.547Z
0.032974999397993,30.951704025268555,ondevice,988.1397094726562,1000.0,70.0,0.0329041443765163,3.958246946334839,0.0042650611139833,False,1.0,0.032974999397993,mobilenetv2,0.0940043926239013,40.0,pytorch,0.0,0.0,0.0,400.0,0.0,1.0,0.0,13.1899995803833,1000.0,250129_mobilenet_onoffbench11.csv,0.0,2025-03-20T16:10:33.547Z
0.0473883338272571,21.12563705444336,ondevice,979.9548950195312,1000.0,70.0,0.0472899749875068,6.660583972930908,0.0024259258061647,False,6.0,0.0473883338272571,mobilenetv2,0.1913809776306152,40.0,pytorch,0.0,0.0,0.0,400.0,0.0,1.0,0.0,18.9553337097168,1000.0,250129_mobilenet_onoffbench11.csv,0.0,2025-03-20T16:10:33.547Z
0.0451508313417434,22.916200637817383,ondevice,1000.9866333007812,1000.0,100.0,0.0450527928769588,5.5774431228637695,0.0030525596812367,False,3.0,0.0451508313417434,mobilenetv2,0.132150650024414,40.0,pytorch,0.0,0.0,0.0,400.0,0.0,1.0,0.0,18.060333251953125,1000.0,250129_mobilenet_onoffbench11.csv,0.0,2025-03-20T16:10:33.547Z
0.0333199985325336,30.381160736083984,ondevice,1048.5306396484375,1000.0,40.0,0.0332175344228744,4.007713794708252,0.0042817746289074,False,1.0,0.0333199985325336,mobilenetv2,0.0723045691847801,40.0,pytorch,0.0,0.0,0.0,400.0,0.0,1.0,0.0,13.32800006866455,1000.0,250129_mobilenet_onoffbench11.csv,0.0,2025-03-20T16:10:33.547Z
0.1306391656398773,8.396018028259277,offload,1604.312744140625,2000.0,100.0,0.1305176317691803,0.2656493782997131,0.0363261997699737,False,6.0,0.1306391656398773,mobilenetv2,0.0665918216109275,70.0,pytorch,144509.0,10.378210067749023,8.857592582702637,400.0,1.0,1.0,15.0,52.25566864013672,500.0,250129_mobilenet_onoffbench11.csv,0.1196802631020546,2025-03-20T16:10:33.547Z
0.0788500010967254,13.972793579101562,offload,540.3099365234375,2000.0,100.0,0.0787816122174263,0.1208511143922805,0.041258443146944,False,1.0,0.0788500010967254,mobilenetv2,0.0551831722259521,70.0,pytorch,144509.0,17.293964385986328,14.674388885498049,400.0,1.0,1.0,15.0,31.53999900817871,500.0,250129_mobilenet_onoffbench11.csv,0.0692741796374321,2025-03-20T16:10:33.547Z
0.0717425048351287,17.364927291870117,offload,1596.8306884765625,4000.0,100.0,0.0716432631015777,0.3452409505844116,0.0324863977730274,False,3.0,0.0717425048351287,mobilenetv2,0.0390886478126049,70.0,pytorch,144509.0,21.508094787597656,16.136507034301758,400.0,1.0,1.0,15.0,28.69700050354004,500.0,250129_mobilenet_onoffbench11.csv,0.0610641688108444,2025-03-20T16:10:33.547Z
0.0878233313560485,12.121223449707031,offload,2374.140625,4000.0,100.0,0.0876961573958396,0.1370084881782531,0.037703488022089,False,6.0,0.0878233313560485,mobilenetv2,0.0549681968986988,70.0,pytorch,144509.0,14.787699699401855,13.182698249816896,400.0,1.0,1.0,15.0,35.12933349609375,500.0,250129_mobilenet_onoffbench11.csv,0.0774306133389473,2025-03-20T16:10:33.547Z
0.0985833331942558,10.966675758361816,offload,1893.1234130859373,2000.0,100.0,0.0985227152705192,0.7720384001731873,0.0131433308124542,False,6.0,0.0985833331942558,mobilenetv2,0.0537024326622486,70.0,pytorch,144509.0,12.929524421691896,11.734065055847168,400.0,1.0,1.0,70.0,39.43333435058594,500.0,250129_mobilenet_onoffbench11.csv,0.0801442563533783,2025-03-20T16:10:33.547Z
0.12103833258152,8.827378273010254,offload,1936.085205078125,2000.0,100.0,0.1207906007766723,3.0245821475982666,0.007582027465105,False,6.0,0.12103833258152,mobilenetv2,0.0703627243638038,70.0,pytorch,144509.0,10.08741855621338,9.570877075195312,400.0,1.0,1.0,30.0,48.41533279418945,500.0,250129_mobilenet_onoffbench11.csv,0.103483960032463,2025-03-20T16:10:33.547Z
0.0921341702342033,19.50349998474121,offload,1091.8203125,4000.0,100.0,0.0920607596635818,0.1217173412442207,0.0698012113571167,False,3.0,0.0921341702342033,mobilenetv2,0.0210787449032068,70.0,pytorch,144509.0,16.486751556396484,12.557706832885742,400.0,1.0,1.0,10.0,36.85366821289063,500.0,250129_mobilenet_onoffbench11.csv,0.0815076455473899,2025-03-20T16:10:33.547Z
0.1015758365392685,11.638192176818848,offload,366.0051879882813,4000.0,100.0,0.101485326886177,0.0438041426241397,0.0690825954079628,False,1.0,0.1015758365392685,mobilenetv2,0.0290314350277185,70.0,pytorch,144509.0,14.156709671020508,11.391518592834473,400.0,1.0,1.0,10.0,40.630332946777344,500.0,250129_mobilenet_onoffbench11.csv,0.0940466225147247,2025-03-20T16:10:33.547Z
0.0958166643977165,15.507648468017578,offload,1811.9271240234373,4000.0,100.0,0.0957294255495071,0.5014958381652832,0.0668704360723495,False,6.0,0.0958166643977165,mobilenetv2,0.0257116165012121,70.0,pytorch,144509.0,18.8695011138916,12.076454162597656,400.0,1.0,1.0,10.0,38.32666778564453,500.0,250129_mobilenet_onoffbench11.csv,0.0793861672282219,2025-03-20T16:10:33.547Z
0.1006074994802475,12.24945831298828,offload,1110.1571044921875,2000.0,100.0,0.1005018278956413,0.0337146818637847,0.057061281055212,False,3.0,0.1006074994802475,mobilenetv2,0.0302054081112146,70.0,pytorch,144509.0,15.196944236755373,11.502994537353516,400.0,1.0,1.0,10.0,40.24300003051758,500.0,250129_mobilenet_onoffbench11.csv,0.0860620588064193,2025-03-20T16:10:33.547Z
0.096390001475811,14.98125457763672,offload,495.07952880859375,2000.0,100.0,0.096328780055046,0.152384802699089,0.0604396536946296,False,1.0,0.096390001475811,mobilenetv2,0.031548898667097,70.0,pytorch,144509.0,18.364316940307617,12.001315116882324,400.0,1.0,1.0,10.0,38.555999755859375,500.0,250129_mobilenet_onoffbench11.csv,0.0806017071008682,2025-03-20T16:10:33.547Z
0.1406950056552887,7.108542442321777,offload,1862.927490234375,2000.0,100.0,0.1406179666519165,1.5533756017684937,0.0068038110621273,False,6.0,0.1406950056552887,mobilenetv2,0.0873245373368263,70.0,pytorch,144509.0,8.648238182067871,8.221367835998535,400.0,1.0,1.0,10.0,56.27799987792969,500.0,250129_mobilenet_onoffbench11.csv,0.1186361014842987,2025-03-20T16:10:33.547Z
0.1824924945831298,11.596673011779783,offload,999.6511840820312,4000.0,100.0,0.1824075728654861,0.2672181725502014,0.144677922129631,False,3.0,0.1824924945831298,mobilenetv2,0.0345587730407714,70.0,pytorch,144509.0,14.204061508178713,6.337851047515869,400.0,1.0,1.0,5.0,72.99700164794922,500.0,250129_mobilenet_onoffbench11.csv,0.1695208400487899,2025-03-20T16:10:33.547Z
0.1797366738319397,13.649810791015623,offload,415.0246276855469,2000.0,100.0,0.1796764433383941,0.0298645570874214,0.1440281420946121,False,1.0,0.1797366738319397,mobilenetv2,0.0313453674316406,70.0,pytorch,144509.0,16.82497787475586,6.434187889099121,400.0,1.0,1.0,5.0,71.89466857910156,500.0,250129_mobilenet_onoffbench11.csv,0.170405313372612,2025-03-20T16:10:33.547Z
0.1842483282089233,10.33710765838623,offload,918.22021484375,2000.0,100.0,0.1841515600681305,0.0756750851869583,0.1356421709060669,False,3.0,0.1842483282089233,mobilenetv2,0.0517598800361156,70.0,pytorch,144509.0,12.739703178405762,6.277828693389893,400.0,1.0,1.0,5.0,73.69933319091797,500.0,250129_mobilenet_onoffbench11.csv,0.1712160557508468,2025-03-20T16:10:33.547Z
0.1877258419990539,9.097147941589355,offload,1456.0433349609375,4000.0,100.0,0.187666431069374,0.0598359778523445,0.1453264653682708,False,6.0,0.1877258419990539,mobilenetv2,0.0254371166229248,70.0,pytorch,144509.0,10.902983665466309,6.16024923324585,400.0,1.0,1.0,5.0,75.09033203125,500.0,250129_mobilenet_onoffbench11.csv,0.1761398166418075,2025-03-20T16:10:33.547Z
0.1824416667222976,11.042572021484377,offload,382.3333740234375,4000.0,100.0,0.182354137301445,0.0408489815890789,0.1444854140281677,False,1.0,0.1824416667222976,mobilenetv2,0.0390589237213134,70.0,pytorch,144509.0,13.453817367553713,6.33970832824707,400.0,1.0,1.0,5.0,72.97666931152344,500.0,250129_mobilenet_onoffbench11.csv,0.1671686172485351,2025-03-20T16:10:33.547Z
0.219760000705719,5.0628437995910645,offload,1383.802978515625,2000.0,100.0,0.2195675820112228,1.9393982887268064,0.0967917814850807,False,6.0,0.219760000705719,mobilenetv2,0.04988868907094,70.0,pytorch,144509.0,6.396654605865479,5.26522159576416,400.0,1.0,1.0,5.0,87.90399932861328,500.0,250129_mobilenet_onoffbench11.csv,0.2038225680589676,2025-03-20T16:10:33.547Z
0.3071966767311096,9.978273391723633,offload,314.9498291015625,2000.0,100.0,0.307133138179779,0.0248709935694932,0.268090158700943,False,1.0,0.3071966767311096,mobilenetv2,0.040701150894165,70.0,pytorch,144509.0,12.10011386871338,3.764074563980103,400.0,1.0,1.0,3.0,122.87866973876952,500.0,250129_mobilenet_onoffbench11.csv,0.297656387090683,2025-03-20T16:10:33.547Z
0.3049400150775909,11.645537376403809,offload,925.3480834960938,4000.0,100.0,0.3048590123653412,0.1509085893630981,0.2581339180469513,False,3.0,0.3049400150775909,mobilenetv2,0.0508167743682861,70.0,pytorch,144509.0,14.318899154663086,3.7921528816223145,400.0,1.0,1.0,3.0,121.97599792480467,500.0,250129_mobilenet_onoffbench11.csv,0.2943302392959595,2025-03-20T16:10:33.547Z
0.311745822429657,10.51340389251709,offload,346.9378356933594,4000.0,100.0,0.3116790652275085,0.0486741103231906,0.2665451169013977,False,1.0,0.311745822429657,mobilenetv2,0.0484201908111572,70.0,pytorch,144509.0,12.875809669494627,3.709174394607544,400.0,1.0,1.0,3.0,124.69832611083984,500.0,250129_mobilenet_onoffbench11.csv,0.3027448356151581,2025-03-20T16:10:33.547Z
0.315544992685318,8.27863597869873,offload,1613.1868896484375,4000.0,100.0,0.3154683709144592,0.5084116458892822,0.2505934536457062,False,6.0,0.315544992685318,mobilenetv2,0.0371361561119556,70.0,pytorch,144509.0,10.30967140197754,3.664620876312256,400.0,1.0,1.0,3.0,126.2179946899414,500.0,250129_mobilenet_onoffbench11.csv,0.3046040832996368,2025-03-20T16:10:33.547Z
0.0268333330750465,37.46452713012695,offload,902.1763916015624,2000.0,70.0,0.0267522986978292,1.4135135412216189,0.0016474563162773,False,1.0,0.0268333330750465,mobilenetv2,0.0532212257385253,70.0,pytorch,44053.38671875,13.763193130493164,13.173712730407717,400.0,1.0,1.0,70.0,10.733333587646484,500.0,250129_mobilenet_onoffbench11.csv,0.0086757196113467,2025-03-20T16:10:33.547Z
0.0304091665893793,33.085628509521484,offload,2320.712158203125,4000.0,70.0,0.0303174220025539,1.9098480939865112,0.0022780697327107,False,3.0,0.0304091665893793,mobilenetv2,0.0289892349392175,70.0,pytorch,44053.38671875,12.125628471374512,11.624573707580566,400.0,1.0,1.0,70.0,12.163666725158691,500.0,250129_mobilenet_onoffbench11.csv,0.0105184810236096,2025-03-20T16:10:33.547Z
0.0310941655188798,32.73664474487305,offload,845.8649291992188,4000.0,70.0,0.0310107059776783,1.874444842338562,0.0036084931343793,False,1.0,0.0310941655188798,mobilenetv2,0.0299588833004236,70.0,pytorch,44053.38671875,11.96224880218506,11.364691734313965,400.0,1.0,1.0,70.0,12.437666893005373,500.0,250129_mobilenet_onoffbench11.csv,0.006454836577177,2025-03-20T16:10:33.547Z
0.0406808331608772,24.8646183013916,offload,1804.1590576171875,2000.0,70.0,0.040557287633419,3.435758113861084,0.0007550380541943014,False,3.0,0.0406808331608772,mobilenetv2,0.070986270904541,70.0,pytorch,44053.38671875,9.269610404968262,8.68961238861084,400.0,1.0,1.0,70.0,16.2723331451416,500.0,250129_mobilenet_onoffbench11.csv,0.0132084274664521,2025-03-20T16:10:33.547Z
0.025580832734704,39.09912490844727,offload,949.5272216796876,4000.0,70.0,0.0254944153130054,1.755958080291748,0.0006488621584139764,False,1.0,0.025580832734704,mobilenetv2,0.0514215640723705,70.0,pytorch,44053.38671875,14.66848850250244,13.823698043823242,400.0,1.0,1.0,30.0,10.232333183288574,500.0,250129_mobilenet_onoffbench11.csv,0.011081232689321,2025-03-20T16:10:33.547Z
0.0479075014591217,21.011377334594727,offload,3867.91845703125,4000.0,70.0,0.0478347167372703,4.45866584777832,0.0003284788108430803,False,6.0,0.0479075014591217,mobilenetv2,0.0414628982543945,70.0,pytorch,44053.38671875,7.704620838165283,7.367600917816162,400.0,1.0,1.0,70.0,19.163000106811523,500.0,250129_mobilenet_onoffbench11.csv,0.0149872060865163,2025-03-20T16:10:33.547Z
0.1216624975204467,8.22860336303711,offload,1902.2366943359373,2000.0,70.0,0.1215639859437942,15.238653182983398,0.0004832472186535597,False,6.0,0.1216624975204467,mobilenetv2,0.0348741225898265,70.0,pytorch,44053.38671875,3.1214020252227783,2.8991076946258545,400.0,1.0,1.0,70.0,48.665000915527344,500.0,250129_mobilenet_onoffbench11.csv,0.0407099351286888,2025-03-20T16:10:33.547Z
0.2963758409023285,8.85200023651123,offload,642.1260986328125,2000.0,100.0,0.2962835133075714,0.0907073765993118,0.2662088572978973,False,3.0,0.2963758409023285,mobilenetv2,0.043409664183855,70.0,pytorch,144509.0,10.549378395080566,3.9019112586975098,400.0,1.0,1.0,3.0,118.55033111572266,500.0,250129_mobilenet_onoffbench11.csv,0.2890421152114868,2025-03-20T16:10:33.547Z
0.3041024804115295,6.583617687225342,offload,858.8004150390625,2000.0,100.0,0.3040062487125397,2.007336378097534,0.2617658674716949,False,6.0,0.3041024804115295,mobilenetv2,0.0606373958289623,70.0,pytorch,144509.0,8.091928482055664,3.802790403366089,400.0,1.0,1.0,3.0,121.64099884033205,500.0,250129_mobilenet_onoffbench11.csv,0.2846657633781433,2025-03-20T16:10:33.547Z
0.8630533814430237,10.340892791748049,offload,646.5643310546875,4000.0,100.0,0.862975537776947,0.0139856617897748,0.8242300152778625,False,3.0,0.8630533814430237,mobilenetv2,0.0303270816802978,70.0,pytorch,144509.0,11.954946517944336,1.339634656906128,400.0,1.0,1.0,1.0,345.2213439941406,500.0,250129_mobilenet_onoffbench11.csv,0.8481471538543701,2025-03-20T16:10:33.547Z
0.8629016876220703,9.829371452331545,offload,323.0935363769531,2000.0,100.0,0.8628281354904175,0.0650844275951385,0.815137505531311,False,1.0,0.8629016876220703,mobilenetv2,0.0481150932610034,70.0,pytorch,144509.0,11.606242179870604,1.3398635387420654,400.0,1.0,1.0,1.0,345.1606750488281,500.0,250129_mobilenet_onoffbench11.csv,0.8467587232589722,2025-03-20T16:10:33.547Z
0.8675274848937988,6.917360305786133,offload,615.1336669921875,2000.0,100.0,0.8674466013908386,0.0647492110729217,0.8223288059234619,False,3.0,0.8675274848937988,mobilenetv2,0.0377068519592285,70.0,pytorch,144509.0,7.147758960723877,1.3327299356460571,400.0,1.0,1.0,1.0,347.0110168457031,500.0,250129_mobilenet_onoffbench11.csv,0.8500191569328308,2025-03-20T16:10:33.547Z
0.8630041480064392,10.594440460205078,offload,315.7352600097656,4000.0,100.0,0.862953245639801,0.6456774473190308,0.8269837498664856,False,1.0,0.8630041480064392,mobilenetv2,0.0209102630615234,70.0,pytorch,144509.0,12.540594100952148,1.3396693468093872,400.0,1.0,1.0,1.0,345.20166015625,500.0,250129_mobilenet_onoffbench11.csv,0.844681441783905,2025-03-20T16:10:33.547Z
0.8706791996955872,6.010481834411621,offload,1039.044189453125,4000.0,100.0,0.8706194758415222,0.0409010909497737,0.8070307374000549,False,6.0,0.8706791996955872,mobilenetv2,0.0450557880103588,70.0,pytorch,144509.0,7.356997966766357,1.3278728723526,400.0,1.0,1.0,1.0,348.27166748046875,500.0,250129_mobilenet_onoffbench11.csv,0.8533271551132202,2025-03-20T16:10:33.547Z
0.8994958400726318,2.888067960739136,offload,772.8164672851562,2000.0,100.0,0.8993616700172424,0.4464654624462127,0.8037710785865784,False,6.0,0.8994958400726318,mobilenetv2,0.0466748885810375,70.0,pytorch,144509.0,3.620659112930298,1.2854361534118652,400.0,1.0,1.0,1.0,359.79833984375,500.0,250129_mobilenet_onoffbench11.csv,0.8841504454612732,2025-03-20T16:10:33.547Z
0.0281837508082389,35.48604965209961,offload,3674.27001953125,4000.0,70.0,0.0280445478856563,2.3382391929626465,0.0001642241986701265,False,6.0,0.0281837508082389,mobilenetv2,0.0200644731521606,70.0,pytorch,44053.38671875,13.21353530883789,12.566688537597656,400.0,1.0,1.0,30.0,11.273500442504885,500.0,250129_mobilenet_onoffbench11.csv,0.0086815077811479,2025-03-20T16:10:33.547Z
0.0318737477064132,31.54215240478516,offload,879.5879516601562,2000.0,70.0,0.0318062417209148,1.8871548175811768,0.0028858333826065,False,1.0,0.0318737477064132,mobilenetv2,0.0203752517700195,70.0,pytorch,44053.38671875,11.894515991210938,11.080438613891602,400.0,1.0,1.0,30.0,12.749500274658203,500.0,250129_mobilenet_onoffbench11.csv,0.0097928000614047,2025-03-20T16:10:33.547Z
0.0444558337330818,23.082054138183597,offload,3713.531982421875,4000.0,70.0,0.0443552695214748,2.936192989349365,0.0012590293772518,False,6.0,0.0444558337330818,mobilenetv2,0.0387059859931468,70.0,pytorch,44053.38671875,8.616677284240723,7.94555139541626,400.0,1.0,1.0,15.0,17.782333374023438,500.0,250129_mobilenet_onoffbench11.csv,0.016042411327362,2025-03-20T16:10:33.547Z
0.0354374982416629,28.221105575561523,offload,2249.9833984375,4000.0,70.0,0.0353542864322662,0.7849735021591187,0.0043041184544563,False,3.0,0.0354374982416629,mobilenetv2,0.0529094934463501,70.0,pytorch,44053.38671875,10.925071716308594,9.968440055847168,400.0,1.0,1.0,15.0,14.174999237060549,500.0,250129_mobilenet_onoffbench11.csv,0.0185831803828477,2025-03-20T16:10:33.547Z
0.0381191670894622,26.38668441772461,offload,1735.685546875,2000.0,70.0,0.0380454733967781,1.9423341751098635,0.0040648444555699,False,3.0,0.0381191670894622,mobilenetv2,0.0399134941399097,70.0,pytorch,44053.38671875,9.925572395324709,9.263311386108398,400.0,1.0,1.0,15.0,15.24766731262207,500.0,250129_mobilenet_onoffbench11.csv,0.0160452183336019,2025-03-20T16:10:33.547Z
0.0391583330929279,25.68355178833008,offload,1842.0421142578125,2000.0,70.0,0.0390309281647205,1.498621940612793,0.0026329492684453,False,3.0,0.0391583330929279,mobilenetv2,0.0352361984550952,70.0,pytorch,44053.38671875,9.808589935302734,9.029431343078612,400.0,1.0,1.0,10.0,15.663333892822266,500.0,250129_mobilenet_onoffbench11.csv,0.0233130156993865,2025-03-20T16:10:33.547Z
0.0392912477254867,25.453920364379883,offload,731.4953002929688,4000.0,70.0,0.0392115004360675,0.0975430533289909,0.0111998571082949,False,1.0,0.0392912477254867,mobilenetv2,0.0583902597427368,70.0,pytorch,44053.38671875,8.849648475646973,8.987850189208984,400.0,1.0,1.0,10.0,15.716500282287598,500.0,250129_mobilenet_onoffbench11.csv,0.0312686748802661,2025-03-20T16:10:33.547Z
0.0403525009751319,24.78886032104492,offload,558.9699096679688,2000.0,70.0,0.040209699422121,0.1020092889666557,0.0125258117914199,False,1.0,0.0403525009751319,mobilenetv2,0.0555368661880493,70.0,pytorch,44053.38671875,9.338207244873049,8.764728546142578,400.0,1.0,1.0,10.0,16.141000747680664,500.0,250129_mobilenet_onoffbench11.csv,0.0306974444538354,2025-03-20T16:10:33.547Z
0.044664166867733,22.576570510864254,offload,3606.44140625,4000.0,70.0,0.0445367842912673,1.9524962902069087,0.0014074948849156,False,6.0,0.044664166867733,mobilenetv2,0.0430667400360107,70.0,pytorch,44053.38671875,8.610880851745605,7.913168907165527,400.0,1.0,1.0,10.0,17.86566734313965,500.0,250129_mobilenet_onoffbench11.csv,0.0279470589011907,2025-03-20T16:10:33.547Z
0.0320812501013278,31.18135643005371,offload,854.9716796875,4000.0,70.0,0.0320123061537742,0.320382684469223,0.0048395874910056,False,1.0,0.0320812501013278,mobilenetv2,0.0394066572189331,70.0,pytorch,44053.38671875,12.214990615844728,11.009112358093262,400.0,1.0,1.0,15.0,12.832500457763672,500.0,250129_mobilenet_onoffbench11.csv,0.0183009412139654,2025-03-20T16:10:33.547Z
0.0403337478637695,24.81560516357422,offload,1883.1871337890625,4000.0,70.0,0.0401605106890201,0.1226697713136673,0.0099986670538783,False,3.0,0.0403337478637695,mobilenetv2,0.047769546508789,70.0,pytorch,44053.38671875,9.717616081237791,8.775463104248047,400.0,1.0,1.0,10.0,16.133499145507812,500.0,250129_mobilenet_onoffbench11.csv,0.0305875819176435,2025-03-20T16:10:33.547Z
0.0368387512862682,27.220918655395508,offload,1668.922607421875,2000.0,70.0,0.0367875806987285,1.7870979309082031,0.0057739270851016,False,3.0,0.0368387512862682,mobilenetv2,0.0434801578521728,70.0,pytorch,44053.38671875,10.038930892944336,9.580056190490724,400.0,1.0,1.0,30.0,14.735499382019045,500.0,250129_mobilenet_onoffbench11.csv,0.0111181307584047,2025-03-20T16:10:33.547Z
0.0294712502509355,34.326961517333984,offload,903.3137817382812,2000.0,70.0,0.0293765030801296,0.3350179493427276,0.0026573683135211,False,1.0,0.0294712502509355,mobilenetv2,0.0433647632598876,70.0,pytorch,44053.38671875,13.532676696777344,11.996904373168944,400.0,1.0,1.0,15.0,11.78849983215332,500.0,250129_mobilenet_onoffbench11.csv,0.0179256219416856,2025-03-20T16:10:33.547Z
0.0995416641235351,11.297924041748049,offload,1917.08056640625,2000.0,70.0,0.0994589328765869,11.19173526763916,0.0004433603899087757,False,6.0,0.0995416641235351,mobilenetv2,0.0305555667728185,70.0,pytorch,44053.38671875,4.360368251800537,3.543443202972412,400.0,1.0,1.0,10.0,39.81666564941406,500.0,250129_mobilenet_onoffbench11.csv,0.0379122085869312,2025-03-20T16:10:33.547Z
0.0859524980187416,12.913410186767578,offload,1932.9393310546875,2000.0,70.0,0.0858820229768753,9.548632621765137,0.0001754742843331769,False,6.0,0.0859524980187416,mobilenetv2,0.0651053562760353,70.0,pytorch,44053.38671875,4.766159534454346,4.103618621826172,400.0,1.0,1.0,30.0,34.38100051879883,500.0,250129_mobilenet_onoffbench11.csv,0.0265640448778867,2025-03-20T16:10:33.547Z
0.1119899973273277,10.06224536895752,offload,1970.9171142578125,2000.0,70.0,0.1118600070476532,14.402884483337402,0.0012250979198142,False,6.0,0.1119899973273277,mobilenetv2,0.045642614364624,70.0,pytorch,44053.38671875,3.7329306602478023,3.150608539581299,400.0,1.0,1.0,15.0,44.79600143432617,500.0,250129_mobilenet_onoffbench11.csv,0.0312101896852254,2025-03-20T16:10:33.547Z
0.0641333311796188,17.02033805847168,offload,505.1625061035156,2000.0,70.0,0.0640322193503379,0.0582215487957,0.0332487672567367,False,1.0,0.0641333311796188,mobilenetv2,0.0294875297695398,70.0,pytorch,44053.38671875,6.138750076293945,5.503902435302734,400.0,1.0,1.0,5.0,25.65333366394043,500.0,250129_mobilenet_onoffbench11.csv,0.0509339235723018,2025-03-20T16:10:33.547Z
0.0575508326292037,23.93768119812012,offload,1318.102294921875,4000.0,70.0,0.0574304647743701,0.519686222076416,0.035773616284132,False,3.0,0.0575508326292037,mobilenetv2,0.0233972873538732,70.0,pytorch,44053.38671875,8.82620906829834,6.136588096618652,400.0,1.0,1.0,5.0,23.02033233642578,500.0,250129_mobilenet_onoffbench11.csv,0.0457928851246833,2025-03-20T16:10:33.547Z
0.0650475025177002,16.50713539123535,offload,1320.1851806640625,2000.0,70.0,0.0649404749274253,0.09759072214365,0.0245875958353281,False,3.0,0.0650475025177002,mobilenetv2,0.035205204039812,70.0,pytorch,44053.38671875,6.228942394256592,5.426925182342529,400.0,1.0,1.0,5.0,26.01900100708008,500.0,250129_mobilenet_onoffbench11.csv,0.0501634143292903,2025-03-20T16:10:33.547Z
0.0602941662073135,20.010887145996094,offload,528.9808349609375,4000.0,70.0,0.060223177075386,0.8977906703948975,0.0297143664211034,False,1.0,0.0602941662073135,mobilenetv2,0.0293699111789464,70.0,pytorch,44053.38671875,7.773776054382324,5.852017879486084,400.0,1.0,1.0,5.0,24.11766624450684,500.0,250129_mobilenet_onoffbench11.csv,0.0488439947366714,2025-03-20T16:10:33.547Z
0.0604050010442733,20.41530418395996,offload,2012.0325927734373,4000.0,70.0,0.0603323504328727,0.8354326486587524,0.032202772796154,False,6.0,0.0604050010442733,mobilenetv2,0.0212310943752527,70.0,pytorch,44053.38671875,7.727675914764404,5.841428279876709,400.0,1.0,1.0,5.0,24.16200065612793,500.0,250129_mobilenet_onoffbench11.csv,0.0443474389612674,2025-03-20T16:10:33.547Z
0.0960616692900657,14.894099235534668,offload,1137.2032470703125,4000.0,70.0,0.0959736630320549,0.5177159309387207,0.0622403919696807,False,3.0,0.0960616692900657,mobilenetv2,0.0355572700500488,70.0,pytorch,44053.38671875,5.690305233001709,3.6721229553222656,400.0,1.0,1.0,3.0,38.42466735839844,500.0,250129_mobilenet_onoffbench11.csv,0.0808622688055038,2025-03-20T16:10:33.547Z
0.0964233353734016,14.92868995666504,offload,1126.0556640625,2000.0,70.0,0.0963032841682434,0.6651282906532288,0.0549834556877613,False,3.0,0.0964233353734016,mobilenetv2,0.0380074195563793,70.0,pytorch,44053.38671875,5.729548931121826,3.659554243087769,400.0,1.0,1.0,3.0,38.569332122802734,500.0,250129_mobilenet_onoffbench11.csv,0.0812295153737068,2025-03-20T16:10:33.547Z
0.0959749966859817,14.677865028381348,offload,432.0339965820313,4000.0,70.0,0.0956735908985138,0.6910762786865234,0.0626795291900634,False,1.0,0.0959749966859817,mobilenetv2,0.0352106094360351,70.0,pytorch,44053.38671875,5.60363245010376,3.683640480041504,400.0,1.0,1.0,3.0,38.38999938964844,500.0,250129_mobilenet_onoffbench11.csv,0.0764644816517829,2025-03-20T16:10:33.547Z
0.093210831284523,17.96407699584961,offload,500.2328186035156,2000.0,70.0,0.0931151956319809,0.6405367851257324,0.0610955692827701,False,1.0,0.093210831284523,mobilenetv2,0.0414235591888427,70.0,pytorch,44053.38671875,6.718388557434082,3.784850597381592,400.0,1.0,1.0,3.0,37.28433227539063,500.0,250129_mobilenet_onoffbench11.csv,0.0794780254364013,2025-03-20T16:10:33.547Z
0.0971874967217445,13.852099418640137,offload,2010.353271484375,4000.0,70.0,0.0971332788467407,0.5843087434768677,0.0593691729009151,False,6.0,0.0971874967217445,mobilenetv2,0.0298978481441736,70.0,pytorch,44053.38671875,5.243388652801514,3.628283739089966,400.0,1.0,1.0,3.0,38.875,500.0,250129_mobilenet_onoffbench11.csv,0.0823815539479255,2025-03-20T16:10:33.547Z
0.1283074915409088,7.814671039581299,offload,1965.5716552734373,2000.0,70.0,0.128215879201889,13.10631275177002,0.00048039318062365055,False,6.0,0.1283074915409088,mobilenetv2,0.0604409389197826,70.0,pytorch,44053.38671875,2.999627113342285,2.748700857162476,400.0,1.0,1.0,5.0,51.322998046875,500.0,250129_mobilenet_onoffbench11.csv,0.0498994439840316,2025-03-20T16:10:33.547Z
0.1374766677618026,7.290156364440918,offload,1935.4088134765625,2000.0,70.0,0.1372697055339813,8.376429557800293,0.0004337410209700465,False,6.0,0.1374766677618026,mobilenetv2,0.0704424381256103,70.0,pytorch,44053.38671875,2.8963565826416016,2.567406415939331,400.0,1.0,1.0,3.0,54.990665435791016,500.0,250129_mobilenet_onoffbench11.csv,0.0902907028794288,2025-03-20T16:10:33.547Z
0.2729033231735229,14.878558158874512,offload,960.815673828125,4000.0,70.0,0.2728279531002044,0.6361269950866699,0.2312548905611038,False,3.0,0.2729033231735229,mobilenetv2,0.0363770313560962,70.0,pytorch,44053.38671875,5.568495750427246,1.2917557954788208,400.0,1.0,1.0,1.0,109.1613311767578,500.0,250129_mobilenet_onoffbench11.csv,0.2606111764907837,2025-03-20T16:10:33.547Z
0.2820900082588196,13.500476837158203,offload,386.8447265625,4000.0,70.0,0.2820024490356445,0.4947167336940765,0.2404199093580246,False,1.0,0.2820900082588196,mobilenetv2,0.0520548038184642,70.0,pytorch,44053.38671875,5.069489479064941,1.2497305870056152,400.0,1.0,1.0,1.0,112.83599853515624,500.0,250129_mobilenet_onoffbench11.csv,0.2711250185966491,2025-03-20T16:10:33.547Z
0.2824000120162964,9.64546012878418,offload,1722.6883544921875,4000.0,70.0,0.2823297381401062,1.9358716011047363,0.2227820605039596,False,6.0,0.2824000120162964,mobilenetv2,0.0390412807464599,70.0,pytorch,44053.38671875,3.7073605060577393,1.2482818365097046,400.0,1.0,1.0,1.0,112.95999908447266,500.0,250129_mobilenet_onoffbench11.csv,0.2654483616352081,2025-03-20T16:10:33.547Z
0.0304816663265228,33.170440673828125,offload,826.209716796875,2000.0,40.0,0.0303739681839942,1.3855446577072144,0.0038187557365745,False,1.0,0.0304816663265228,mobilenetv2,0.052748043090105,70.0,pytorch,27287.087890625,7.496671676635742,7.186966896057129,400.0,1.0,1.0,70.0,12.192667007446287,500.0,250129_mobilenet_onoffbench11.csv,0.006150466389954,2025-03-20T16:10:33.547Z
0.0320841670036315,31.357192993164062,offload,836.7457275390625,4000.0,40.0,0.0320191606879234,2.146429538726806,0.0030168555676937,False,1.0,0.0320841670036315,mobilenetv2,0.0205077324062585,70.0,pytorch,27287.087890625,7.026310920715332,6.817689895629883,400.0,1.0,1.0,70.0,12.833666801452637,500.0,250129_mobilenet_onoffbench11.csv,0.0054736556485295,2025-03-20T16:10:33.547Z
0.0282399989664554,35.928955078125,offload,2095.968505859375,4000.0,40.0,0.0281128548085689,1.5177571773529053,0.0041195563971996,False,3.0,0.0282399989664554,mobilenetv2,0.0308089256286621,70.0,pytorch,27287.087890625,8.139283180236816,7.765013694763184,400.0,1.0,1.0,70.0,11.29599952697754,500.0,250129_mobilenet_onoffbench11.csv,0.0060199471190571,2025-03-20T16:10:33.547Z
0.0305649992078542,32.733154296875,offload,2157.85791015625,4000.0,40.0,0.030491454526782,2.3898911476135254,0.0033093264792114,False,3.0,0.0305649992078542,mobilenetv2,0.0303308963775634,70.0,pytorch,27287.087890625,7.634998798370361,7.159275054931641,400.0,1.0,1.0,30.0,12.22599983215332,500.0,250129_mobilenet_onoffbench11.csv,0.0062244553118944,2025-03-20T16:10:33.547Z
0.0319608338177204,32.18303298950195,offload,823.9228515625,2000.0,40.0,0.0318511500954628,1.5830363035202026,0.0042480686679482,False,1.0,0.0319608338177204,mobilenetv2,0.0502340011298656,70.0,pytorch,27287.087890625,7.487648487091064,6.853652000427246,400.0,1.0,1.0,30.0,12.78433322906494,500.0,250129_mobilenet_onoffbench11.csv,0.0112372022122144,2025-03-20T16:10:33.547Z
0.0474650003015995,21.80692672729492,offload,3502.78466796875,4000.0,40.0,0.0473820306360721,3.6854729652404794,0.0032662539742887,False,6.0,0.0474650003015995,mobilenetv2,0.0386370830237865,70.0,pytorch,27287.087890625,4.94380521774292,4.607161998748779,400.0,1.0,1.0,70.0,18.98600006103516,500.0,250129_mobilenet_onoffbench11.csv,0.0085510713979601,2025-03-20T16:10:33.547Z
0.0405250005424022,24.92570304870605,offload,1805.108642578125,2000.0,40.0,0.0404522567987442,2.6457364559173584,0.0026682848110795,False,3.0,0.0405250005424022,mobilenetv2,0.0430786609649658,70.0,pytorch,27287.087890625,5.630467414855957,5.396403789520264,400.0,1.0,1.0,70.0,16.21000099182129,500.0,250129_mobilenet_onoffbench11.csv,0.0075004086829721,2025-03-20T16:10:33.547Z
0.0413491651415824,24.343338012695312,offload,1842.7037353515625,2000.0,40.0,0.0412266179919242,4.068765640258789,0.00045985300675965846,False,3.0,0.0413491651415824,mobilenetv2,0.0465852431952953,70.0,pytorch,27287.087890625,5.639252662658691,5.295042514801025,400.0,1.0,1.0,30.0,16.5396671295166,500.0,250129_mobilenet_onoffbench11.csv,0.0087059568613767,2025-03-20T16:10:33.547Z
0.0255999993532896,39.60454177856445,offload,2319.593505859375,4000.0,40.0,0.0249184425920248,1.1674745082855225,0.0016123560490086,False,3.0,0.0255999993532896,mobilenetv2,0.0475811176002025,70.0,pytorch,27287.087890625,9.37104320526123,8.76044750213623,400.0,1.0,1.0,15.0,10.239999771118164,500.0,250129_mobilenet_onoffbench11.csv,0.0094288466498255,2025-03-20T16:10:33.547Z
0.0420800000429153,24.058752059936523,offload,3527.5732421875,4000.0,40.0,0.0420104302465915,3.754519939422608,0.0027092159725725,False,6.0,0.0420800000429153,mobilenetv2,0.0387419052422046,70.0,pytorch,27287.087890625,5.4698333740234375,5.196249961853027,400.0,1.0,1.0,30.0,16.832000732421875,500.0,250129_mobilenet_onoffbench11.csv,0.0072467871941626,2025-03-20T16:10:33.547Z
0.0281083341687917,35.7183723449707,offload,896.697509765625,4000.0,40.0,0.0278156194835901,2.0409843921661377,0.0019242105772718,False,1.0,0.0281083341687917,mobilenetv2,0.0580940246582031,70.0,pytorch,27287.087890625,8.426501274108887,7.847990036010742,400.0,1.0,1.0,15.0,11.24333381652832,500.0,250129_mobilenet_onoffbench11.csv,0.0124506335705518,2025-03-20T16:10:33.547Z
0.0382941663265228,29.24748992919922,offload,788.0103149414062,4000.0,40.0,0.0382160693407058,3.6936283111572266,0.0025577056221663,False,1.0,0.0382941663265228,mobilenetv2,0.0294902324676513,70.0,pytorch,27287.087890625,6.788694381713867,5.712170600891113,400.0,1.0,1.0,30.0,15.317667007446287,500.0,250129_mobilenet_onoffbench11.csv,0.0062033510766923,2025-03-20T16:10:33.547Z
0.1238641664385795,8.133857727050781,offload,1965.28515625,2000.0,40.0,0.123780257999897,18.578447341918945,0.000328690221067518,False,6.0,0.1238641664385795,mobilenetv2,0.0751343593001365,70.0,pytorch,27287.087890625,1.9217818975448608,1.7635825872421265,400.0,1.0,1.0,30.0,49.5456657409668,500.0,250129_mobilenet_onoffbench11.csv,0.0252386219799518,2025-03-20T16:10:33.547Z
0.1091675013303756,10.298588752746582,offload,1907.782470703125,2000.0,40.0,0.1090717166662216,15.420525550842283,0.00032464860123582184,False,6.0,0.1091675013303756,mobilenetv2,0.0547825507819652,70.0,pytorch,27287.087890625,2.382475614547729,2.0014052391052246,400.0,1.0,1.0,70.0,43.66699981689453,500.0,250129_mobilenet_onoffbench11.csv,0.0201813783496618,2025-03-20T16:10:33.547Z
0.210836261510849,13.98876953125,offload,1026.234619140625,2000.0,70.0,0.2107579857110977,2.2203142642974854,0.1781704276800155,False,3.0,0.210836261510849,mobilenetv2,0.0435984134674072,70.0,pytorch,44053.38671875,5.277737617492676,1.6721885204315186,400.0,1.0,1.0,1.0,84.33450317382812,500.0,250129_mobilenet_onoffbench11.csv,0.1931849867105484,2025-03-20T16:10:33.547Z
0.2732416689395904,7.667208671569824,offload,861.3136596679688,2000.0,70.0,0.2731379270553589,2.5759356021881104,0.2317875623703003,False,6.0,0.2732416689395904,mobilenetv2,0.0647513046860694,70.0,pytorch,44053.38671875,2.896769523620605,1.2902898788452148,400.0,1.0,1.0,1.0,109.29666137695312,500.0,250129_mobilenet_onoffbench11.csv,0.2512657344341278,2025-03-20T16:10:33.547Z
0.030626667663455,33.46584701538086,offload,629.7783203125,2000.0,40.0,0.0305530130863189,0.8142400979995728,0.0042734206654131,False,1.0,0.030626667663455,mobilenetv2,0.0316935367882251,70.0,pytorch,27287.087890625,7.743830680847168,7.144850254058838,400.0,1.0,1.0,10.0,12.250666618347168,500.0,250129_mobilenet_onoffbench11.csv,0.0132110537961125,2025-03-20T16:10:33.547Z
0.0338583327829837,29.83070182800293,offload,1434.4786376953125,2000.0,40.0,0.0337882414460182,2.0240418910980225,0.0031978343613445,False,3.0,0.0338583327829837,mobilenetv2,0.0453548431396484,70.0,pytorch,27287.087890625,6.82130765914917,6.460729598999023,400.0,1.0,1.0,15.0,13.543333053588867,500.0,250129_mobilenet_onoffbench11.csv,0.0085346419364213,2025-03-20T16:10:33.547Z
0.0315575003623962,31.85593605041504,offload,825.5460815429688,2000.0,40.0,0.0314767993986606,2.149735689163208,0.0028803339228034,False,1.0,0.0315575003623962,mobilenetv2,0.0212805271148681,70.0,pytorch,27287.087890625,7.296447277069092,6.935161590576172,400.0,1.0,1.0,15.0,12.623000144958496,500.0,250129_mobilenet_onoffbench11.csv,0.0071905334480106,2025-03-20T16:10:33.547Z
0.0319791659712791,31.47431182861328,offload,838.475830078125,4000.0,40.0,0.0319022536277771,0.902040719985962,0.0042163226753473,False,1.0,0.0319791659712791,mobilenetv2,0.037878829985857,70.0,pytorch,27287.087890625,7.447993755340576,6.842673301696777,400.0,1.0,1.0,10.0,12.791666984558104,500.0,250129_mobilenet_onoffbench11.csv,0.0127178952097892,2025-03-20T16:10:33.547Z
0.0354666672646999,28.245912551879883,offload,1767.0828857421875,4000.0,40.0,0.0353872515261173,1.0504608154296875,0.0043665557168424,False,3.0,0.0354666672646999,mobilenetv2,0.0522473640739917,70.0,pytorch,27287.087890625,6.588049411773682,6.168795108795166,400.0,1.0,1.0,10.0,14.18666648864746,500.0,250129_mobilenet_onoffbench11.csv,0.0119289755821228,2025-03-20T16:10:33.547Z
0.0474066659808158,23.1945858001709,offload,1458.8809814453125,2000.0,40.0,0.0473001226782798,4.183767795562744,0.004105997737497,False,3.0,0.0474066659808158,mobilenetv2,0.0515182800590992,70.0,pytorch,27287.087890625,5.469583988189697,4.615140438079834,400.0,1.0,1.0,10.0,18.96266746520996,500.0,250129_mobilenet_onoffbench11.csv,0.0138697130605578,2025-03-20T16:10:33.547Z
0.03776166588068,28.718416213989254,offload,2876.885498046875,4000.0,40.0,0.0376440323889255,3.6934654712677,8.098582475213334e-05,False,6.0,0.03776166588068,mobilenetv2,0.0338347740471363,70.0,pytorch,27287.087890625,6.707361698150635,5.798972129821777,400.0,1.0,1.0,15.0,15.104666709899902,500.0,250129_mobilenet_onoffbench11.csv,0.0101384539157152,2025-03-20T16:10:33.547Z
0.0429291650652885,23.6668758392334,offload,676.6233520507812,4000.0,40.0,0.0428493395447731,0.6271669268608093,0.0130188316106796,False,1.0,0.0429291650652885,mobilenetv2,0.048550684005022,70.0,pytorch,27287.087890625,5.657888412475586,5.094517230987549,400.0,1.0,1.0,5.0,17.171667098999023,500.0,250129_mobilenet_onoffbench11.csv,0.0266108959913253,2025-03-20T16:10:33.547Z
0.0430183336138725,23.43003845214844,offload,3455.238525390625,4000.0,40.0,0.0428616590797901,2.67633318901062,0.0035460037179291,False,6.0,0.0430183336138725,mobilenetv2,0.0331757850944995,70.0,pytorch,27287.087890625,5.505681991577148,5.093052864074707,400.0,1.0,1.0,10.0,17.207332611083984,500.0,250129_mobilenet_onoffbench11.csv,0.0135391978546977,2025-03-20T16:10:33.547Z
0.1073616668581962,10.88558578491211,offload,1687.4344482421875,2000.0,40.0,0.1072206795215606,13.09725856781006,0.0003556086448952556,False,6.0,0.1073616668581962,mobilenetv2,0.0755534172058105,70.0,pytorch,27287.087890625,2.677649974822998,2.035957098007202,400.0,1.0,1.0,5.0,42.94466781616211,500.0,250129_mobilenet_onoffbench11.csv,0.0346528552472591,2025-03-20T16:10:33.547Z
0.0412724986672401,26.15057182312012,offload,718.0245361328125,2000.0,40.0,0.0411337353289127,0.6458765864372253,0.0122827989980578,False,1.0,0.0412724986672401,mobilenetv2,0.0615129470825195,70.0,pytorch,27287.087890625,6.156674385070801,5.306999206542969,400.0,1.0,1.0,5.0,16.50899887084961,500.0,250129_mobilenet_onoffbench11.csv,0.030411222949624,2025-03-20T16:10:33.547Z
0.0464875027537345,22.2005558013916,offload,1565.140625,2000.0,40.0,0.046336144208908,1.7649437189102173,0.0082786437124013,False,3.0,0.0464875027537345,mobilenetv2,0.0474036522209644,70.0,pytorch,27287.087890625,5.20880651473999,4.711153984069824,400.0,1.0,1.0,5.0,18.595001220703125,500.0,250129_mobilenet_onoffbench11.csv,0.0309893656522035,2025-03-20T16:10:33.547Z
0.0441733337938785,24.014881134033203,offload,1970.6368408203125,4000.0,40.0,0.0440756008028984,1.1230567693710327,0.0118863126263022,False,3.0,0.0441733337938785,mobilenetv2,0.0422333069145679,70.0,pytorch,27287.087890625,5.653604507446289,4.9527788162231445,400.0,1.0,1.0,5.0,17.66933250427246,500.0,250129_mobilenet_onoffbench11.csv,0.0300264470279216,2025-03-20T16:10:33.547Z
0.0484583303332328,20.65185165405273,offload,3283.8388671875,4000.0,40.0,0.0483502075076103,1.5192755460739136,0.0072464640252292,False,6.0,0.0484583303332328,mobilenetv2,0.0374743938446044,70.0,pytorch,27287.087890625,5.041324615478516,4.514907360076904,400.0,1.0,1.0,5.0,19.38333320617676,500.0,250129_mobilenet_onoffbench11.csv,0.0342609137296676,2025-03-20T16:10:33.547Z
0.0839041694998741,13.35336208343506,offload,1769.504150390625,2000.0,40.0,0.0837918296456337,9.615690231323242,0.0002205280470661819,False,6.0,0.0839041694998741,mobilenetv2,0.0712769851088523,70.0,pytorch,27287.087890625,3.0523436069488525,2.605226516723633,400.0,1.0,1.0,15.0,33.56166458129883,500.0,250129_mobilenet_onoffbench11.csv,0.0182839184999465,2025-03-20T16:10:33.547Z
0.0341858342289924,30.652250289916992,offload,614.566650390625,2000.0,100.0,0.0338621661067009,0.1852504312992096,0.009276870638132,False,1.0,0.0341858342289924,mobilenetv2,0.0442605800926685,40.0,pytorch,144509.0,36.04169464111328,34.14052200317383,400.0,1.0,1.0,70.0,13.674333572387695,500.0,250129_mobilenet_onoffbench11.csv,0.0234025213867425,2025-03-20T16:10:33.547Z
0.0445708334445953,23.23733139038086,offload,668.958251953125,4000.0,100.0,0.0444810986518859,0.0582503080368042,0.0180672891438007,False,1.0,0.0445708334445953,mobilenetv2,0.0521437339484691,40.0,pytorch,144509.0,28.0205078125,25.99018669128418,400.0,1.0,1.0,70.0,17.828332901000977,500.0,250129_mobilenet_onoffbench11.csv,0.0356752537190914,2025-03-20T16:10:33.547Z
0.0404824987053871,24.73421669006348,offload,1599.0653076171875,4000.0,100.0,0.0404147580265998,0.081553116440773,0.0121296616271138,False,3.0,0.0404824987053871,mobilenetv2,0.0520779304206371,40.0,pytorch,144509.0,29.31343650817871,28.605194091796875,400.0,1.0,1.0,70.0,16.19300079345703,500.0,250129_mobilenet_onoffbench11.csv,0.0324100703001022,2025-03-20T16:10:33.547Z
0.0583708323538303,23.77371025085449,offload,1251.23095703125,4000.0,40.0,0.0582461915910244,0.52510666847229,0.036286786198616,False,3.0,0.0583708323538303,mobilenetv2,0.0210301075130701,70.0,pytorch,27287.087890625,5.557508945465088,3.7478280067443848,400.0,1.0,1.0,3.0,23.34833335876465,500.0,250129_mobilenet_onoffbench11.csv,0.0461998283863067,2025-03-20T16:10:33.547Z
0.0765199959278106,13.06847858428955,offload,326.9693908691406,4000.0,40.0,0.0763445124030113,0.0656035542488098,0.0464469231665134,False,1.0,0.0765199959278106,mobilenetv2,0.0203200578689575,70.0,pytorch,27287.087890625,3.366746664047241,2.859363317489624,400.0,1.0,1.0,3.0,30.607999801635746,500.0,250129_mobilenet_onoffbench11.csv,0.0706457123160362,2025-03-20T16:10:33.547Z
0.047224998474121,21.534013748168945,offload,2977.991943359375,4000.0,100.0,0.0471447333693504,0.5474059581756592,0.0118686314672231,False,6.0,0.047224998474121,mobilenetv2,0.0346233062446117,40.0,pytorch,144509.0,22.520322799682617,24.521764755249023,400.0,1.0,1.0,70.0,18.88999938964844,500.0,250129_mobilenet_onoffbench11.csv,0.0379174351692199,2025-03-20T16:10:33.547Z
0.0632425025105476,17.91622543334961,offload,491.3155822753906,2000.0,40.0,0.0631823390722274,0.597769558429718,0.0311658941209316,False,1.0,0.0632425025105476,mobilenetv2,0.0311982631683349,70.0,pytorch,27287.087890625,4.241529941558838,3.4550271034240723,400.0,1.0,1.0,3.0,25.29700088500977,500.0,250129_mobilenet_onoffbench11.csv,0.0432521700859069,2025-03-20T16:10:33.547Z
0.0623675025999546,18.63369369506836,offload,1421.3062744140625,2000.0,40.0,0.0622542239725589,0.9133233428001404,0.0222011189907789,False,3.0,0.0623675025999546,mobilenetv2,0.0388739109039306,70.0,pytorch,27287.087890625,4.436821460723877,3.5065364837646484,400.0,1.0,1.0,3.0,24.94700050354004,500.0,250129_mobilenet_onoffbench11.csv,0.0431952215731143,2025-03-20T16:10:33.547Z
0.0611066669225692,19.861421585083008,offload,2149.23583984375,4000.0,40.0,0.0606333166360855,1.064386010169983,0.0339870825409889,False,6.0,0.0611066669225692,mobilenetv2,0.0213580932468175,70.0,pytorch,27287.087890625,4.708807468414307,3.600276470184326,400.0,1.0,1.0,3.0,24.44266700744629,500.0,250129_mobilenet_onoffbench11.csv,0.0432485453784465,2025-03-20T16:10:33.547Z
0.1304483264684677,7.684751033782959,offload,1850.1219482421875,2000.0,40.0,0.1303777396678924,13.984131813049316,0.0002612217213027179,False,6.0,0.1304483264684677,mobilenetv2,0.0497782230377197,70.0,pytorch,27287.087890625,1.879850506782532,1.6743403673171997,400.0,1.0,1.0,3.0,52.1793327331543,500.0,250129_mobilenet_onoffbench11.csv,0.0496161356568336,2025-03-20T16:10:33.547Z
0.1667783409357071,11.994256019592283,offload,1624.26025390625,4000.0,40.0,0.1667169779539108,0.5682953000068665,0.1290202736854553,False,6.0,0.1667783409357071,mobilenetv2,0.0316676311194896,70.0,pytorch,27287.087890625,1.4823839664459229,1.3093849420547483,400.0,1.0,1.0,1.0,66.71133422851562,500.0,250129_mobilenet_onoffbench11.csv,0.1501496434211731,2025-03-20T16:10:33.547Z
0.1656875014305114,12.49330711364746,offload,1037.4229736328125,4000.0,40.0,0.165615364909172,0.6247918009757996,0.1306789368391037,False,3.0,0.1656875014305114,mobilenetv2,0.0353140048682689,70.0,pytorch,27287.087890625,2.9704477787017822,1.3180944919586182,400.0,1.0,1.0,1.0,66.2750015258789,500.0,250129_mobilenet_onoffbench11.csv,0.1494959145784378,2025-03-20T16:10:33.547Z
0.1624966710805893,16.156036376953125,offload,295.4471130371094,2000.0,40.0,0.1624176651239395,0.6780208945274353,0.129021406173706,False,1.0,0.1624966710805893,mobilenetv2,0.0395800285041332,70.0,pytorch,27287.087890625,3.8115930557250977,1.3440452814102173,400.0,1.0,1.0,1.0,64.99866485595703,500.0,250129_mobilenet_onoffbench11.csv,0.1491473913192749,2025-03-20T16:10:33.547Z
0.1647025048732757,12.536251068115234,offload,387.055908203125,4000.0,40.0,0.164641723036766,0.6255046129226685,0.1295214146375656,False,1.0,0.1647025048732757,mobilenetv2,0.0346748828887939,70.0,pytorch,27287.087890625,2.947317361831665,1.3258893489837646,400.0,1.0,1.0,1.0,65.88099670410156,500.0,250129_mobilenet_onoffbench11.csv,0.1460828334093094,2025-03-20T16:10:33.547Z
0.1666900068521499,11.830613136291504,offload,932.4000244140624,2000.0,40.0,0.1666097342967987,0.7423405647277832,0.1218020021915435,False,3.0,0.1666900068521499,mobilenetv2,0.0438054390251636,70.0,pytorch,27287.087890625,2.7985243797302246,1.3102277517318726,400.0,1.0,1.0,1.0,66.6760025024414,500.0,250129_mobilenet_onoffbench11.csv,0.1507469266653061,2025-03-20T16:10:33.547Z
0.0339291654527187,30.3845329284668,offload,1224.1162109375,2000.0,100.0,0.0336164832115173,0.5247098803520203,0.0047887656837701,False,3.0,0.0339291654527187,mobilenetv2,0.0375224761664867,40.0,pytorch,144509.0,35.06196594238281,34.390037536621094,400.0,1.0,1.0,70.0,13.571666717529297,500.0,250129_mobilenet_onoffbench11.csv,0.0221583060920238,2025-03-20T16:10:33.547Z
0.0404483340680599,25.77547264099121,offload,1282.2440185546875,4000.0,100.0,0.0403823554515838,0.0302100088447332,0.0176891814917325,False,3.0,0.0404483340680599,mobilenetv2,0.0371878929436206,40.0,pytorch,144509.0,30.63437843322754,28.62814712524414,400.0,1.0,1.0,30.0,16.179332733154297,500.0,250129_mobilenet_onoffbench11.csv,0.0276874471455812,2025-03-20T16:10:33.547Z
0.0387233346700668,27.589279174804688,offload,594.04443359375,4000.0,100.0,0.0386622697114944,0.3553811609745025,0.016344591975212,False,1.0,0.0387233346700668,mobilenetv2,0.0218552742153406,40.0,pytorch,144509.0,32.284305572509766,29.90181541442871,400.0,1.0,1.0,30.0,15.489333152770996,500.0,250129_mobilenet_onoffbench11.csv,0.0260291341692209,2025-03-20T16:10:33.547Z
0.0458516664803028,21.83023834228516,offload,1440.848388671875,2000.0,100.0,0.0457627736032009,0.048143271356821,0.0157781261950731,False,3.0,0.0458516664803028,mobilenetv2,0.0460526943206787,40.0,pytorch,144509.0,26.181232452392575,25.262279510498047,400.0,1.0,1.0,30.0,18.34066772460937,500.0,250129_mobilenet_onoffbench11.csv,0.0324432626366615,2025-03-20T16:10:33.547Z
0.0426041670143604,23.89633560180664,offload,652.3724365234375,2000.0,100.0,0.0425207838416099,0.0320147685706615,0.0169193297624588,False,1.0,0.0426041670143604,mobilenetv2,0.0414533615112304,40.0,pytorch,144509.0,28.55864906311035,27.18839836120605,400.0,1.0,1.0,30.0,17.04166603088379,500.0,250129_mobilenet_onoffbench11.csv,0.0305010583251714,2025-03-20T16:10:33.547Z
0.0562408305704593,18.03434944152832,offload,1870.93115234375,2000.0,100.0,0.0561305992305278,1.86239755153656,0.0096903657540678,False,6.0,0.0562408305704593,mobilenetv2,0.0425719432532787,40.0,pytorch,144509.0,21.410961151123047,20.596111297607425,400.0,1.0,1.0,70.0,22.4963321685791,500.0,250129_mobilenet_onoffbench11.csv,0.0382338799536228,2025-03-20T16:10:33.547Z
0.0550250001251697,18.238733291625977,offload,3121.51318359375,4000.0,100.0,0.0549138784408569,1.482157826423645,0.0090720802545547,False,6.0,0.0550250001251697,mobilenetv2,0.0332571677863597,40.0,pytorch,144509.0,21.851581573486328,21.05245590209961,400.0,1.0,1.0,30.0,22.01000022888184,500.0,250129_mobilenet_onoffbench11.csv,0.0380142554640769,2025-03-20T16:10:33.547Z
0.068480834364891,18.069786071777344,offload,421.43206787109375,4000.0,100.0,0.0683798864483833,0.0253003556281328,0.0421402491629123,False,1.0,0.068480834364891,mobilenetv2,0.03053037263453,40.0,pytorch,144509.0,22.30580139160156,16.90660858154297,400.0,1.0,1.0,15.0,27.392333984375,500.0,250129_mobilenet_onoffbench11.csv,0.0561274737119674,2025-03-20T16:10:33.547Z
0.0675716698169708,17.909597396850586,offload,1278.6881103515625,4000.0,100.0,0.0674978643655777,0.0618779994547367,0.0383333787322044,False,3.0,0.0675716698169708,mobilenetv2,0.041553895920515,40.0,pytorch,144509.0,21.164011001586918,17.127534866333008,400.0,1.0,1.0,15.0,27.02866744995117,500.0,250129_mobilenet_onoffbench11.csv,0.0572095699608325,2025-03-20T16:10:33.547Z
0.0733283311128616,14.632034301757812,offload,2112.540771484375,4000.0,100.0,0.0731878206133842,0.0355000793933868,0.0351254604756832,False,6.0,0.0733283311128616,mobilenetv2,0.0394963435828685,40.0,pytorch,144509.0,17.95724105834961,15.795961380004885,400.0,1.0,1.0,15.0,29.33133316040039,500.0,250129_mobilenet_onoffbench11.csv,0.0611086525022983,2025-03-20T16:10:33.547Z
0.0926050022244453,12.722100257873535,offload,1004.5286865234376,2000.0,100.0,0.0924892202019691,0.0382142439484596,0.0533315762877464,False,3.0,0.0926050022244453,mobilenetv2,0.0475022010505199,40.0,pytorch,144509.0,15.081612586975098,12.499531745910645,400.0,1.0,1.0,15.0,37.04199981689453,500.0,250129_mobilenet_onoffbench11.csv,0.0840038657188415,2025-03-20T16:10:33.547Z
0.1015266701579094,10.478113174438477,offload,1895.431884765625,2000.0,100.0,0.1012357920408248,0.651899516582489,0.0135834403336048,False,6.0,0.1015266701579094,mobilenetv2,0.0577849559485912,40.0,pytorch,144509.0,12.31528377532959,11.419597625732422,400.0,1.0,1.0,30.0,40.61066818237305,500.0,250129_mobilenet_onoffbench11.csv,0.0884263589978218,2025-03-20T16:10:33.547Z
0.1501941680908203,7.216276168823242,offload,1562.4676513671875,2000.0,100.0,0.1500472575426101,0.3523353338241577,0.0488340891897678,False,6.0,0.1501941680908203,mobilenetv2,0.0472789593040943,40.0,pytorch,144509.0,8.991351127624512,7.704719066619873,400.0,1.0,1.0,15.0,60.077667236328125,500.0,250129_mobilenet_onoffbench11.csv,0.1404230296611786,2025-03-20T16:10:33.547Z
0.1162591651082038,12.990811347961426,offload,913.322509765625,4000.0,100.0,0.116184301674366,0.0306310914456844,0.0867510065436363,False,3.0,0.1162591651082038,mobilenetv2,0.0252563953399658,40.0,pytorch,144509.0,16.0352840423584,9.950328826904297,400.0,1.0,1.0,10.0,46.503665924072266,500.0,250129_mobilenet_onoffbench11.csv,0.1071203500032424,2025-03-20T16:10:33.547Z
0.1082416623830795,13.55376148223877,offload,426.4059753417969,4000.0,100.0,0.1081473901867866,0.0508666597306728,0.0736514776945114,False,1.0,0.1082416623830795,mobilenetv2,0.0394138507544994,40.0,pytorch,144509.0,16.807947158813477,10.68978214263916,400.0,1.0,1.0,10.0,43.29666519165039,500.0,250129_mobilenet_onoffbench11.csv,0.1006453707814216,2025-03-20T16:10:33.547Z
0.092386670410633,19.32957649230957,offload,423.9822387695313,2000.0,100.0,0.0923268944025039,0.163251131772995,0.0695269629359245,False,1.0,0.092386670410633,mobilenetv2,0.0192784462124109,40.0,pytorch,144509.0,23.244712829589844,12.52150821685791,400.0,1.0,1.0,10.0,36.95466613769531,500.0,250129_mobilenet_onoffbench11.csv,0.0817584916949272,2025-03-20T16:10:33.547Z
0.1003708317875862,12.07317352294922,offload,1500.5953369140625,4000.0,100.0,0.1002879068255424,0.1203493624925613,0.0737238377332687,False,6.0,0.1003708317875862,mobilenetv2,0.038865327835083,40.0,pytorch,144509.0,14.615591049194336,11.527531623840332,400.0,1.0,1.0,10.0,40.14833450317383,500.0,250129_mobilenet_onoffbench11.csv,0.0940520241856575,2025-03-20T16:10:33.547Z
0.0943749994039535,17.1810245513916,offload,857.7240600585938,2000.0,100.0,0.0943119376897811,0.082570806145668,0.0723466724157333,False,3.0,0.0943749994039535,mobilenetv2,0.0498055629432201,40.0,pytorch,144509.0,16.7586727142334,12.25796127319336,400.0,1.0,1.0,10.0,37.75,500.0,250129_mobilenet_onoffbench11.csv,0.0818924084305763,2025-03-20T16:10:33.547Z
0.1083849966526031,10.304882049560549,offload,1450.760009765625,2000.0,100.0,0.1083248779177665,0.0703734308481216,0.0506189055740833,False,6.0,0.1083849966526031,mobilenetv2,0.0650631561875343,40.0,pytorch,144509.0,12.5472993850708,10.672266960144045,400.0,1.0,1.0,10.0,43.354000091552734,500.0,250129_mobilenet_onoffbench11.csv,0.0950362831354141,2025-03-20T16:10:33.547Z
0.1857616603374481,9.5820894241333,offload,766.7930908203125,4000.0,100.0,0.1856820285320282,0.021564282476902,0.1452394872903823,False,3.0,0.1857616603374481,mobilenetv2,0.0328818969428539,40.0,pytorch,144509.0,11.822671890258787,6.2260847091674805,400.0,1.0,1.0,5.0,74.3046646118164,500.0,250129_mobilenet_onoffbench11.csv,0.1704704165458679,2025-03-20T16:10:33.547Z
0.1820591688156128,11.649773597717283,offload,322.0792541503906,2000.0,100.0,0.1819961667060852,0.0188812054693698,0.1514905095100402,False,1.0,0.1820591688156128,mobilenetv2,0.042276382446289,40.0,pytorch,144509.0,14.286301612854004,6.352177619934082,400.0,1.0,1.0,5.0,72.82366943359375,500.0,250129_mobilenet_onoffbench11.csv,0.1701827496290207,2025-03-20T16:10:33.547Z
0.1823441684246063,11.552949905395508,offload,742.35791015625,2000.0,100.0,0.1822884976863861,0.0109549863263964,0.1508631408214569,False,3.0,0.1823441684246063,mobilenetv2,0.0400203876197338,40.0,pytorch,144509.0,14.188960075378418,6.341990947723389,400.0,1.0,1.0,5.0,72.93766784667969,500.0,250129_mobilenet_onoffbench11.csv,0.1711242496967315,2025-03-20T16:10:33.547Z
0.1885116696357727,8.434779167175293,offload,1436.8310546875,4000.0,100.0,0.1884556263685226,0.1047882512211799,0.1465738415718078,False,6.0,0.1885116696357727,mobilenetv2,0.0305762290954589,40.0,pytorch,144509.0,10.460531234741213,6.1344523429870605,400.0,1.0,1.0,5.0,75.4046630859375,500.0,250129_mobilenet_onoffbench11.csv,0.1731528043746948,2025-03-20T16:10:33.547Z
0.1812833398580551,11.999588966369627,offload,346.548583984375,4000.0,100.0,0.1812137812376022,0.0409785620868206,0.1459501981735229,False,1.0,0.1812833398580551,mobilenetv2,0.0298896636813879,40.0,pytorch,144509.0,14.672307014465332,6.379603385925293,400.0,1.0,1.0,5.0,72.51333618164062,500.0,250129_mobilenet_onoffbench11.csv,0.1653306186199188,2025-03-20T16:10:33.547Z
0.2075483351945877,5.575781345367432,offload,1093.03857421875,2000.0,100.0,0.2074845731258392,0.3047405779361725,0.1341684311628341,False,6.0,0.2075483351945877,mobilenetv2,0.0587383098900318,40.0,pytorch,144509.0,7.10522985458374,5.571845531463623,400.0,1.0,1.0,5.0,83.01933288574219,500.0,250129_mobilenet_onoffbench11.csv,0.196227952837944,2025-03-20T16:10:33.547Z
0.3130575120449066,7.586381912231445,offload,1391.222900390625,4000.0,100.0,0.31296306848526,0.0671823844313621,0.2492752969264984,False,6.0,0.3130575120449066,mobilenetv2,0.030130386352539,40.0,pytorch,144509.0,9.45275592803955,3.6939566135406494,400.0,1.0,1.0,3.0,125.2229995727539,500.0,250129_mobilenet_onoffbench11.csv,0.3036912381649017,2025-03-20T16:10:33.547Z
0.3071500062942505,10.835148811340332,offload,372.3678283691406,2000.0,100.0,0.3070560991764068,0.1138335913419723,0.2679074108600616,False,1.0,0.3071500062942505,mobilenetv2,0.0447896309196949,40.0,pytorch,144509.0,12.880356788635254,3.7650187015533447,400.0,1.0,1.0,3.0,122.86000061035156,500.0,250129_mobilenet_onoffbench11.csv,0.2967448234558105,2025-03-20T16:10:33.547Z
0.3413666784763336,4.2007155418396,offload,830.45849609375,2000.0,100.0,0.3411784470081329,0.0856286808848381,0.2732361257076263,False,6.0,0.3413666784763336,mobilenetv2,0.0798989906907081,40.0,pytorch,144509.0,5.399774551391602,3.388467073440552,400.0,1.0,1.0,3.0,136.54666137695312,500.0,250129_mobilenet_onoffbench11.csv,0.3333519101142883,2025-03-20T16:10:33.547Z
0.2968616783618927,9.791385650634766,offload,257.4918518066406,4000.0,100.0,0.2967903017997741,0.0085717104375362,0.2590388059616089,False,1.0,0.2968616783618927,mobilenetv2,0.0365238189697265,40.0,pytorch,144509.0,11.893092155456545,3.8952486515045166,400.0,1.0,1.0,3.0,118.74466705322266,500.0,250129_mobilenet_onoffbench11.csv,0.2840291261672973,2025-03-20T16:10:33.547Z
0.3000066578388214,11.118760108947754,offload,837.5126342773438,4000.0,100.0,0.2999379932880401,0.0334896519780159,0.257053792476654,False,3.0,0.3000066578388214,mobilenetv2,0.0431399345397949,40.0,pytorch,144509.0,12.8924560546875,3.854369878768921,400.0,1.0,1.0,3.0,120.0026626586914,500.0,250129_mobilenet_onoffbench11.csv,0.2901977896690368,2025-03-20T16:10:33.547Z
0.3118949830532074,9.036905288696287,offload,656.7978515625,2000.0,100.0,0.3118128478527069,0.0341985076665878,0.2679921984672546,False,3.0,0.3118949830532074,mobilenetv2,0.0369882583618164,40.0,pytorch,144509.0,11.220314025878906,3.707582950592041,400.0,1.0,1.0,3.0,124.75799560546876,500.0,250129_mobilenet_onoffbench11.csv,0.302659273147583,2025-03-20T16:10:33.547Z
0.0342233330011367,34.40611267089844,offload,1829.215576171875,4000.0,70.0,0.0341330952942371,2.7007832527160645,0.003745324909687,False,3.0,0.0342233330011367,mobilenetv2,0.027807792648673,40.0,pytorch,44053.38671875,7.721856594085693,10.325084686279297,400.0,1.0,1.0,70.0,13.68933391571045,500.0,250129_mobilenet_onoffbench11.csv,0.0074108187109231,2025-03-20T16:10:33.547Z
0.0254437513649463,39.97533798217773,offload,787.6364135742188,4000.0,70.0,0.0253286659717559,0.8812389373779297,0.0053075258620083,False,1.0,0.0254437513649463,mobilenetv2,0.0293477773666381,40.0,pytorch,44053.38671875,14.582611083984377,13.914159774780272,400.0,1.0,1.0,70.0,10.177499771118164,500.0,250129_mobilenet_onoffbench11.csv,0.006772790569812,2025-03-20T16:10:33.547Z
0.0232508331537246,44.08330535888672,offload,858.7672729492188,2000.0,70.0,0.0231522358953952,0.8406926989555359,0.0034053060226142,False,1.0,0.0232508331537246,mobilenetv2,0.0321504287421703,40.0,pytorch,44053.38671875,16.247848510742188,15.222163200378418,400.0,1.0,1.0,70.0,9.300333023071287,500.0,250129_mobilenet_onoffbench11.csv,0.0076056742109358,2025-03-20T16:10:33.547Z
0.0353691652417182,28.519371032714844,offload,3582.560546875,4000.0,70.0,0.0347476974129676,3.042578935623169,0.0014374973252415,False,6.0,0.0353691652417182,mobilenetv2,0.0377791710197925,40.0,pytorch,44053.38671875,10.594155311584473,10.14245891571045,400.0,1.0,1.0,30.0,14.147666931152344,500.0,250129_mobilenet_onoffbench11.csv,0.0124919675290584,2025-03-20T16:10:33.547Z
0.0231699999421834,43.24347305297852,offload,884.585205078125,4000.0,70.0,0.0230699013918638,0.9895628094673156,0.0016104485839605,False,1.0,0.0231699999421834,mobilenetv2,0.0345730781555175,40.0,pytorch,44053.38671875,16.15513038635254,15.2764892578125,400.0,1.0,1.0,30.0,9.268000602722168,500.0,250129_mobilenet_onoffbench11.csv,0.0111096706241369,2025-03-20T16:10:33.547Z
0.0230412501841783,43.424163818359375,offload,2216.8681640625,4000.0,70.0,0.0229658745229244,0.8015163540840149,0.0021582543849945,False,3.0,0.0230412501841783,mobilenetv2,0.0275912284851074,40.0,pytorch,44053.38671875,16.09010887145996,15.345685958862305,400.0,1.0,1.0,30.0,9.216500282287598,500.0,250129_mobilenet_onoffbench11.csv,0.0096399905160069,2025-03-20T16:10:33.547Z
0.0337137505412101,29.8133602142334,offload,2928.62646484375,4000.0,70.0,0.0336503870785236,2.081861734390259,0.0028491024859249,False,6.0,0.0337137505412101,mobilenetv2,0.0321189165115356,40.0,pytorch,44053.38671875,11.00216579437256,10.47319507598877,400.0,1.0,1.0,70.0,13.485499382019045,500.0,250129_mobilenet_onoffbench11.csv,0.0125074135139584,2025-03-20T16:10:33.547Z
0.0220825001597404,45.28590393066406,offload,892.7892456054688,2000.0,70.0,0.0220080334693193,0.9950630068778992,0.0002384552353760228,False,1.0,0.0220825001597404,mobilenetv2,0.0369535684585571,40.0,pytorch,44053.38671875,17.093210220336914,16.013565063476562,400.0,1.0,1.0,30.0,8.833000183105469,500.0,250129_mobilenet_onoffbench11.csv,0.0091702444478869,2025-03-20T16:10:33.547Z
0.0354587510228157,28.208477020263672,offload,1838.701904296875,2000.0,70.0,0.0351239554584026,2.928079605102539,0.0003873509413097054,False,3.0,0.0354587510228157,mobilenetv2,0.0408408641815185,40.0,pytorch,44053.38671875,10.397972106933594,10.033809661865234,400.0,1.0,1.0,70.0,14.183500289916992,500.0,250129_mobilenet_onoffbench11.csv,0.0102826999500393,2025-03-20T16:10:33.547Z
0.1189608350396156,8.516539573669434,offload,1848.3885498046875,2000.0,70.0,0.1188253536820411,16.36574935913086,0.00042891898192465305,False,6.0,0.1189608350396156,mobilenetv2,0.0367392711341381,40.0,pytorch,44053.38671875,3.174131155014038,2.9659252166748047,400.0,1.0,1.0,70.0,47.58433532714844,500.0,250129_mobilenet_onoffbench11.csv,0.0320537686347961,2025-03-20T16:10:33.547Z
0.8743233680725098,8.306742668151855,offload,237.9875640869141,4000.0,100.0,0.874226987361908,0.018294746056199,0.8451122641563416,False,1.0,0.8743233680725098,mobilenetv2,0.0279488563537597,40.0,pytorch,144509.0,10.171957015991213,1.3223934173583984,400.0,1.0,1.0,1.0,349.7293395996094,500.0,250129_mobilenet_onoffbench11.csv,0.8672358989715576,2025-03-20T16:10:33.547Z
0.0323949977755546,30.8752555847168,offload,559.539306640625,4000.0,70.0,0.0323179960250854,0.0761820897459983,0.012079513631761,False,1.0,0.0323949977755546,mobilenetv2,0.0189722776412963,40.0,pytorch,44053.38671875,11.2389497756958,10.904980659484863,400.0,1.0,1.0,15.0,12.957999229431152,500.0,250129_mobilenet_onoffbench11.csv,0.0186095759272575,2025-03-20T16:10:33.547Z
0.0355724990367889,31.03165054321289,offload,668.24365234375,2000.0,70.0,0.0354572534561157,0.4775928258895874,0.0108772963285446,False,1.0,0.0355724990367889,mobilenetv2,0.0531147308647632,40.0,pytorch,44053.38671875,10.929401397705078,9.939491271972656,400.0,1.0,1.0,10.0,14.229000091552734,500.0,250129_mobilenet_onoffbench11.csv,0.0246251765638589,2025-03-20T16:10:33.547Z
0.061719998717308,21.549701690673828,offload,524.6343994140625,4000.0,70.0,0.0616181828081607,0.5568303465843201,0.0335473120212554,False,1.0,0.061719998717308,mobilenetv2,0.0389225482940673,40.0,pytorch,44053.38671875,8.359841346740723,5.7195305824279785,400.0,1.0,1.0,5.0,24.6879997253418,500.0,250129_mobilenet_onoffbench11.csv,0.0505051389336586,2025-03-20T16:10:33.547Z
1.2768124341964722,0.7832016944885254,offload,97.44810485839844,4000.0,100.0,1.276762843132019,0.0026099141687154,1.2441749572753906,False,6.0,1.2768124341964722,mobilenetv2,0.0206218957901,40.0,pytorch,144509.0,1.1306017637252808,0.9054712057113647,400.0,1.0,1.0,1.0,510.7249755859375,500.0,250129_mobilenet_onoffbench11.csv,1.2596242427825928,2025-03-20T16:10:33.547Z
1.2772637605667114,0.7829238176345825,offload,30.42707061767578,2000.0,100.0,1.2772022485733032,0.003132895566523,1.2372195720672607,False,1.0,1.2772637605667114,mobilenetv2,0.0403882265090942,40.0,pytorch,144509.0,1.1288783550262451,0.9051597118377686,400.0,1.0,1.0,1.0,510.905517578125,500.0,250129_mobilenet_onoffbench11.csv,1.25818932056427,2025-03-20T16:10:33.547Z
0.8652108311653137,14.893898010253906,offload,705.497802734375,4000.0,100.0,0.8651700615882874,0.0374507457017898,0.8417614102363586,False,3.0,0.8652108311653137,mobilenetv2,0.01942197419703,40.0,pytorch,144509.0,15.69886589050293,1.3362367153167725,400.0,1.0,1.0,1.0,346.0843200683594,500.0,250129_mobilenet_onoffbench11.csv,0.854403018951416,2025-03-20T16:10:33.547Z
0.8881941437721252,3.4873735904693604,offload,775.600830078125,2000.0,100.0,0.8881049156188965,0.137845829129219,0.7960682511329651,False,6.0,0.8881941437721252,mobilenetv2,0.0428628921508789,40.0,pytorch,144509.0,4.349916458129883,1.3017290830612185,400.0,1.0,1.0,1.0,355.2776794433594,500.0,250129_mobilenet_onoffbench11.csv,0.8702138066291809,2025-03-20T16:10:33.547Z
1.275997519493103,0.7837006449699402,offload,85.57117462158203,2000.0,100.0,1.275904893875122,0.0036982090678066,1.2219325304031372,False,3.0,1.275997519493103,mobilenetv2,0.0405960083007812,40.0,pytorch,144509.0,1.1432182788848877,0.9060800075531006,400.0,1.0,1.0,1.0,510.3989868164063,500.0,250129_mobilenet_onoffbench11.csv,1.2564961910247805,2025-03-20T16:10:33.547Z
0.028666665777564,36.07448196411133,offload,1496.111328125,2000.0,70.0,0.0285359434783458,1.4712785482406616,0.0016442290507256,False,3.0,0.028666665777564,mobilenetv2,0.0364306755363941,40.0,pytorch,44053.38671875,13.482582092285156,12.350287437438965,400.0,1.0,1.0,30.0,11.466666221618652,500.0,250129_mobilenet_onoffbench11.csv,0.0140270935371518,2025-03-20T16:10:33.547Z
0.0299474988132715,33.45469284057617,offload,754.98095703125,2000.0,70.0,0.029872877523303,0.400075614452362,0.0072451722808182,False,1.0,0.0299474988132715,mobilenetv2,0.0455718822777271,40.0,pytorch,44053.38671875,11.369511604309082,11.797560691833496,400.0,1.0,1.0,15.0,11.979000091552734,500.0,250129_mobilenet_onoffbench11.csv,0.014313374646008,2025-03-20T16:10:33.547Z
0.028284166008234,35.74502944946289,offload,1820.375732421875,4000.0,70.0,0.0281922351568937,0.3087584376335144,0.0079007502645254,False,3.0,0.028284166008234,mobilenetv2,0.0302867889404296,40.0,pytorch,44053.38671875,13.529536247253418,12.500856399536133,400.0,1.0,1.0,15.0,11.313666343688965,500.0,250129_mobilenet_onoffbench11.csv,0.0152931744232773,2025-03-20T16:10:33.547Z
0.0358458347618579,28.59565544128418,offload,594.7467651367188,4000.0,70.0,0.0357827320694923,0.3502669036388397,0.0145231140777468,False,1.0,0.0358458347618579,mobilenetv2,0.0296963062137365,40.0,pytorch,44053.38671875,10.61667823791504,9.849082946777344,400.0,1.0,1.0,10.0,14.338333129882812,500.0,250129_mobilenet_onoffbench11.csv,0.0224358364939689,2025-03-20T16:10:33.547Z
0.0627883300185203,20.98004531860352,offload,1105.669189453125,4000.0,70.0,0.0624460205435752,0.4458422064781189,0.0381885506212711,False,3.0,0.0627883300185203,mobilenetv2,0.033853929489851,40.0,pytorch,44053.38671875,8.16670036315918,5.643707752227783,400.0,1.0,1.0,5.0,25.115333557128903,500.0,250129_mobilenet_onoffbench11.csv,0.0547495260834693,2025-03-20T16:10:33.547Z
0.0946024954319,10.572183609008787,offload,1930.5693359375,2000.0,70.0,0.0943502858281135,10.448802947998049,0.0007686057942919433,False,6.0,0.0946024954319,mobilenetv2,0.0459305047988891,40.0,pytorch,44053.38671875,4.000213146209717,3.735305070877075,400.0,1.0,1.0,10.0,37.84099960327149,500.0,250129_mobilenet_onoffbench11.csv,0.0322383716702461,2025-03-20T16:10:33.547Z
0.0587649978697299,21.86207389831543,offload,1047.7332763671875,2000.0,70.0,0.0586832575500011,0.6310123205184937,0.0374246090650558,False,3.0,0.0587649978697299,mobilenetv2,0.0382490158081054,40.0,pytorch,44053.38671875,8.21121597290039,6.005581855773926,400.0,1.0,1.0,5.0,23.506000518798828,500.0,250129_mobilenet_onoffbench11.csv,0.044288083910942,2025-03-20T16:10:33.547Z
0.0697799995541572,14.33375644683838,ondevice,1004.113037109375,1000.0,100.0,0.0696761235594749,9.077372550964355,0.0054825134575366,False,3.0,0.0697799995541572,mobilenetv2,0.1320422887802124,70.0,pytorch,0.0,0.0,0.0,400.0,0.0,1.0,0.0,27.911998748779297,1000.0,250129_mobilenet_onoffbench11.csv,0.0,2025-03-20T16:10:33.547Z
0.0376737527549266,26.54447555541992,ondevice,731.5947265625,1000.0,70.0,0.0375536270439624,5.14125394821167,0.0028608527500182,False,1.0,0.0376737527549266,mobilenetv2,0.0613714456558227,70.0,pytorch,0.0,0.0,0.0,400.0,0.0,1.0,0.0,15.069499969482422,1000.0,250129_mobilenet_onoffbench11.csv,0.0,2025-03-20T16:10:33.547Z
0.112221248447895,8.931219100952148,ondevice,505.106201171875,500.0,40.0,0.1121341660618782,16.065425872802734,0.0040770168416202,False,3.0,0.112221248447895,mobilenetv2,0.2966933250427246,100.0,pytorch,0.0,0.0,0.0,400.0,0.0,1.0,0.0,44.88850021362305,500.0,250129_mobilenet_onoffbench11.csv,0.0,2025-03-20T16:10:33.547Z
0.1266674995422363,7.894684791564941,ondevice,351.05914306640625,500.0,100.0,0.1265577971935272,17.88742446899414,0.0052344431169331,False,6.0,0.1266674995422363,mobilenetv2,0.3086104393005371,70.0,pytorch,0.0,0.0,0.0,400.0,0.0,1.0,0.0,50.66699981689453,500.0,250129_mobilenet_onoffbench11.csv,0.0,2025-03-20T16:10:33.547Z
0.0415083318948745,24.90876007080078,ondevice,1014.8724975585938,1000.0,70.0,0.0414428636431694,5.507250785827637,0.0029304497875273,False,3.0,0.0415083318948745,mobilenetv2,0.1614745408296585,40.0,pytorch,0.0,0.0,0.0,400.0,0.0,1.0,0.0,16.60333251953125,1000.0,250129_mobilenet_onoffbench11.csv,0.0,2025-03-20T16:10:33.547Z
0.0632441639900207,15.860353469848633,ondevice,1024.590576171875,1000.0,40.0,0.063147097826004,8.586151123046875,0.0042539536952972,False,3.0,0.0632441639900207,mobilenetv2,0.1627493649721145,70.0,pytorch,0.0,0.0,0.0,400.0,0.0,1.0,0.0,25.297666549682617,1000.0,250129_mobilenet_onoffbench11.csv,0.0,2025-03-20T16:10:33.547Z
0.0779062509536743,12.843173027038574,ondevice,1007.0852661132812,1000.0,40.0,0.0778392627835273,10.942493438720703,0.0040100985206663,False,6.0,0.0779062509536743,mobilenetv2,0.0818338394165039,70.0,pytorch,0.0,0.0,0.0,400.0,0.0,1.0,0.0,31.162500381469727,1000.0,250129_mobilenet_onoffbench11.csv,0.0,2025-03-20T16:10:33.547Z
0.0780183374881744,13.78815746307373,ondevice,526.5465087890625,500.0,40.0,0.0778864920139312,9.131248474121094,0.009149950928986,False,1.0,0.0780183374881744,mobilenetv2,0.3665225505828857,40.0,pytorch,0.0,0.0,0.0,400.0,0.0,1.0,0.0,31.207334518432617,500.0,250129_mobilenet_onoffbench11.csv,0.0,2025-03-20T16:10:33.547Z
0.0546008348464965,18.333518981933597,ondevice,1018.4812622070312,1000.0,40.0,0.0545251592993736,7.107317924499512,0.0050420770421624,False,3.0,0.0546008348464965,mobilenetv2,0.1146478652954101,40.0,pytorch,0.0,0.0,0.0,400.0,0.0,1.0,0.0,21.840333938598636,1000.0,250129_mobilenet_onoffbench11.csv,0.0,2025-03-20T16:10:33.547Z
0.0749424993991851,13.353811264038086,ondevice,518.1016845703125,500.0,70.0,0.0748870372772216,10.17361831665039,0.0052318638190627,False,3.0,0.0749424993991851,mobilenetv2,0.2177905291318893,40.0,pytorch,0.0,0.0,0.0,400.0,0.0,1.0,0.0,29.976999282836918,500.0,250129_mobilenet_onoffbench11.csv,0.0,2025-03-20T16:10:33.547Z
0.0907275006175041,11.026037216186523,ondevice,407.8251953125,500.0,40.0,0.0906813815236091,12.5493745803833,0.0041597438976168,False,6.0,0.0907275006175041,mobilenetv2,0.3113555908203125,40.0,pytorch,0.0,0.0,0.0,400.0,0.0,1.0,0.0,36.29100036621094,500.0,250129_mobilenet_onoffbench11.csv,0.0,2025-03-20T16:10:33.547Z
0.0897416695952415,12.042670249938965,ondevice,522.5927734375,500.0,100.0,0.0895666554570198,9.042580604553224,0.0092005934566259,False,1.0,0.0897416695952415,mobilenetv2,0.2505247592926025,40.0,pytorch,0.0,0.0,0.0,400.0,0.0,1.0,0.0,35.89666748046875,500.0,250129_mobilenet_onoffbench11.csv,0.0,2025-03-20T16:10:33.547Z
0.1113424971699714,8.9865083694458,ondevice,521.1260986328125,500.0,40.0,0.1111245676875114,13.384832382202148,0.0103742890059947,False,1.0,0.1113424971699714,mobilenetv2,0.4059495031833648,70.0,pytorch,0.0,0.0,0.0,400.0,0.0,1.0,0.0,44.5369987487793,500.0,250129_mobilenet_onoffbench11.csv,0.0,2025-03-20T16:10:33.547Z
0.1515716612339019,6.624137878417969,ondevice,514.4501953125,500.0,100.0,0.15150186419487,18.43557929992676,0.0113421836867928,False,3.0,0.1515716612339019,mobilenetv2,0.471547931432724,40.0,pytorch,0.0,0.0,0.0,400.0,0.0,1.0,0.0,60.628665924072266,500.0,250129_mobilenet_onoffbench11.csv,0.0,2025-03-20T16:10:33.547Z
0.1835725009441375,5.455836772918701,ondevice,514.2937622070312,500.0,100.0,0.1835015416145324,23.52825164794922,0.0113006317988038,False,6.0,0.1835725009441375,mobilenetv2,0.4653144776821136,40.0,pytorch,0.0,0.0,0.0,400.0,0.0,1.0,0.0,73.42900085449219,500.0,250129_mobilenet_onoffbench11.csv,0.0,2025-03-20T16:10:33.547Z
0.0643691644072532,15.540278434753418,ondevice,988.538330078125,1000.0,40.0,0.0640854984521865,8.695623397827148,0.004418009892106,False,6.0,0.0643691644072532,mobilenetv2,0.0988926067948341,40.0,pytorch,0.0,0.0,0.0,400.0,0.0,1.0,0.0,25.74766731262207,1000.0,250129_mobilenet_onoffbench11.csv,0.0,2025-03-20T16:10:33.547Z
0.0530024990439415,18.8692684173584,ondevice,526.8710327148438,500.0,70.0,0.0528344251215457,6.892897129058838,0.0049829701893031,False,1.0,0.0530024990439415,mobilenetv2,0.088261604309082,40.0,pytorch,0.0,0.0,0.0,400.0,0.0,1.0,0.0,21.201000213623047,500.0,250129_mobilenet_onoffbench11.csv,0.0,2025-03-20T16:10:33.547Z
0.0707999989390373,14.12429428100586,ondevice,345.72772216796875,500.0,40.0,0.0707007572054863,9.65046215057373,0.0045993383973836,False,3.0,0.0707999989390373,mobilenetv2,0.180774450302124,40.0,pytorch,0.0,0.0,0.0,400.0,0.0,1.0,0.0,28.31999969482422,500.0,250129_mobilenet_onoffbench11.csv,0.0,2025-03-20T16:10:33.547Z
0.1223324984312057,8.174443244934082,ondevice,511.2160034179688,500.0,40.0,0.1222433820366859,17.083759307861328,0.0036702794022858,False,6.0,0.1223324984312057,mobilenetv2,0.3963837623596191,70.0,pytorch,0.0,0.0,0.0,400.0,0.0,1.0,0.0,48.93299865722656,500.0,250129_mobilenet_onoffbench11.csv,0.0,2025-03-20T16:10:33.547Z
0.1782474964857101,5.613715171813965,ondevice,511.1917724609375,500.0,40.0,0.1780180782079696,23.87388610839844,0.0111967325210571,False,3.0,0.1782474964857101,mobilenetv2,0.445779800415039,70.0,pytorch,0.0,0.0,0.0,400.0,0.0,1.0,0.0,71.29899597167969,500.0,250129_mobilenet_onoffbench11.csv,0.0,2025-03-20T16:10:33.547Z
0.1425175070762634,7.966165065765381,ondevice,513.4219360351562,500.0,70.0,0.1424489021301269,19.46587371826172,0.0087266750633716,False,6.0,0.1425175070762634,mobilenetv2,0.3290406465530395,40.0,pytorch,0.0,0.0,0.0,400.0,0.0,1.0,0.0,57.00700378417969,500.0,250129_mobilenet_onoffbench11.csv,0.0,2025-03-20T16:10:33.547Z
0.1580324918031692,6.7105913162231445,ondevice,514.3703002929688,500.0,70.0,0.15796659886837,22.53097915649414,0.006627723108977,False,6.0,0.1580324918031692,mobilenetv2,0.4662915170192718,70.0,pytorch,0.0,0.0,0.0,400.0,0.0,1.0,0.0,63.21299743652344,500.0,250129_mobilenet_onoffbench11.csv,0.0,2025-03-20T16:10:33.547Z
0.028649166226387,35.09933853149414,offload,2386.14404296875,4000.0,100.0,0.0285733547061681,0.5406737923622131,0.0020822605583816,False,3.0,0.028649166226387,mobilenetv2,0.0395613498985767,100.0,pytorch,144509.0,39.89196014404297,40.45979309082031,400.0,1.0,1.0,70.0,11.45966625213623,500.0,250129_mobilenet_onoffbench11.csv,0.0155144650489091,2025-03-20T16:10:33.547Z
0.0490958355367183,20.700685501098636,offload,879.9136962890625,4000.0,100.0,0.0490339025855064,3.2577755451202397,0.0066776084713637,False,1.0,0.0490958355367183,mobilenetv2,0.0315569229423999,100.0,pytorch,144509.0,25.13880157470703,23.576993942260746,400.0,1.0,1.0,70.0,19.638334274291992,500.0,250129_mobilenet_onoffbench11.csv,0.0255551002919673,2025-03-20T16:10:33.547Z
0.04364750161767,23.13044166564941,offload,979.649658203125,2000.0,100.0,0.0435598008334636,1.4824992418289185,0.0020122141577303,False,1.0,0.04364750161767,mobilenetv2,0.0546052455902099,100.0,pytorch,144509.0,27.649742126464844,26.53988265991211,400.0,1.0,1.0,70.0,17.458999633789062,500.0,250129_mobilenet_onoffbench11.csv,0.0221240371465683,2025-03-20T16:10:33.547Z
0.0463816672563552,21.56104850769043,offload,896.0606689453125,2000.0,100.0,0.0463102608919143,0.158717855811119,0.0065872645936906,False,1.0,0.0463816672563552,mobilenetv2,0.0546732731163501,100.0,pytorch,144509.0,24.49995231628418,24.963624954223636,400.0,1.0,1.0,30.0,18.55266571044922,500.0,250129_mobilenet_onoffbench11.csv,0.0372274480760097,2025-03-20T16:10:33.547Z
0.0550558343529701,18.50458526611328,offload,1787.2923583984375,2000.0,100.0,0.0547659322619438,1.7016655206680298,0.0024505066685378,False,3.0,0.0550558343529701,mobilenetv2,0.0600850582122802,100.0,pytorch,144509.0,22.100231170654297,21.10932731628418,400.0,1.0,1.0,70.0,22.0223331451416,500.0,250129_mobilenet_onoffbench11.csv,0.0305636208504438,2025-03-20T16:10:33.547Z
0.0466108322143554,21.472217559814453,offload,918.9380493164062,4000.0,100.0,0.0465107299387455,0.1505112498998642,0.0058698165230453,False,1.0,0.0466108322143554,mobilenetv2,0.0692108497023582,100.0,pytorch,144509.0,25.518388748168945,24.85602760314941,400.0,1.0,1.0,30.0,18.644332885742188,500.0,250129_mobilenet_onoffbench11.csv,0.0324021093547344,2025-03-20T16:10:33.547Z
0.0467641651630401,21.39432144165039,offload,2098.470703125,4000.0,100.0,0.0466906055808067,0.1423889100551605,0.0091220494359731,False,3.0,0.0467641651630401,mobilenetv2,0.0692137852311134,100.0,pytorch,144509.0,26.109302520751957,24.76027107238769,400.0,1.0,1.0,30.0,18.705665588378903,500.0,250129_mobilenet_onoffbench11.csv,0.0347972884774208,2025-03-20T16:10:33.547Z
0.0604558326303958,16.595523834228516,offload,3235.087158203125,4000.0,100.0,0.0603380501270294,1.250077247619629,0.0143990311771631,False,6.0,0.0604558326303958,mobilenetv2,0.0531165599822998,100.0,pytorch,144509.0,19.619104385375977,19.159915924072266,400.0,1.0,1.0,30.0,24.18233299255371,500.0,250129_mobilenet_onoffbench11.csv,0.0446205735206604,2025-03-20T16:10:33.547Z
0.0530933327972888,20.204042434692383,offload,2779.46630859375,4000.0,100.0,0.0530370473861694,0.8335139155387878,0.0160701032727956,False,6.0,0.0530933327972888,mobilenetv2,0.0334842205047607,100.0,pytorch,144509.0,21.915191650390625,21.797441482543945,400.0,1.0,1.0,70.0,21.23733329772949,500.0,250129_mobilenet_onoffbench11.csv,0.0370022989809513,2025-03-20T16:10:33.547Z
0.0571416653692722,17.752933502197266,offload,1761.8021240234375,2000.0,100.0,0.0570370107889175,2.155433177947998,0.0045952382497489,False,3.0,0.0571416653692722,mobilenetv2,0.0849431380629539,100.0,pytorch,144509.0,20.911476135253903,20.2688045501709,400.0,1.0,1.0,30.0,22.856666564941406,500.0,250129_mobilenet_onoffbench11.csv,0.0356755293905735,2025-03-20T16:10:33.547Z
0.0983766689896583,10.267973899841309,offload,1095.192138671875,4000.0,100.0,0.0982003509998321,0.0352205075323581,0.0545295141637325,False,3.0,0.0983766689896583,mobilenetv2,0.0687809810042381,100.0,pytorch,144509.0,12.992246627807615,11.772584915161133,400.0,1.0,1.0,15.0,39.35066604614258,500.0,250129_mobilenet_onoffbench11.csv,0.0896813794970512,2025-03-20T16:10:33.547Z
0.1059658303856849,9.83229637145996,offload,474.980712890625,2000.0,100.0,0.1056470721960067,0.0394274890422821,0.057766281068325,False,1.0,0.1059658303856849,mobilenetv2,0.0561189651489257,100.0,pytorch,144509.0,12.57455825805664,10.942773818969728,400.0,1.0,1.0,15.0,42.38633346557617,500.0,250129_mobilenet_onoffbench11.csv,0.0959778130054473,2025-03-20T16:10:33.547Z
0.0954025015234947,10.573379516601562,offload,521.83984375,4000.0,100.0,0.0951850339770317,0.0307832974940538,0.0489471964538097,False,1.0,0.0954025015234947,mobilenetv2,0.0673021450638771,100.0,pytorch,144509.0,13.485215187072754,12.145522117614746,400.0,1.0,1.0,15.0,38.1609992980957,500.0,250129_mobilenet_onoffbench11.csv,0.0864980891346931,2025-03-20T16:10:33.547Z
0.1015558391809463,9.974267959594728,offload,2124.66796875,4000.0,100.0,0.1014075651764869,0.0934042409062385,0.0486088469624519,False,6.0,0.1015558391809463,mobilenetv2,0.059372741729021,100.0,pytorch,144509.0,12.420900344848633,11.400253295898438,400.0,1.0,1.0,15.0,40.62233352661133,500.0,250129_mobilenet_onoffbench11.csv,0.0925897359848022,2025-03-20T16:10:33.547Z
0.1773383319377899,5.640529155731201,offload,1975.79296875,2000.0,100.0,0.1772632300853729,11.4512300491333,0.0015333938645198,False,6.0,0.1773383319377899,mobilenetv2,0.076335035264492,100.0,pytorch,144509.0,6.825215816497803,6.521780967712402,400.0,1.0,1.0,70.0,70.93533325195312,500.0,250129_mobilenet_onoffbench11.csv,0.119215041399002,2025-03-20T16:10:33.547Z
0.1765975058078766,5.665503025054932,offload,1972.378662109375,2000.0,100.0,0.176464632153511,12.45157241821289,0.001370903220959,False,6.0,0.1765975058078766,mobilenetv2,0.0884153023362159,100.0,pytorch,144509.0,6.962401390075684,6.551295757293701,400.0,1.0,1.0,30.0,70.63899993896484,500.0,250129_mobilenet_onoffbench11.csv,0.1253976225852966,2025-03-20T16:10:33.547Z
0.0785966664552688,12.864389419555664,offload,1047.8040771484375,2000.0,100.0,0.0784610360860824,0.3618127405643463,0.0414025634527206,False,3.0,0.0785966664552688,mobilenetv2,0.0515802688896656,100.0,pytorch,144509.0,15.741161346435549,14.734345436096191,400.0,1.0,1.0,15.0,31.43866729736328,500.0,250129_mobilenet_onoffbench11.csv,0.0708883479237556,2025-03-20T16:10:33.547Z
0.0848116651177406,11.880072593688965,offload,1885.6163330078125,2000.0,100.0,0.0847123339772224,3.361001968383789,0.0055175353772938,False,6.0,0.0848116651177406,mobilenetv2,0.0494699478149414,100.0,pytorch,144509.0,14.512226104736328,13.647032737731934,400.0,1.0,1.0,15.0,33.92466735839844,500.0,250129_mobilenet_onoffbench11.csv,0.0635401830077171,2025-03-20T16:10:33.547Z
0.0954891666769981,15.469714164733888,offload,1219.4979248046875,4000.0,100.0,0.0954212695360183,0.0991231128573417,0.0588980428874492,False,3.0,0.0954891666769981,mobilenetv2,0.0401740074157714,100.0,pytorch,144509.0,18.912954330444336,12.115453720092772,400.0,1.0,1.0,10.0,38.1956672668457,500.0,250129_mobilenet_onoffbench11.csv,0.080588661134243,2025-03-20T16:10:33.547Z
0.112692505121231,9.210713386535645,offload,981.0218505859376,2000.0,100.0,0.1126217395067215,1.7904942035675049,0.0543388463556766,False,3.0,0.112692505121231,mobilenetv2,0.0524834804236888,100.0,pytorch,144509.0,11.674505233764648,10.265088081359863,400.0,1.0,1.0,10.0,45.07699966430664,500.0,250129_mobilenet_onoffbench11.csv,0.0853526592254638,2025-03-20T16:10:33.547Z
0.1002983301877975,12.356446266174316,offload,550.9681396484375,4000.0,100.0,0.1002326533198356,1.7152355909347534,0.054863478988409,False,1.0,0.1002983301877975,mobilenetv2,0.0238556861877441,100.0,pytorch,144509.0,15.098434448242188,11.533885955810549,400.0,1.0,1.0,10.0,40.11933135986328,500.0,250129_mobilenet_onoffbench11.csv,0.0794493556022644,2025-03-20T16:10:33.547Z
0.1023083329200744,11.570395469665527,offload,2597.61181640625,4000.0,100.0,0.1022501736879348,0.3009438514709472,0.0418099090456962,False,6.0,0.1023083329200744,mobilenetv2,0.0369919948279857,100.0,pytorch,144509.0,14.073001861572266,11.306307792663574,400.0,1.0,1.0,10.0,40.92333221435547,500.0,250129_mobilenet_onoffbench11.csv,0.08453269302845,2025-03-20T16:10:33.547Z
0.0972925052046775,14.165257453918455,offload,625.17333984375,2000.0,100.0,0.0972162336111068,0.3398543298244476,0.0499614067375659,False,1.0,0.0972925052046775,mobilenetv2,0.0541613884270191,100.0,pytorch,144509.0,17.49703598022461,11.891758918762209,400.0,1.0,1.0,10.0,38.91699981689453,500.0,250129_mobilenet_onoffbench11.csv,0.0809244364500045,2025-03-20T16:10:33.547Z
0.1567974984645843,6.497045993804932,offload,1761.6629638671875,2000.0,100.0,0.1566828787326812,5.301628112792969,0.0231337938457727,False,6.0,0.1567974984645843,mobilenetv2,0.0685516223311424,100.0,pytorch,144509.0,8.006057739257812,7.378419399261475,400.0,1.0,1.0,10.0,62.71900177001953,500.0,250129_mobilenet_onoffbench11.csv,0.1235608384013176,2025-03-20T16:10:33.547Z
0.1888433247804641,8.592824935913086,offload,1748.3587646484375,4000.0,100.0,0.1887753456830978,0.1218719780445098,0.125316321849823,False,6.0,0.1888433247804641,mobilenetv2,0.0403021164238452,100.0,pytorch,144509.0,10.513833999633787,6.124062538146973,400.0,1.0,1.0,5.0,75.5373306274414,500.0,250129_mobilenet_onoffbench11.csv,0.1756308078765869,2025-03-20T16:10:33.547Z
0.1850433349609375,9.94979190826416,offload,464.5353393554688,4000.0,100.0,0.1849690824747085,0.7252237200737,0.1351288855075836,False,1.0,0.1850433349609375,mobilenetv2,0.0310373306274414,100.0,pytorch,144509.0,12.241936683654783,6.250082015991211,400.0,1.0,1.0,5.0,74.017333984375,500.0,250129_mobilenet_onoffbench11.csv,0.1691890358924865,2025-03-20T16:10:33.547Z
0.1842641681432724,10.45741081237793,offload,1165.184326171875,4000.0,100.0,0.1841838359832763,0.9325207471847534,0.1392643898725509,False,3.0,0.1842641681432724,mobilenetv2,0.0426993370056152,100.0,pytorch,144509.0,12.912139892578123,6.276729106903076,400.0,1.0,1.0,5.0,73.7056655883789,500.0,250129_mobilenet_onoffbench11.csv,0.169623002409935,2025-03-20T16:10:33.547Z
0.2495508342981338,4.115814685821533,offload,1390.40625,2000.0,100.0,0.2494734972715377,2.750422954559326,0.0935763418674469,False,6.0,0.2495508342981338,mobilenetv2,0.0456771068274974,100.0,pytorch,144509.0,5.294564723968506,4.634047508239746,400.0,1.0,1.0,5.0,99.8203353881836,500.0,250129_mobilenet_onoffbench11.csv,0.237838864326477,2025-03-20T16:10:33.547Z
0.1883183270692825,11.612763404846191,offload,509.11181640625,2000.0,100.0,0.1882387995719909,0.4150186777114868,0.1368623524904251,False,1.0,0.1883183270692825,mobilenetv2,0.045704286545515,100.0,pytorch,144509.0,14.249984741210938,6.1415181159973145,400.0,1.0,1.0,5.0,75.32733154296875,500.0,250129_mobilenet_onoffbench11.csv,0.1769121289253235,2025-03-20T16:10:33.547Z
0.208315834403038,7.6630048751831055,offload,947.456298828125,2000.0,100.0,0.2082480639219284,1.3543490171432495,0.1484240144491195,False,3.0,0.208315834403038,mobilenetv2,0.0522300414741039,100.0,pytorch,144509.0,9.507854461669922,5.551417350769043,400.0,1.0,1.0,5.0,83.32633209228516,500.0,250129_mobilenet_onoffbench11.csv,0.1920020282268524,2025-03-20T16:10:33.547Z
0.310379147529602,11.35257625579834,offload,937.3675537109376,4000.0,100.0,0.3102981746196747,0.1782176047563552,0.2679730951786041,False,3.0,0.310379147529602,mobilenetv2,0.0561669655144214,100.0,pytorch,144509.0,13.899860382080078,3.7256810665130615,400.0,1.0,1.0,3.0,124.15166473388672,500.0,250129_mobilenet_onoffbench11.csv,0.3022901713848114,2025-03-20T16:10:33.547Z
0.3099558353424072,10.395861625671388,offload,450.0102233886719,4000.0,100.0,0.3098494410514831,0.3830342292785644,0.2550259530544281,False,1.0,0.3099558353424072,mobilenetv2,0.0564029216766357,100.0,pytorch,144509.0,12.843515396118164,3.731076717376709,400.0,1.0,1.0,3.0,123.98233795166016,500.0,250129_mobilenet_onoffbench11.csv,0.2989285588264465,2025-03-20T16:10:33.547Z
0.0390316657721996,25.830791473388672,offload,887.6078491210938,4000.0,70.0,0.038886047899723,3.153378486633301,0.0013271879870444,False,1.0,0.0390316657721996,mobilenetv2,0.061488389968872,100.0,pytorch,44053.38671875,9.46083641052246,9.06307315826416,400.0,1.0,1.0,70.0,15.612667083740234,500.0,250129_mobilenet_onoffbench11.csv,0.0082352729514241,2025-03-20T16:10:33.547Z
0.0365516655147075,27.5725154876709,offload,964.6390380859376,2000.0,70.0,0.0364472046494483,3.6544463634490967,0.00015290796000044793,False,1.0,0.0365516655147075,mobilenetv2,0.054664772003889,100.0,pytorch,44053.38671875,10.179975509643556,9.669523239135742,400.0,1.0,1.0,70.0,14.62066650390625,500.0,250129_mobilenet_onoffbench11.csv,0.0071220016106963,2025-03-20T16:10:33.547Z
0.0396691672503948,25.41824531555176,offload,2463.60595703125,4000.0,70.0,0.0395917780697345,4.0360260009765625,0.00011273781274212524,False,3.0,0.0396691672503948,mobilenetv2,0.0503145866096019,100.0,pytorch,44053.38671875,9.353852272033691,8.901522636413574,400.0,1.0,1.0,70.0,15.867666244506836,500.0,250129_mobilenet_onoffbench11.csv,0.0094624077901244,2025-03-20T16:10:33.547Z
0.0438024997711181,22.91530990600586,offload,1890.4053955078125,2000.0,70.0,0.0436976589262485,4.901082515716553,0.00015413344954140484,False,3.0,0.0438024997711181,mobilenetv2,0.0537606067955493,100.0,pytorch,44053.38671875,8.458070755004883,8.065125465393066,400.0,1.0,1.0,70.0,17.520999908447266,500.0,250129_mobilenet_onoffbench11.csv,0.0098670870065689,2025-03-20T16:10:33.547Z
0.0515624992549419,19.549293518066406,offload,3675.771240234375,4000.0,70.0,0.0513366609811782,6.156177520751953,0.00013672014756593853,False,6.0,0.0515624992549419,mobilenetv2,0.0416328124701976,100.0,pytorch,44053.38671875,7.255149841308594,6.865017890930176,400.0,1.0,1.0,70.0,20.625,500.0,250129_mobilenet_onoffbench11.csv,0.0102018509060144,2025-03-20T16:10:33.547Z
0.1249183341860771,9.258769989013672,offload,1920.7666015625,2000.0,70.0,0.124833159148693,17.899295806884766,0.00017369250417687,False,6.0,0.1249183341860771,mobilenetv2,0.0711440220475196,100.0,pytorch,44053.38671875,3.4155306816101074,2.823184967041016,400.0,1.0,1.0,70.0,49.96733474731445,500.0,250129_mobilenet_onoffbench11.csv,0.0304985232651233,2025-03-20T16:10:33.547Z
0.2985091805458069,7.90856409072876,offload,1460.794921875,4000.0,100.0,0.2984262704849243,0.2788359224796295,0.2610235512256622,False,6.0,0.2985091805458069,mobilenetv2,0.0445827655494213,100.0,pytorch,144509.0,9.882326126098633,3.873894691467285,400.0,1.0,1.0,3.0,119.4036636352539,500.0,250129_mobilenet_onoffbench11.csv,0.2894156277179718,2025-03-20T16:10:33.547Z
0.2955091595649719,9.912529945373535,offload,747.174072265625,2000.0,100.0,0.2954615950584411,1.0755597352981567,0.2616179287433624,False,3.0,0.2955091595649719,mobilenetv2,0.0383944511413574,100.0,pytorch,144509.0,11.981565475463867,3.912765502929688,400.0,1.0,1.0,3.0,118.20366668701172,500.0,250129_mobilenet_onoffbench11.csv,0.2769388854503631,2025-03-20T16:10:33.547Z
0.2961483299732208,9.205727577209473,offload,353.8359680175781,2000.0,100.0,0.2961015999317169,1.1803276538848877,0.2498870193958282,False,1.0,0.2961483299732208,mobilenetv2,0.0260203685611486,100.0,pytorch,144509.0,11.144171714782717,3.904308795928955,400.0,1.0,1.0,3.0,118.45933532714844,500.0,250129_mobilenet_onoffbench11.csv,0.278955727815628,2025-03-20T16:10:33.547Z
0.3131558299064636,5.286141395568848,offload,988.15576171875,2000.0,100.0,0.3130522966384887,0.1073556989431381,0.2302534282207489,False,6.0,0.3131558299064636,mobilenetv2,0.0680991038680076,100.0,pytorch,144509.0,6.652145385742188,3.692903995513916,400.0,1.0,1.0,3.0,125.2623291015625,500.0,250129_mobilenet_onoffbench11.csv,0.2949775457382202,2025-03-20T16:10:33.547Z
0.866236686706543,8.018540382385254,offload,344.77130126953125,4000.0,100.0,0.8661680817604065,0.7082116603851318,0.8067583441734314,False,1.0,0.866236686706543,mobilenetv2,0.0524277687072753,100.0,pytorch,144509.0,9.69454860687256,1.334697127342224,400.0,1.0,1.0,1.0,346.4946594238281,500.0,250129_mobilenet_onoffbench11.csv,0.846031129360199,2025-03-20T16:10:33.547Z
0.8662824630737305,7.995011806488037,offload,887.07275390625,4000.0,100.0,0.866197943687439,0.223737433552742,0.8055396676063538,False,3.0,0.8662824630737305,mobilenetv2,0.0469721145927906,100.0,pytorch,144509.0,9.722997665405272,1.334650993347168,400.0,1.0,1.0,1.0,346.51300048828125,500.0,250129_mobilenet_onoffbench11.csv,0.8484483361244202,2025-03-20T16:10:33.547Z
0.8672683238983154,7.931771278381348,offload,699.6589965820312,2000.0,100.0,0.8671818375587463,0.2840712964534759,0.8180895447731018,False,3.0,0.8672683238983154,mobilenetv2,0.0483272075653076,100.0,pytorch,144509.0,9.575071334838867,1.333136796951294,400.0,1.0,1.0,1.0,346.9073486328125,500.0,250129_mobilenet_onoffbench11.csv,0.8532005548477173,2025-03-20T16:10:33.547Z
0.8714391589164734,5.6096601486206055,offload,1259.598876953125,4000.0,100.0,0.8713731169700623,0.8573895692825317,0.8085035085678101,False,6.0,0.8714391589164734,mobilenetv2,0.0474607162177562,100.0,pytorch,144509.0,6.8639726638793945,1.326724410057068,400.0,1.0,1.0,1.0,348.57568359375,500.0,250129_mobilenet_onoffbench11.csv,0.8523725867271423,2025-03-20T16:10:33.547Z
0.8663691878318787,8.516406059265137,offload,356.1014709472656,2000.0,100.0,0.8662796020507812,0.575102686882019,0.8142065405845642,False,1.0,0.8663691878318787,mobilenetv2,0.0321285724639892,100.0,pytorch,144509.0,10.244964599609377,1.334525227546692,400.0,1.0,1.0,1.0,346.54766845703125,500.0,250129_mobilenet_onoffbench11.csv,0.8508108854293823,2025-03-20T16:10:33.547Z
0.946471631526947,1.6983050107955933,offload,563.7753295898438,2000.0,100.0,0.9462288618087769,3.478905439376831,0.8285224437713623,False,6.0,0.946471631526947,mobilenetv2,0.0537563972175121,100.0,pytorch,144509.0,2.2416789531707764,1.2217679023742676,400.0,1.0,1.0,1.0,378.5886535644531,500.0,250129_mobilenet_onoffbench11.csv,0.93520849943161,2025-03-20T16:10:33.547Z
0.0274983327835798,36.96903991699219,offload,1745.401123046875,4000.0,70.0,0.0274043586105108,1.7110373973846436,0.002520058536902,False,3.0,0.0274983327835798,mobilenetv2,0.0243068542331457,100.0,pytorch,44053.38671875,13.68525505065918,12.860257148742676,400.0,1.0,1.0,30.0,10.999333381652832,500.0,250129_mobilenet_onoffbench11.csv,0.0080502619966864,2025-03-20T16:10:33.547Z
0.0435574986040592,22.997541427612305,offload,949.433349609375,4000.0,70.0,0.0434602238237857,5.172149181365967,8.669734233990312e-05,False,1.0,0.0435574986040592,mobilenetv2,0.0228530168533325,100.0,pytorch,44053.38671875,8.751824378967285,8.109187126159668,400.0,1.0,1.0,30.0,17.42300033569336,500.0,250129_mobilenet_onoffbench11.csv,0.0090167028829455,2025-03-20T16:10:33.547Z
0.0376737490296363,26.56368064880371,offload,3761.9365234375,4000.0,70.0,0.0375870428979396,2.862081289291382,0.000687573803588748,False,6.0,0.0376737490296363,mobilenetv2,0.0239366292953491,100.0,pytorch,44053.38671875,9.87349796295166,9.376291275024414,400.0,1.0,1.0,30.0,15.069499969482422,500.0,250129_mobilenet_onoffbench11.csv,0.0097862025722861,2025-03-20T16:10:33.547Z
0.0383462496101856,26.085071563720703,offload,1981.725341796875,4000.0,70.0,0.0381717160344123,0.1741421967744827,0.005901985336095,False,3.0,0.0383462496101856,mobilenetv2,0.0571982860565185,100.0,pytorch,44053.38671875,10.209714889526367,9.232675552368164,400.0,1.0,1.0,10.0,15.338500022888184,500.0,250129_mobilenet_onoffbench11.csv,0.0298490617424249,2025-03-20T16:10:33.547Z
0.0396475009620189,25.393957138061523,offload,959.5353393554688,2000.0,70.0,0.0395512953400611,2.033729791641236,0.0002793169114738703,False,1.0,0.0396475009620189,mobilenetv2,0.0408622026443481,100.0,pytorch,44053.38671875,9.873469352722168,8.910633087158203,400.0,1.0,1.0,15.0,15.859000205993652,500.0,250129_mobilenet_onoffbench11.csv,0.0182981230318546,2025-03-20T16:10:33.547Z
0.0373349972069263,27.06044006347656,offload,2326.29345703125,4000.0,70.0,0.0372598953545093,1.717170238494873,0.003719134023413,False,3.0,0.0373349972069263,mobilenetv2,0.0382217168807983,100.0,pytorch,44053.38671875,8.093520164489746,9.458617210388184,400.0,1.0,1.0,15.0,14.933999061584473,500.0,250129_mobilenet_onoffbench11.csv,0.0184488482773304,2025-03-20T16:10:33.547Z
0.0393574982881546,25.62836265563965,offload,957.808837890625,4000.0,70.0,0.0392836704850196,2.264805555343628,0.0009018341661430896,False,1.0,0.0393574982881546,mobilenetv2,0.0490731410682201,100.0,pytorch,44053.38671875,9.715027809143066,8.971338272094727,400.0,1.0,1.0,15.0,15.743000030517578,500.0,250129_mobilenet_onoffbench11.csv,0.0129940202459692,2025-03-20T16:10:33.547Z
0.0587412491440773,17.02955436706543,offload,1882.552001953125,2000.0,70.0,0.058666355907917,5.854429244995117,0.00013296306133270264,False,3.0,0.0587412491440773,mobilenetv2,0.0630543231964111,100.0,pytorch,44053.38671875,6.542986869812012,6.007311820983887,400.0,1.0,1.0,15.0,23.49650001525879,500.0,250129_mobilenet_onoffbench11.csv,0.0194590426981449,2025-03-20T16:10:33.547Z
0.0474174991250038,21.09629821777344,offload,3724.33154296875,4000.0,70.0,0.0470547266304492,3.789198398590088,0.00011287152301520108,False,6.0,0.0474174991250038,mobilenetv2,0.0697324275970459,100.0,pytorch,44053.38671875,8.040207862854004,7.489727973937988,400.0,1.0,1.0,10.0,18.96699905395508,500.0,250129_mobilenet_onoffbench11.csv,0.0246292706578969,2025-03-20T16:10:33.547Z
0.0428987517952919,23.363990783691406,offload,928.80615234375,2000.0,70.0,0.0424022711813449,1.5366897583007812,0.0013502070214599,False,1.0,0.0428987517952919,mobilenetv2,0.0294317007064819,100.0,pytorch,44053.38671875,9.170782089233398,8.311513900756836,400.0,1.0,1.0,10.0,17.159500122070312,500.0,250129_mobilenet_onoffbench11.csv,0.0320864096283912,2025-03-20T16:10:33.547Z
0.05978374928236,16.72840118408203,offload,1769.751708984375,2000.0,70.0,0.0597065575420856,6.28527307510376,0.0001781454629963264,False,3.0,0.05978374928236,mobilenetv2,0.0531204938888549,100.0,pytorch,44053.38671875,6.162020206451416,5.902653217315674,400.0,1.0,1.0,30.0,23.91349983215332,500.0,250129_mobilenet_onoffbench11.csv,0.0107658095657825,2025-03-20T16:10:33.547Z
0.0427012518048286,23.502246856689453,offload,878.286865234375,2000.0,70.0,0.0426337234675884,1.877639889717102,0.0030885240994393,False,1.0,0.0427012518048286,mobilenetv2,0.0503796339035034,100.0,pytorch,44053.38671875,8.743803024291992,8.266392707824707,400.0,1.0,1.0,30.0,17.080501556396484,500.0,250129_mobilenet_onoffbench11.csv,0.0138814626261591,2025-03-20T16:10:33.547Z
0.0524137504398822,19.81643486022949,offload,3750.93408203125,4000.0,70.0,0.0523444674909114,4.915362358093262,0.0016966206021606,False,6.0,0.0524137504398822,mobilenetv2,0.0356849431991577,100.0,pytorch,44053.38671875,7.332481384277344,6.732843399047852,400.0,1.0,1.0,15.0,20.965499877929688,500.0,250129_mobilenet_onoffbench11.csv,0.0196646451950073,2025-03-20T16:10:33.547Z
0.0506262518465518,21.16861724853516,offload,728.7555541992188,4000.0,70.0,0.0505232848227024,0.7614526152610779,0.0022274649236351,False,1.0,0.0506262518465518,mobilenetv2,0.0731246471405029,100.0,pytorch,44053.38671875,7.821712017059326,6.97553825378418,400.0,1.0,1.0,10.0,20.2504997253418,500.0,250129_mobilenet_onoffbench11.csv,0.0308401398360729,2025-03-20T16:10:33.547Z
0.1635475009679794,6.11690092086792,offload,1867.2930908203125,2000.0,70.0,0.1634577810764312,23.94565963745117,0.0003087600052822381,False,6.0,0.1635475009679794,mobilenetv2,0.0530383586883544,100.0,pytorch,44053.38671875,2.2643978595733643,2.156074285507202,400.0,1.0,1.0,30.0,65.41899871826172,500.0,250129_mobilenet_onoffbench11.csv,0.0312531068921089,2025-03-20T16:10:33.547Z
0.1678891628980636,5.962059020996094,offload,1934.493896484375,2000.0,70.0,0.1661208122968673,24.76165580749512,0.0004232305509503931,False,6.0,0.1678891628980636,mobilenetv2,0.0814202651381492,100.0,pytorch,44053.38671875,2.23206090927124,2.1215107440948486,400.0,1.0,1.0,15.0,67.15567016601562,500.0,250129_mobilenet_onoffbench11.csv,0.0407092310488224,2025-03-20T16:10:33.547Z
0.0528516694903373,20.1804256439209,offload,1528.8160400390625,2000.0,70.0,0.0527600906789302,2.429621934890747,0.0033996652346104,False,3.0,0.0528516694903373,mobilenetv2,0.0287933349609375,100.0,pytorch,44053.38671875,7.825267791748047,6.679804801940918,400.0,1.0,1.0,10.0,21.14066696166992,500.0,250129_mobilenet_onoffbench11.csv,0.0259011518210172,2025-03-20T16:10:33.547Z
0.0694108307361602,14.706303596496582,offload,1557.712890625,2000.0,70.0,0.069348819553852,2.5193686485290527,0.0115866689011454,False,3.0,0.0694108307361602,mobilenetv2,0.0443926639854908,100.0,pytorch,44053.38671875,5.703851222991943,5.0819478034973145,400.0,1.0,1.0,5.0,27.764333724975582,500.0,250129_mobilenet_onoffbench11.csv,0.0432732105255126,2025-03-20T16:10:33.547Z
0.0679650008678436,15.917810440063477,offload,639.0192260742188,4000.0,70.0,0.0678735002875328,3.1291067600250244,0.0157062225043773,False,1.0,0.0679650008678436,mobilenetv2,0.0233328342437744,100.0,pytorch,44053.38671875,6.121425151824951,5.192410945892334,400.0,1.0,1.0,5.0,27.18600082397461,500.0,250129_mobilenet_onoffbench11.csv,0.0449838489294052,2025-03-20T16:10:33.547Z
0.0633908361196518,17.425228118896484,offload,668.500244140625,2000.0,70.0,0.0633111670613288,1.9083430767059328,0.0158749185502529,False,1.0,0.0633908361196518,mobilenetv2,0.0464862175285816,100.0,pytorch,44053.38671875,6.618130683898926,5.566586971282959,400.0,1.0,1.0,5.0,25.356332778930664,500.0,250129_mobilenet_onoffbench11.csv,0.0430366620421409,2025-03-20T16:10:33.547Z
0.0621483325958251,18.966772079467773,offload,1421.3004150390625,4000.0,70.0,0.0620674192905426,1.5410661697387695,0.0219743978232145,False,3.0,0.0621483325958251,mobilenetv2,0.0275933742523193,100.0,pytorch,44053.38671875,7.243626594543457,5.678133487701416,400.0,1.0,1.0,5.0,24.85933303833008,500.0,250129_mobilenet_onoffbench11.csv,0.0437122657895088,2025-03-20T16:10:33.547Z
0.0669058337807655,17.266408920288086,offload,2780.433837890625,4000.0,70.0,0.0667217075824737,2.613569736480713,0.0059792422689497,False,6.0,0.0669058337807655,mobilenetv2,0.0427323170006275,100.0,pytorch,44053.38671875,6.5039777755737305,5.282045364379883,400.0,1.0,1.0,5.0,26.76233291625977,500.0,250129_mobilenet_onoffbench11.csv,0.0442439913749694,2025-03-20T16:10:33.547Z
0.0783933326601982,13.21604824066162,offload,1815.1849365234373,2000.0,70.0,0.078292466700077,9.784039497375488,0.00018449882918503133,False,6.0,0.0783933326601982,mobilenetv2,0.0450460128486156,100.0,pytorch,44053.38671875,4.993736267089844,4.501417636871338,400.0,1.0,1.0,10.0,31.357332229614254,500.0,250129_mobilenet_onoffbench11.csv,0.0235965624451637,2025-03-20T16:10:33.547Z
0.098571665585041,13.048097610473633,offload,539.080078125,4000.0,70.0,0.0984987169504165,1.5371214151382446,0.0465962179005146,False,1.0,0.098571665585041,mobilenetv2,0.0329998321831226,100.0,pytorch,44053.38671875,5.046374797821045,3.577986717224121,400.0,1.0,1.0,3.0,39.42866516113281,500.0,250129_mobilenet_onoffbench11.csv,0.0805437192320823,2025-03-20T16:10:33.547Z
0.100052498281002,12.587562561035156,offload,2108.5078125,4000.0,70.0,0.0999488979578018,1.6884126663208008,0.0350669100880622,False,6.0,0.100052498281002,mobilenetv2,0.0335512943565845,100.0,pytorch,44053.38671875,4.8218841552734375,3.5260729789733887,400.0,1.0,1.0,3.0,40.02099990844727,500.0,250129_mobilenet_onoffbench11.csv,0.0830926597118377,2025-03-20T16:10:33.547Z
0.0977175012230873,13.721623420715332,offload,1207.78662109375,4000.0,70.0,0.0976322144269943,2.0548391342163086,0.0519491024315357,False,3.0,0.0977175012230873,mobilenetv2,0.0481365509331226,100.0,pytorch,44053.38671875,5.282889366149902,3.609741926193237,400.0,1.0,1.0,3.0,39.08700180053711,500.0,250129_mobilenet_onoffbench11.csv,0.0809749513864517,2025-03-20T16:10:33.547Z
0.0991241708397865,14.352499008178713,offload,566.2637939453125,2000.0,70.0,0.0990273430943489,1.830767512321472,0.0460488684475421,False,1.0,0.0991241708397865,mobilenetv2,0.0437688827514648,100.0,pytorch,44053.38671875,5.531131744384766,3.558886766433716,400.0,1.0,1.0,3.0,39.64966583251953,500.0,250129_mobilenet_onoffbench11.csv,0.0829281359910965,2025-03-20T16:10:33.547Z
0.1084399968385696,10.73067569732666,offload,1244.0286865234375,2000.0,70.0,0.1077231764793396,2.507920265197754,0.0463577732443809,False,3.0,0.1084399968385696,mobilenetv2,0.0447436980903148,100.0,pytorch,44053.38671875,4.22165584564209,3.271599531173706,400.0,1.0,1.0,3.0,43.3759994506836,500.0,250129_mobilenet_onoffbench11.csv,0.089366890490055,2025-03-20T16:10:33.547Z
0.1454566568136215,7.956311702728271,offload,1811.713623046875,2000.0,70.0,0.1452875137329101,17.526071548461914,0.0005073120119050145,False,6.0,0.1454566568136215,mobilenetv2,0.0657108649611473,100.0,pytorch,44053.38671875,3.0748000144958496,2.425721883773804,400.0,1.0,1.0,5.0,58.18266677856445,500.0,250129_mobilenet_onoffbench11.csv,0.0550490468740463,2025-03-20T16:10:33.547Z
0.1664687544107437,6.032743453979492,offload,1866.441650390625,2000.0,70.0,0.1663679927587509,10.789259910583496,0.0002037382073467597,False,6.0,0.1664687544107437,mobilenetv2,0.0508302450180053,100.0,pytorch,44053.38671875,2.4942448139190674,2.118358850479126,400.0,1.0,1.0,3.0,66.5875015258789,500.0,250129_mobilenet_onoffbench11.csv,0.1214218363165855,2025-03-20T16:10:33.547Z
0.2811141610145569,11.362940788269045,offload,878.197998046875,4000.0,70.0,0.2810143530368805,0.6508027911186218,0.2332770079374313,False,3.0,0.2811141610145569,mobilenetv2,0.0468718223273754,100.0,pytorch,44053.38671875,4.278679847717285,1.254124879837036,400.0,1.0,1.0,1.0,112.44567108154295,500.0,250129_mobilenet_onoffbench11.csv,0.2683524191379547,2025-03-20T16:10:33.547Z
0.0450691655278205,22.6391716003418,offload,1888.9453125,2000.0,40.0,0.0450164787471294,4.401623249053955,0.0013116169720888,False,3.0,0.0450691655278205,mobilenetv2,0.043506383895874,100.0,pytorch,27287.087890625,5.14766263961792,4.849262237548828,400.0,1.0,1.0,70.0,18.027666091918945,500.0,250129_mobilenet_onoffbench11.csv,0.0065867425873875,2025-03-20T16:10:33.547Z
0.2834408283233642,11.239727020263672,offload,431.7859191894531,4000.0,70.0,0.2833631634712219,1.3944240808486938,0.2232066839933395,False,1.0,0.2834408283233642,mobilenetv2,0.0543371848762035,100.0,pytorch,44053.38671875,4.253194808959961,1.2437293529510498,400.0,1.0,1.0,1.0,113.37633514404295,500.0,250129_mobilenet_onoffbench11.csv,0.2673434317111969,2025-03-20T16:10:33.547Z
0.0409024991095066,24.544832229614254,offload,904.1394653320312,4000.0,40.0,0.0408282503485679,2.798261404037476,0.0028147276025265,False,1.0,0.0409024991095066,mobilenetv2,0.0429277420043945,100.0,pytorch,27287.087890625,5.55479097366333,5.346707344055176,400.0,1.0,1.0,70.0,16.361000061035156,500.0,250129_mobilenet_onoffbench11.csv,0.0058328555896878,2025-03-20T16:10:33.547Z
0.0368941687047481,27.31665802001953,offload,900.0865478515625,2000.0,40.0,0.0367987193167209,4.299412250518799,0.0003119480679742992,False,1.0,0.0368941687047481,mobilenetv2,0.0636461600661277,100.0,pytorch,27287.087890625,6.308398246765137,5.9321818351745605,400.0,1.0,1.0,30.0,14.75766658782959,500.0,250129_mobilenet_onoffbench11.csv,0.0071905814111232,2025-03-20T16:10:33.547Z
0.0389291681349277,25.79084014892578,offload,952.920166015625,2000.0,40.0,0.0388545393943786,3.315535545349121,0.0016559663927182,False,1.0,0.0389291681349277,mobilenetv2,0.0436841659247875,100.0,pytorch,27287.087890625,5.852843761444092,5.618306636810303,400.0,1.0,1.0,70.0,15.571666717529297,500.0,250129_mobilenet_onoffbench11.csv,0.0054345461539924,2025-03-20T16:10:33.547Z
0.0551875010132789,18.61589813232422,offload,3406.43212890625,4000.0,40.0,0.0551205091178417,5.223353862762451,0.000764914380852133,False,6.0,0.0551875010132789,mobilenetv2,0.0478096790611743,100.0,pytorch,27287.087890625,4.229204654693604,3.96035361289978,400.0,1.0,1.0,70.0,22.075000762939453,500.0,250129_mobilenet_onoffbench11.csv,0.009105222299695,2025-03-20T16:10:33.547Z
0.038686666637659,25.90221405029297,offload,2550.683349609375,4000.0,40.0,0.038608182221651,4.139657497406006,0.0005701271584257483,False,3.0,0.038686666637659,mobilenetv2,0.0560524463653564,100.0,pytorch,27287.087890625,5.950107097625732,5.65415620803833,400.0,1.0,1.0,30.0,15.474666595458984,500.0,250129_mobilenet_onoffbench11.csv,0.0062279887497425,2025-03-20T16:10:33.547Z
0.0381841659545898,26.305877685546875,offload,975.2706909179688,4000.0,40.0,0.0381204113364219,3.632435321807861,0.0002784933603834361,False,1.0,0.0381841659545898,mobilenetv2,0.0459949187934398,100.0,pytorch,27287.087890625,6.045073509216309,5.726504802703857,400.0,1.0,1.0,30.0,15.273667335510254,500.0,250129_mobilenet_onoffbench11.csv,0.0068596103228628,2025-03-20T16:10:33.547Z
0.043363332748413,23.17915344238281,offload,1807.1376953125,2000.0,40.0,0.0432267673313617,5.439373970031738,0.00015369713946711272,False,3.0,0.043363332748413,mobilenetv2,0.0601288489997386,100.0,pytorch,27287.087890625,5.322950839996338,5.050034999847412,400.0,1.0,1.0,30.0,17.345333099365234,500.0,250129_mobilenet_onoffbench11.csv,0.0066855642944574,2025-03-20T16:10:33.547Z
0.0514574982225894,20.03826141357422,offload,2103.07861328125,4000.0,40.0,0.0513404123485088,4.599204063415527,0.0025873186532408,False,3.0,0.0514574982225894,mobilenetv2,0.0631272792816162,100.0,pytorch,27287.087890625,4.538163661956787,4.251946926116943,400.0,1.0,1.0,70.0,20.58300018310547,500.0,250129_mobilenet_onoffbench11.csv,0.0075280629098415,2025-03-20T16:10:33.547Z
0.0577600002288818,17.468856811523438,offload,3713.310546875,4000.0,40.0,0.0576611459255218,7.97519063949585,0.00011493026977404952,False,6.0,0.0577600002288818,mobilenetv2,0.0415037460625171,100.0,pytorch,27287.087890625,4.009063720703125,3.78585433959961,400.0,1.0,1.0,30.0,23.10400009155273,500.0,250129_mobilenet_onoffbench11.csv,0.0083745475858449,2025-03-20T16:10:33.547Z
0.1202866658568382,9.270587921142578,offload,1901.745849609375,2000.0,40.0,0.120166502892971,18.93957901000977,0.0003015927504748106,False,6.0,0.1202866658568382,mobilenetv2,0.0346345119178295,100.0,pytorch,27287.087890625,2.123455047607422,1.8166186809539795,400.0,1.0,1.0,30.0,48.11466598510742,500.0,250129_mobilenet_onoffbench11.csv,0.020074026659131,2025-03-20T16:10:33.547Z
0.1356158405542373,8.431859970092773,offload,1955.4134521484373,2000.0,40.0,0.1355454176664352,21.638858795166016,0.000336660334141925,False,6.0,0.1356158405542373,mobilenetv2,0.0394870452582836,100.0,pytorch,27287.087890625,1.960424900054932,1.6105059385299685,400.0,1.0,1.0,70.0,54.24633407592773,500.0,250129_mobilenet_onoffbench11.csv,0.0251170732080936,2025-03-20T16:10:33.547Z
0.2688108384609222,9.500692367553713,offload,275.5657958984375,2000.0,70.0,0.2687486112117767,1.8670567274093628,0.2238585799932479,False,1.0,0.2688108384609222,mobilenetv2,0.0238838195800781,100.0,pytorch,44053.38671875,3.5117664337158203,1.3113633394241333,400.0,1.0,1.0,1.0,107.52433013916016,500.0,250129_mobilenet_onoffbench11.csv,0.2493321150541305,2025-03-20T16:10:33.547Z
0.2698283195495605,9.355999946594238,offload,1449.152099609375,4000.0,70.0,0.2697581052780151,1.7392064332962036,0.2352084964513778,False,6.0,0.2698283195495605,mobilenetv2,0.0309546794742345,100.0,pytorch,44053.38671875,3.6022045612335205,1.3064559698104858,400.0,1.0,1.0,1.0,107.93133544921876,500.0,250129_mobilenet_onoffbench11.csv,0.2562429904937744,2025-03-20T16:10:33.547Z
0.2642025053501129,11.754827499389648,offload,755.3872680664062,2000.0,70.0,0.2641463875770569,1.2327812910079956,0.2329658716917038,False,3.0,0.2642025053501129,mobilenetv2,0.0396768264472484,100.0,pytorch,44053.38671875,4.345493316650391,1.3342112302780151,400.0,1.0,1.0,1.0,105.68099975585938,500.0,250129_mobilenet_onoffbench11.csv,0.244222491979599,2025-03-20T16:10:33.547Z
0.2800275087356567,6.064340591430664,offload,1100.169189453125,2000.0,70.0,0.2799330353736877,2.3235116004943848,0.195963904261589,False,6.0,0.2800275087356567,mobilenetv2,0.0623858757317066,100.0,pytorch,44053.38671875,2.3703203201293945,1.2589693069458008,400.0,1.0,1.0,1.0,112.01100158691406,500.0,250129_mobilenet_onoffbench11.csv,0.2545740604400635,2025-03-20T16:10:33.547Z
0.0244483333081007,41.27983093261719,offload,2436.7890625,4000.0,40.0,0.0243798829615116,1.5201692581176758,0.0005599218420684338,False,3.0,0.0244483333081007,mobilenetv2,0.0241598282009363,100.0,pytorch,27287.087890625,9.506641387939451,8.953968048095703,400.0,1.0,1.0,15.0,9.779333114624023,500.0,250129_mobilenet_onoffbench11.csv,0.0084229763597249,2025-03-20T16:10:33.547Z
0.0421016663312912,23.974950790405277,offload,930.83837890625,2000.0,40.0,0.0420248471200466,2.7963945865631104,0.0018820015247911,False,1.0,0.0421016663312912,mobilenetv2,0.0351519584655761,100.0,pytorch,27287.087890625,5.544651031494141,5.194467544555664,400.0,1.0,1.0,15.0,16.840665817260742,500.0,250129_mobilenet_onoffbench11.csv,0.0088757295161485,2025-03-20T16:10:33.547Z
0.0368600003421306,27.28239631652832,offload,3567.114013671875,4000.0,40.0,0.0367942564189434,2.722013235092163,0.0029218301642686,False,6.0,0.0368600003421306,mobilenetv2,0.0370124168694019,100.0,pytorch,27287.087890625,6.294625282287598,5.932901382446289,400.0,1.0,1.0,15.0,14.744000434875488,500.0,250129_mobilenet_onoffbench11.csv,0.0087165609002113,2025-03-20T16:10:33.547Z
0.0470233336091041,22.294944763183597,offload,3817.70458984375,4000.0,40.0,0.0469104126095771,4.347041606903076,0.0013926246901974,False,6.0,0.0470233336091041,mobilenetv2,0.0340090580284595,100.0,pytorch,27287.087890625,5.178915977478027,4.6534810066223145,400.0,1.0,1.0,10.0,18.80933380126953,500.0,250129_mobilenet_onoffbench11.csv,0.0136672742664814,2025-03-20T16:10:33.547Z
0.0389925017952919,25.902986526489254,offload,950.8568725585938,2000.0,40.0,0.0388407334685325,3.01252818107605,0.001079787267372,False,1.0,0.0389925017952919,mobilenetv2,0.0473256111145019,100.0,pytorch,27287.087890625,6.059323787689209,5.620303153991699,400.0,1.0,1.0,10.0,15.597000122070312,500.0,250129_mobilenet_onoffbench11.csv,0.0128020914271473,2025-03-20T16:10:33.547Z
0.0497291684150695,20.673355102539062,offload,1828.1759033203125,2000.0,40.0,0.0495931692421436,3.924987554550171,0.0012546431971713,False,3.0,0.0497291684150695,mobilenetv2,0.0471827983856201,100.0,pytorch,27287.087890625,4.770185470581055,4.401749610900879,400.0,1.0,1.0,15.0,19.89166641235352,500.0,250129_mobilenet_onoffbench11.csv,0.0096531175076961,2025-03-20T16:10:33.547Z
0.039416667073965,25.50379753112793,offload,933.6677856445312,4000.0,40.0,0.0393238551914691,1.8464202880859373,0.0013074253220111,False,1.0,0.039416667073965,mobilenetv2,0.0492575168609619,100.0,pytorch,27287.087890625,6.005742073059082,5.551253795623779,400.0,1.0,1.0,10.0,15.766666412353516,500.0,250129_mobilenet_onoffbench11.csv,0.0127540174871683,2025-03-20T16:10:33.547Z
0.0431408323347568,23.56893348693848,offload,870.9442138671875,2000.0,40.0,0.0430407598614692,0.9129735231399536,0.0044340742751955,False,1.0,0.0431408323347568,mobilenetv2,0.0492617301642894,100.0,pytorch,27287.087890625,5.615970611572266,5.071859836578369,400.0,1.0,1.0,5.0,17.256332397460938,500.0,250129_mobilenet_onoffbench11.csv,0.0288770608603954,2025-03-20T16:10:33.547Z
0.0414974987506866,25.12654685974121,offload,2000.6802978515625,4000.0,40.0,0.0413842611014843,1.0139927864074707,0.0091013899073004,False,3.0,0.0414974987506866,mobilenetv2,0.0537809543311595,100.0,pytorch,27287.087890625,6.016981601715088,5.274872779846191,400.0,1.0,1.0,5.0,16.5989990234375,500.0,250129_mobilenet_onoffbench11.csv,0.0272276327013969,2025-03-20T16:10:33.547Z
0.0444216653704643,23.14110946655273,offload,820.256103515625,4000.0,40.0,0.0442997105419635,0.9425862431526184,0.0063524451106786,False,1.0,0.0444216653704643,mobilenetv2,0.0513414554297924,100.0,pytorch,27287.087890625,5.5710554122924805,4.927722930908203,400.0,1.0,1.0,5.0,17.768667221069336,500.0,250129_mobilenet_onoffbench11.csv,0.0306092575192451,2025-03-20T16:10:33.547Z
0.0512408316135406,20.78946304321289,offload,810.2733154296875,4000.0,40.0,0.0511760897934436,7.37897253036499,9.873648377833888e-05,False,1.0,0.0512408316135406,mobilenetv2,0.0344927310943603,100.0,pytorch,27287.087890625,4.864997386932373,4.265599727630615,400.0,1.0,1.0,15.0,20.49633407592773,500.0,250129_mobilenet_onoffbench11.csv,0.0093434071168303,2025-03-20T16:10:33.547Z
0.0500258319079875,20.50338363647461,offload,1889.3065185546875,2000.0,40.0,0.0499324724078178,4.373164653778076,0.0007856958545744419,False,3.0,0.0500258319079875,mobilenetv2,0.0478703193366527,100.0,pytorch,27287.087890625,4.830704212188721,4.371838569641113,400.0,1.0,1.0,10.0,20.010334014892575,500.0,250129_mobilenet_onoffbench11.csv,0.013566156849265,2025-03-20T16:10:33.547Z
0.0377416647970676,26.73548889160156,offload,2438.861572265625,4000.0,40.0,0.0376467369496822,2.0485785007476807,0.0028966150712221,False,3.0,0.0377416647970676,mobilenetv2,0.0447378940880298,100.0,pytorch,27287.087890625,6.261481761932373,5.798555850982666,400.0,1.0,1.0,10.0,15.09666633605957,500.0,250129_mobilenet_onoffbench11.csv,0.0135319586843252,2025-03-20T16:10:33.547Z
0.0504183322191238,19.885961532592773,offload,3644.055908203125,4000.0,40.0,0.0503096878528595,3.566176414489746,0.0010361227905377,False,6.0,0.0504183322191238,mobilenetv2,0.0611620731651783,100.0,pytorch,27287.087890625,4.577417850494385,4.339058876037598,400.0,1.0,1.0,5.0,20.167333602905277,500.0,250129_mobilenet_onoffbench11.csv,0.0289523880928754,2025-03-20T16:10:33.547Z
0.1640041619539261,6.115484714508057,offload,1958.375732421875,2000.0,40.0,0.1639088690280914,27.41039276123047,0.0002965015301015228,False,6.0,0.1640041619539261,mobilenetv2,0.0502886772155761,100.0,pytorch,27287.087890625,1.4315128326416016,1.3318175077438354,400.0,1.0,1.0,10.0,65.60166931152344,500.0,250129_mobilenet_onoffbench11.csv,0.0241365060210227,2025-03-20T16:10:33.547Z
0.1655812561511993,6.039849281311035,offload,1969.737060546875,2000.0,40.0,0.1655097901821136,26.566261291503903,0.0001916187902679667,False,6.0,0.1655812561511993,mobilenetv2,0.0735485553741455,100.0,pytorch,27287.087890625,1.3864588737487793,1.3189352750778198,400.0,1.0,1.0,15.0,66.23250579833984,500.0,250129_mobilenet_onoffbench11.csv,0.021539844572544,2025-03-20T16:10:33.547Z
0.0457562506198883,21.855403900146484,offload,1493.506103515625,2000.0,40.0,0.0456684753298759,0.3026951551437378,0.0130449682474136,False,3.0,0.0457562506198883,mobilenetv2,0.0365359783172607,100.0,pytorch,27287.087890625,5.472798824310303,4.780030727386475,400.0,1.0,1.0,5.0,18.302499771118164,500.0,250129_mobilenet_onoffbench11.csv,0.0395330227911472,2025-03-20T16:10:33.547Z
0.0452124997973442,27.37603187561035,offload,1685.118896484375,4000.0,100.0,0.0451172813773155,0.2028421759605407,0.0172404926270246,False,3.0,0.0452124997973442,mobilenetv2,0.0368345975875854,70.0,pytorch,144509.0,32.645442962646484,25.623706817626957,400.0,1.0,1.0,70.0,18.08500099182129,500.0,250129_mobilenet_onoffbench11.csv,0.0363524481654167,2025-03-20T16:10:33.547Z
0.0552587509155273,18.134057998657227,offload,600.8877563476562,4000.0,100.0,0.0551662594079971,0.0767295360565185,0.0241230577230453,False,1.0,0.0552587509155273,mobilenetv2,0.05206298828125,70.0,pytorch,144509.0,21.818696975708008,20.95614242553711,400.0,1.0,1.0,70.0,22.103500366210938,500.0,250129_mobilenet_onoffbench11.csv,0.0460258722305297,2025-03-20T16:10:33.547Z
0.0770137533545494,12.984870910644531,offload,523.781005859375,4000.0,40.0,0.0769338607788086,0.1355160623788833,0.0342002883553504,False,1.0,0.0770137533545494,mobilenetv2,0.0246988534927368,100.0,pytorch,27287.087890625,3.198033332824707,2.8374593257904053,400.0,1.0,1.0,3.0,30.805500030517575,500.0,250129_mobilenet_onoffbench11.csv,0.0666072592139244,2025-03-20T16:10:33.547Z
0.0703466683626174,14.500421524047852,offload,1476.4232177734375,2000.0,40.0,0.0702543705701828,1.8540114164352417,0.0226005408912897,False,3.0,0.0703466683626174,mobilenetv2,0.0425769500434398,100.0,pytorch,27287.087890625,3.539635419845581,3.1072332859039307,400.0,1.0,1.0,3.0,28.1386661529541,500.0,250129_mobilenet_onoffbench11.csv,0.0439080893993377,2025-03-20T16:10:33.547Z
0.0701933354139328,14.278246879577637,offload,1939.530029296875,2000.0,40.0,0.0701374858617782,7.222346782684326,8.993128722067922e-05,False,6.0,0.0701933354139328,mobilenetv2,0.0854099616408348,100.0,pytorch,27287.087890625,3.414504051208496,3.1124112606048584,400.0,1.0,1.0,5.0,28.077333450317383,500.0,250129_mobilenet_onoffbench11.csv,0.0274843480437994,2025-03-20T16:10:33.547Z
0.0615999996662139,19.54829216003418,offload,1550.5155029296875,4000.0,40.0,0.0615260787308216,0.4846900999546051,0.0305863469839096,False,3.0,0.0615999996662139,mobilenetv2,0.0277101993560791,100.0,pytorch,27287.087890625,4.541562557220459,3.5480353832244877,400.0,1.0,1.0,3.0,24.63999938964844,500.0,250129_mobilenet_onoffbench11.csv,0.0445125214755535,2025-03-20T16:10:33.547Z
0.0765137448906898,13.069549560546877,offload,3169.3603515625,4000.0,40.0,0.0764339491724968,0.3308672308921814,0.0155597412958741,False,6.0,0.0765137448906898,mobilenetv2,0.0366352796554565,100.0,pytorch,27287.087890625,3.1498122215271,2.856017827987671,400.0,1.0,1.0,3.0,30.605499267578125,500.0,250129_mobilenet_onoffbench11.csv,0.063625082373619,2025-03-20T16:10:33.547Z
0.0764487534761428,13.08114528656006,offload,552.6028442382812,2000.0,40.0,0.0763745456933975,0.0815093666315078,0.0346728414297103,False,1.0,0.0764487534761428,mobilenetv2,0.0463368892669677,100.0,pytorch,27287.087890625,3.354574203491211,2.858238935470581,400.0,1.0,1.0,3.0,30.579500198364254,500.0,250129_mobilenet_onoffbench11.csv,0.0622388049960136,2025-03-20T16:10:33.547Z
0.1352050006389618,8.303413391113281,offload,1988.7867431640625,2000.0,40.0,0.1350452303886413,15.773862838745115,0.0004144974518567324,False,6.0,0.1352050006389618,mobilenetv2,0.0386239700019359,100.0,pytorch,27287.087890625,2.043517827987671,1.6164710521697998,400.0,1.0,1.0,3.0,54.08200073242188,500.0,250129_mobilenet_onoffbench11.csv,0.0516407415270805,2025-03-20T16:10:33.547Z
0.2302875071763992,4.34243631362915,offload,208.8969268798828,4000.0,40.0,0.2302292585372924,0.0482850186526775,0.1808957904577255,False,1.0,0.2302875071763992,mobilenetv2,0.0444402694702148,100.0,pytorch,27287.087890625,1.1793606281280518,0.9481709599494934,400.0,1.0,1.0,1.0,92.11500549316406,500.0,250129_mobilenet_onoffbench11.csv,0.2226177304983139,2025-03-20T16:10:33.547Z
0.2306387573480606,4.33582878112793,offload,462.6901550292969,4000.0,40.0,0.2305858731269836,0.0265606585890054,0.1883004605770111,False,3.0,0.2306387573480606,mobilenetv2,0.0400217771530151,100.0,pytorch,27287.087890625,1.1710366010665894,0.9467045664787292,400.0,1.0,1.0,1.0,92.25550079345705,500.0,250129_mobilenet_onoffbench11.csv,0.2188988178968429,2025-03-20T16:10:33.547Z
0.2308787554502487,4.331279277801514,offload,1265.15087890625,4000.0,40.0,0.2308100312948227,0.0754116550087928,0.1635824739933014,False,6.0,0.2308787554502487,mobilenetv2,0.0477275848388671,100.0,pytorch,27287.087890625,1.196540117263794,0.9457851648330688,400.0,1.0,1.0,1.0,92.35150146484376,500.0,250129_mobilenet_onoffbench11.csv,0.2226832211017608,2025-03-20T16:10:33.547Z
0.2181566655635833,4.717464447021484,offload,1544.5850830078125,2000.0,40.0,0.2179380506277084,10.501763343811035,0.0676148608326911,False,6.0,0.2181566655635833,mobilenetv2,0.0776033401489257,100.0,pytorch,27287.087890625,1.220101237297058,1.0016456842422483,400.0,1.0,1.0,1.0,87.26266479492188,500.0,250129_mobilenet_onoffbench11.csv,0.1632466465234756,2025-03-20T16:10:33.547Z
0.1917141675949096,6.729126930236816,offload,773.3220825195312,2000.0,40.0,0.1916067600250244,4.16742753982544,0.1279692351818084,False,3.0,0.1917141675949096,mobilenetv2,0.0465625114738941,100.0,pytorch,27287.087890625,1.6568430662155151,1.13929545879364,400.0,1.0,1.0,1.0,76.6856689453125,500.0,250129_mobilenet_onoffbench11.csv,0.1629327684640884,2025-03-20T16:10:33.547Z
0.2397225052118301,4.178441047668457,offload,220.65228271484372,2000.0,40.0,0.2396506369113922,0.0437657944858074,0.1849195063114166,False,1.0,0.2397225052118301,mobilenetv2,0.0507261753082275,100.0,pytorch,27287.087890625,1.1535532474517822,0.9108955264091492,400.0,1.0,1.0,1.0,95.88899993896484,500.0,250129_mobilenet_onoffbench11.csv,0.2299340218305587,2025-03-20T16:10:33.547Z
0.0379766672849655,27.236391067504883,offload,3139.341796875,4000.0,100.0,0.0378755889832973,1.009395956993103,0.0033097558189183,False,6.0,0.0379766672849655,mobilenetv2,0.0329839400947093,70.0,pytorch,144509.0,32.49091720581055,30.522876739501957,400.0,1.0,1.0,70.0,15.190666198730469,500.0,250129_mobilenet_onoffbench11.csv,0.0258237812668085,2025-03-20T16:10:33.547Z
0.0440266653895378,22.929643630981445,offload,747.6542358398438,4000.0,100.0,0.043901477009058,0.2119825333356857,0.0119700962677598,False,1.0,0.0440266653895378,mobilenetv2,0.0410623550415039,70.0,pytorch,144509.0,27.69913101196289,26.333328247070312,400.0,1.0,1.0,30.0,17.610666275024414,500.0,250129_mobilenet_onoffbench11.csv,0.0320350565016269,2025-03-20T16:10:33.547Z
0.0392474979162216,25.718524932861328,offload,1660.60693359375,2000.0,100.0,0.0391923859715461,1.0355699062347412,0.0070281815715134,False,3.0,0.0392474979162216,mobilenetv2,0.0608237981796264,70.0,pytorch,144509.0,30.517650604248047,29.49736213684082,400.0,1.0,1.0,70.0,15.699000358581545,500.0,250129_mobilenet_onoffbench11.csv,0.0235087070614099,2025-03-20T16:10:33.547Z
0.042208332568407,24.20125770568848,offload,722.287109375,2000.0,100.0,0.0421374663710594,0.1552533209323883,0.012547405436635,False,1.0,0.042208332568407,mobilenetv2,0.051438570022583,70.0,pytorch,144509.0,29.395591735839844,27.43572807312012,400.0,1.0,1.0,30.0,16.883333206176758,500.0,250129_mobilenet_onoffbench11.csv,0.0307795330882072,2025-03-20T16:10:33.547Z
0.0458800010383129,21.881771087646484,offload,1642.0404052734375,2000.0,100.0,0.0458095781505107,0.2575684189796448,0.0088685890659689,False,3.0,0.0458800010383129,mobilenetv2,0.0400315932929515,70.0,pytorch,144509.0,26.82376480102539,25.236469268798828,400.0,1.0,1.0,30.0,18.352001190185547,500.0,250129_mobilenet_onoffbench11.csv,0.0329719744622707,2025-03-20T16:10:33.547Z
0.0552141666412353,18.1406307220459,offload,3217.8154296875,4000.0,100.0,0.0550923496484756,0.5983403921127319,0.0097231660038232,False,6.0,0.0552141666412353,mobilenetv2,0.0536446571350097,70.0,pytorch,144509.0,21.3680362701416,20.98425674438477,400.0,1.0,1.0,30.0,22.08566665649414,500.0,250129_mobilenet_onoffbench11.csv,0.0385549627244472,2025-03-20T16:10:33.547Z
0.0435658320784568,23.21697807312012,offload,1983.9718017578125,4000.0,100.0,0.0434892550110816,0.2397957146167755,0.0095833493396639,False,3.0,0.0435658320784568,mobilenetv2,0.0491472892463207,70.0,pytorch,144509.0,27.87247085571289,26.58293342590332,400.0,1.0,1.0,30.0,17.426334381103516,500.0,250129_mobilenet_onoffbench11.csv,0.0298381298780441,2025-03-20T16:10:33.547Z
0.068370833992958,17.29857635498047,offload,593.9268188476562,4000.0,100.0,0.0682169049978256,0.2097401618957519,0.0313325896859169,False,1.0,0.068370833992958,mobilenetv2,0.0564990043640136,70.0,pytorch,144509.0,21.305524826049805,16.947002410888672,400.0,1.0,1.0,15.0,27.34833335876465,500.0,250129_mobilenet_onoffbench11.csv,0.057058785110712,2025-03-20T16:10:33.547Z
0.0335500016808509,29.835205078125,offload,917.6304321289062,2000.0,100.0,0.0334781408309936,2.087888240814209,0.0006799051188863814,False,1.0,0.0335500016808509,mobilenetv2,0.0209978818893432,70.0,pytorch,144509.0,35.73335647583008,34.53214645385742,400.0,1.0,1.0,70.0,13.420000076293944,500.0,250129_mobilenet_onoffbench11.csv,0.0139453802257776,2025-03-20T16:10:33.547Z
0.0667500048875808,16.710948944091797,offload,1280.498046875,2000.0,100.0,0.0666793435811996,0.4474320113658905,0.0252508372068405,False,3.0,0.0667500048875808,mobilenetv2,0.054855465888977,70.0,pytorch,144509.0,20.60849380493164,17.337783813476562,400.0,1.0,1.0,15.0,26.700000762939453,500.0,250129_mobilenet_onoffbench11.csv,0.0575058236718177,2025-03-20T16:10:33.547Z
0.028728749603033,35.3165397644043,offload,2278.69580078125,4000.0,70.0,0.0286429151892662,1.7464733123779297,0.0025493400171399,False,3.0,0.028728749603033,mobilenetv2,0.0539807081222534,70.0,pytorch,44053.38671875,11.779783248901367,12.304162979125977,400.0,1.0,1.0,30.0,11.491499900817873,500.0,250129_mobilenet_onoffbench11.csv,0.0095133725553751,2025-03-20T16:10:33.547Z
0.2257050126791,16.754301071166992,offload,483.2265625,2000.0,70.0,0.2255219370126724,0.585050642490387,0.1873527914285659,False,1.0,0.2257050126791,mobilenetv2,0.0428653955459594,70.0,pytorch,44053.38671875,6.270402908325195,1.5627175569534302,400.0,1.0,1.0,1.0,90.2820053100586,500.0,250129_mobilenet_onoffbench11.csv,0.2108369171619415,2025-03-20T16:10:33.547Z
0.0973887518048286,11.837090492248535,offload,1957.9859619140625,2000.0,40.0,0.0972274765372276,13.005600929260254,0.00019431144755799323,False,6.0,0.0973887518048286,mobilenetv2,0.052119493484497,70.0,pytorch,27287.087890625,2.7361671924591064,2.245216131210327,400.0,1.0,1.0,10.0,38.95550155639648,500.0,250129_mobilenet_onoffbench11.csv,0.0210888218134641,2025-03-20T16:10:33.547Z
0.1812562495470047,5.9666666984558105,offload,1630.162109375,2000.0,40.0,0.1811795085668563,10.902681350708008,0.0548656843602657,False,6.0,0.1812562495470047,mobilenetv2,0.0570306777954101,70.0,pytorch,27287.087890625,1.4812304973602295,1.2048641443252563,400.0,1.0,1.0,1.0,72.50249481201172,500.0,250129_mobilenet_onoffbench11.csv,0.1194825544953346,2025-03-20T16:10:33.547Z
0.0608037486672401,19.88873291015625,offload,600.6104125976562,2000.0,100.0,0.0607388466596603,0.0282752569764852,0.0289023965597152,False,1.0,0.0608037486672401,mobilenetv2,0.056512713432312,40.0,pytorch,144509.0,21.805967330932617,19.033485412597656,400.0,1.0,1.0,15.0,24.32149887084961,500.0,250129_mobilenet_onoffbench11.csv,0.049690693616867,2025-03-20T16:10:33.547Z
0.0477575026452541,20.939119338989254,ondevice,1072.0224609375,1000.0,100.0,0.0476840585470199,6.299740314483643,0.0024312483146786,False,6.0,0.0477575026452541,mobilenetv2,0.1930093765258789,40.0,pytorch,0.0,0.0,0.0,400.0,0.0,1.0,0.0,19.10300064086914,1000.0,250129_mobilenet_onoffbench11.csv,0.0,2025-03-20T16:10:33.547Z
0.4143700003623962,2.414463520050049,offload,220.6371307373047,2000.0,70.0,0.4142979979515075,0.0526794679462909,0.3607966601848602,True,6.0,0.4143700003623962,resnet50,4.103935718536377,40.0,pytorch,44053.38671875,1.0958359241485596,0.8506608605384827,400.0,1.0,1.0,1.0,165.7480010986328,500.0,250212_resnet_onoffbench2.csv,0.4093680083751678,2025-03-20T16:13:20.548Z
0.4223358333110809,2.370020866394043,offload,226.4814300537109,4000.0,70.0,0.4222539663314819,0.0548425056040287,0.36894091963768,True,6.0,0.4223358333110809,resnet50,4.179542541503906,40.0,pytorch,44053.38671875,1.0921818017959597,0.8346329927444458,400.0,1.0,1.0,1.0,168.934326171875,500.0,250212_resnet_onoffbench2.csv,0.4175465106964111,2025-03-20T16:13:20.548Z
0.4603766500949859,2.262570858001709,offload,141.74728393554688,2000.0,70.0,0.4602822959423065,0.0310727655887603,0.4081034958362579,True,3.0,0.4603766500949859,resnet50,4.408712863922119,40.0,pytorch,44053.38671875,1.0282520055770874,0.765675961971283,400.0,1.0,1.0,1.0,184.15066528320312,500.0,250212_resnet_onoffbench2.csv,0.4490211606025696,2025-03-20T16:13:20.548Z
0.4051858186721802,2.4680211544036865,offload,140.1001739501953,4000.0,70.0,0.4050551354885101,0.0471213310956954,0.3567153513431549,True,3.0,0.4051858186721802,resnet50,4.006139755249023,40.0,pytorch,44053.38671875,1.113095998764038,0.8700718879699707,400.0,1.0,1.0,1.0,162.07432556152344,500.0,250212_resnet_onoffbench2.csv,0.3993853330612182,2025-03-20T16:13:20.548Z
0.4087483286857605,2.448096752166748,offload,120.37824249267578,2000.0,70.0,0.4086550176143646,0.0488483868539333,0.3602117598056793,True,1.0,0.4087483286857605,resnet50,4.188969612121582,40.0,pytorch,44053.38671875,1.106327772140503,0.862407386302948,400.0,1.0,1.0,1.0,163.49932861328125,500.0,250212_resnet_onoffbench2.csv,0.4047485888004303,2025-03-20T16:13:20.548Z
0.1313041597604751,7.616019248962402,offload,579.762939453125,2000.0,70.0,0.1311784237623214,0.0853675678372383,0.086988627910614,True,6.0,0.1313041597604751,resnet50,4.005820274353027,40.0,pytorch,44053.38671875,3.242987871170044,2.686624050140381,400.0,1.0,1.0,3.0,52.52166748046875,500.0,250212_resnet_onoffbench2.csv,0.1258401870727539,2025-03-20T16:13:20.548Z
0.3895333409309387,2.567179918289185,offload,121.89906311035156,4000.0,70.0,0.389455109834671,0.0424318090081214,0.3406229615211487,True,1.0,0.3895333409309387,resnet50,4.219344139099121,40.0,pytorch,44053.38671875,1.1503654718399048,0.9049235582351683,400.0,1.0,1.0,1.0,155.81333923339844,500.0,250212_resnet_onoffbench2.csv,0.376032143831253,2025-03-20T16:13:20.548Z
0.0799658372998237,12.506747245788574,offload,500.41510009765625,4000.0,70.0,0.0798423215746879,0.1077482774853706,0.0476496405899524,True,3.0,0.0799658372998237,resnet50,3.860201597213745,40.0,pytorch,44053.38671875,4.886270046234131,4.41403865814209,400.0,1.0,1.0,5.0,31.9863338470459,500.0,250212_resnet_onoffbench2.csv,0.0743538215756416,2025-03-20T16:13:20.548Z
0.0767416656017303,13.031294822692873,offload,427.42767333984375,4000.0,70.0,0.0765970572829246,0.0919900685548782,0.043232936412096,True,1.0,0.0767416656017303,resnet50,4.148524284362793,40.0,pytorch,44053.38671875,5.17890739440918,4.601052761077881,400.0,1.0,1.0,5.0,30.696666717529297,500.0,250212_resnet_onoffbench2.csv,0.0661952123045921,2025-03-20T16:13:20.548Z
0.0769233331084251,13.001062393188477,offload,536.3759155273438,2000.0,70.0,0.076830580830574,0.0882701426744461,0.0443245135247707,True,3.0,0.0769233331084251,resnet50,4.327239513397217,40.0,pytorch,44053.38671875,5.045171737670898,4.5870680809021,400.0,1.0,1.0,5.0,30.769332885742188,500.0,250212_resnet_onoffbench2.csv,0.0648685470223426,2025-03-20T16:13:20.548Z
0.442041665315628,2.262296676635742,offload,124.61189270019533,2000.0,100.0,0.441970556974411,0.0141614554449915,0.3902830779552459,True,1.0,0.442041665315628,resnet50,4.109331607818604,40.0,pytorch,144509.0,3.165958404541016,2.615721702575684,400.0,1.0,1.0,3.0,176.81666564941406,500.0,250212_resnet_onoffbench2.csv,0.4351134896278381,2025-03-20T16:13:20.548Z
0.453113317489624,2.20715594291687,offload,220.55723571777344,2000.0,100.0,0.4529557526111603,0.0185174513608217,0.3926538527011871,True,6.0,0.453113317489624,resnet50,4.04934024810791,40.0,pytorch,144509.0,3.1186890602111816,2.5522847175598145,400.0,1.0,1.0,3.0,181.24533081054688,500.0,250212_resnet_onoffbench2.csv,0.4460477232933044,2025-03-20T16:13:20.548Z
0.4510233402252197,2.217246532440185,offload,224.3657073974609,4000.0,100.0,0.4509270489215851,0.0144231347367167,0.3928548395633697,True,6.0,0.4510233402252197,resnet50,4.258450031280518,40.0,pytorch,144509.0,3.150943756103516,2.563767194747925,400.0,1.0,1.0,3.0,180.40933227539065,500.0,250212_resnet_onoffbench2.csv,0.4441450238227844,2025-03-20T16:13:20.548Z
0.2426458299160003,4.121562004089356,offload,204.1606292724609,4000.0,40.0,0.2425349354743957,0.08970757573843,0.1990596354007721,True,3.0,0.2426458299160003,resnet50,3.991635322570801,40.0,pytorch,27287.087890625,1.1387431621551514,0.9000629186630249,400.0,1.0,1.0,1.0,97.05833435058594,500.0,250212_resnet_onoffbench2.csv,0.2373709827661514,2025-03-20T16:13:20.548Z
0.247393324971199,4.042294502258301,offload,177.1121368408203,2000.0,40.0,0.2472922056913375,0.0683728083968162,0.2029011696577072,True,1.0,0.247393324971199,resnet50,3.928235530853272,40.0,pytorch,27287.087890625,1.1265243291854858,0.882748007774353,400.0,1.0,1.0,1.0,98.95732879638672,500.0,250212_resnet_onoffbench2.csv,0.2414014935493469,2025-03-20T16:13:20.548Z
0.2465724945068359,4.055676937103272,offload,175.62083435058594,4000.0,40.0,0.2464511096477508,0.0788526907563209,0.2033981829881668,True,1.0,0.2465724945068359,resnet50,4.121860980987549,40.0,pytorch,27287.087890625,1.1290066242218018,0.8857606649398804,400.0,1.0,1.0,1.0,98.62899780273438,500.0,250212_resnet_onoffbench2.csv,0.2407111078500747,2025-03-20T16:13:20.548Z
0.2450708299875259,4.082820415496826,offload,341.888427734375,2000.0,40.0,0.2449700534343719,0.0849518328905105,0.1954385638236999,True,6.0,0.2450708299875259,resnet50,3.917692184448242,40.0,pytorch,27287.087890625,1.13894784450531,0.8911158442497253,400.0,1.0,1.0,1.0,98.02833557128906,500.0,250212_resnet_onoffbench2.csv,0.2397335469722747,2025-03-20T16:13:20.548Z
0.0812349990010261,12.315618515014648,offload,833.9419555664062,4000.0,40.0,0.0810799598693847,0.1306589692831039,0.0454201512038707,True,6.0,0.0812349990010261,resnet50,4.066435813903809,40.0,pytorch,27287.087890625,3.2538743019104004,2.6923632621765137,400.0,1.0,1.0,3.0,32.49399948120117,500.0,250212_resnet_onoffbench2.csv,0.0772885009646415,2025-03-20T16:13:20.548Z
0.0799391716718673,12.511096954345703,offload,844.3120727539062,2000.0,40.0,0.0798535048961639,0.1786547899246215,0.0421462729573249,True,6.0,0.0799391716718673,resnet50,4.002028942108154,40.0,pytorch,27287.087890625,3.297945499420166,2.7337145805358887,400.0,1.0,1.0,3.0,31.97566795349121,500.0,250212_resnet_onoffbench2.csv,0.0744055584073066,2025-03-20T16:13:20.548Z
0.0782575011253357,12.779007911682127,offload,549.7872924804688,2000.0,40.0,0.0781508162617683,0.0981760770082473,0.0433680489659309,True,3.0,0.0782575011253357,resnet50,4.300395965576172,40.0,pytorch,27287.087890625,3.240882158279419,2.7932748794555664,400.0,1.0,1.0,3.0,31.30299949645996,500.0,250212_resnet_onoffbench2.csv,0.0659989863634109,2025-03-20T16:13:20.548Z
0.2349008321762085,4.257232189178467,offload,366.9011535644531,4000.0,40.0,0.2348142266273498,0.0646705478429794,0.1847708970308303,True,6.0,0.2349008321762085,resnet50,4.157345771789551,40.0,pytorch,27287.087890625,1.1829094886779783,0.9296571016311646,400.0,1.0,1.0,1.0,93.96033477783205,500.0,250212_resnet_onoffbench2.csv,0.2222155183553695,2025-03-20T16:13:20.548Z
0.1352725028991699,7.392630100250244,offload,292.08013916015625,4000.0,70.0,0.1351231187582016,0.0660244598984718,0.0948287025094032,True,1.0,0.1352725028991699,resnet50,4.138341903686523,40.0,pytorch,44053.38671875,3.179677248001098,2.608192443847656,400.0,1.0,1.0,3.0,54.10900115966797,500.0,250212_resnet_onoffbench2.csv,0.1295942515134811,2025-03-20T16:13:20.548Z
0.1321808397769928,7.569462299346924,offload,367.77447509765625,4000.0,70.0,0.1320588290691375,0.0694391205906868,0.0935177206993103,True,3.0,0.1321808397769928,resnet50,3.949607133865357,40.0,pytorch,44053.38671875,3.199846744537353,2.668712854385376,400.0,1.0,1.0,3.0,52.87233352661133,500.0,250212_resnet_onoffbench2.csv,0.1263851672410965,2025-03-20T16:13:20.548Z
0.1335166692733764,7.491590976715088,offload,272.4125366210937,2000.0,70.0,0.1333952993154525,0.0629515051841735,0.0954196602106094,True,1.0,0.1335166692733764,resnet50,3.955361604690552,40.0,pytorch,44053.38671875,3.2135050296783447,2.6419754028320312,400.0,1.0,1.0,3.0,53.40666580200195,500.0,250212_resnet_onoffbench2.csv,0.1273014843463897,2025-03-20T16:13:20.548Z
0.1352608352899551,7.39370059967041,offload,371.8974609375,2000.0,70.0,0.1351712793111801,0.068864069879055,0.0947968140244484,True,3.0,0.1352608352899551,resnet50,4.20121955871582,40.0,pytorch,44053.38671875,3.212510347366333,2.6072630882263184,400.0,1.0,1.0,3.0,54.10433197021485,500.0,250212_resnet_onoffbench2.csv,0.1291341781616211,2025-03-20T16:13:20.548Z
0.0773575007915496,12.927285194396973,offload,421.3087768554688,2000.0,70.0,0.0772549360990524,0.0913395583629608,0.0446920692920684,True,1.0,0.0773575007915496,resnet50,3.9374847412109375,40.0,pytorch,44053.38671875,5.1789655685424805,4.561871528625488,400.0,1.0,1.0,5.0,30.94300079345703,500.0,250212_resnet_onoffbench2.csv,0.0713519230484962,2025-03-20T16:13:20.548Z
0.083909161388874,11.930549621582031,offload,774.143310546875,4000.0,70.0,0.0837914273142814,0.1327057629823684,0.0482325479388237,True,6.0,0.083909161388874,resnet50,4.032859802246094,40.0,pytorch,44053.38671875,4.880265712738037,4.206004142761231,400.0,1.0,1.0,5.0,33.56366729736328,500.0,250212_resnet_onoffbench2.csv,0.0783279240131378,2025-03-20T16:13:20.548Z
0.0807624980807304,12.390386581420898,offload,861.9436645507812,2000.0,70.0,0.0806145146489143,0.1725666522979736,0.0428582690656185,True,6.0,0.0807624980807304,resnet50,4.002756595611572,40.0,pytorch,44053.38671875,4.803877830505371,4.3717570304870605,400.0,1.0,1.0,5.0,32.30500030517578,500.0,250212_resnet_onoffbench2.csv,0.0749956592917442,2025-03-20T16:13:20.548Z
0.1285816729068756,7.777751922607422,offload,553.119140625,4000.0,70.0,0.1284775584936142,0.0735535472631454,0.0871560722589492,True,6.0,0.1285816729068756,resnet50,4.341092586517334,40.0,pytorch,44053.38671875,3.14420223236084,2.7431023120880127,400.0,1.0,1.0,3.0,51.43266677856445,500.0,250212_resnet_onoffbench2.csv,0.1158137619495391,2025-03-20T16:13:20.548Z
1.346405029296875,0.7427283525466919,offload,53.79313278198242,4000.0,100.0,1.346324801445007,0.0240292195230722,1.2790892124176023,True,3.0,1.346405029296875,resnet50,4.014662265777588,40.0,pytorch,144509.0,1.0984596014022827,0.8586872816085815,400.0,1.0,1.0,1.0,538.56201171875,500.0,250212_resnet_onoffbench2.csv,1.339538335800171,2025-03-20T16:13:20.548Z
1.3695166110992432,0.7301864624023438,offload,43.99578094482422,2000.0,100.0,1.3694510459899902,0.0184347331523895,1.3029152154922483,True,1.0,1.3695166110992432,resnet50,3.9907398223876953,40.0,pytorch,144509.0,1.0904033184051514,0.8441864848136902,400.0,1.0,1.0,1.0,547.806640625,500.0,250212_resnet_onoffbench2.csv,1.363166332244873,2025-03-20T16:13:20.548Z
1.3806625604629517,0.7242943048477173,offload,45.09995269775391,4000.0,100.0,1.3805820941925049,0.0207449644804,1.315764307975769,True,1.0,1.3806625604629517,resnet50,4.189664840698242,40.0,pytorch,144509.0,1.083540678024292,0.8373801112174988,400.0,1.0,1.0,1.0,552.2650146484375,500.0,250212_resnet_onoffbench2.csv,1.3742358684539795,2025-03-20T16:13:20.548Z
0.0262983329594135,38.13222503662109,offload,699.1151733398438,4000.0,70.0,0.026015929877758,0.6648048758506775,0.0030757943168282,True,1.0,0.0262983329594135,resnet50,4.46686601638794,40.0,pytorch,44053.38671875,14.065458297729492,13.546587944030762,400.0,1.0,1.0,70.0,10.519333839416504,500.0,250212_resnet_onoffbench2.csv,0.0111197913065552,2025-03-20T16:13:20.548Z
0.0227958336472511,44.32463073730469,offload,843.38623046875,4000.0,70.0,0.0224801898002624,1.5140198469161987,0.0012934072874486,True,3.0,0.0227958336472511,resnet50,3.989382743835449,40.0,pytorch,44053.38671875,7.383430004119873,15.677228927612305,400.0,1.0,1.0,70.0,9.118332862854004,500.0,250212_resnet_onoffbench2.csv,0.0105480477213859,2025-03-20T16:13:20.548Z
0.0471483319997787,21.212087631225582,offload,1123.89404296875,2000.0,40.0,0.0470251962542533,0.2488417327404022,0.0166540034115314,True,6.0,0.0471483319997787,resnet50,4.062327861785889,40.0,pytorch,27287.087890625,5.257879257202148,4.642122268676758,400.0,1.0,1.0,5.0,18.85933303833008,500.0,250212_resnet_onoffbench2.csv,0.0405915789306163,2025-03-20T16:13:20.548Z
0.0479783341288566,20.84751319885254,offload,745.5458984375,2000.0,40.0,0.0478671491146087,0.1987717747688293,0.0201312582939863,True,3.0,0.0479783341288566,resnet50,4.061627864837647,40.0,pytorch,27287.087890625,5.236600399017334,4.560470104217529,400.0,1.0,1.0,5.0,19.191333770751957,500.0,250212_resnet_onoffbench2.csv,0.0439705103635787,2025-03-20T16:13:20.548Z
0.0786099955439567,12.722564697265623,offload,423.3497314453125,4000.0,40.0,0.0785065591335296,0.0943853259086608,0.0436313264071941,True,1.0,0.0786099955439567,resnet50,4.279056072235107,40.0,pytorch,27287.087890625,3.2639646530151367,2.780617475509644,400.0,1.0,1.0,3.0,31.444000244140625,500.0,250212_resnet_onoffbench2.csv,0.066172569990158,2025-03-20T16:13:20.548Z
0.0807558298110961,12.385791778564451,offload,487.2685546875,4000.0,40.0,0.0806418880820274,0.1037009507417678,0.0471416898071765,True,3.0,0.0807558298110961,resnet50,3.890302419662476,40.0,pytorch,27287.087890625,3.061737537384033,2.706989049911499,400.0,1.0,1.0,3.0,32.30233383178711,500.0,250212_resnet_onoffbench2.csv,0.0766238868236541,2025-03-20T16:13:20.548Z
0.0783708319067955,12.760713577270508,offload,397.159912109375,2000.0,40.0,0.0782616287469863,0.1049974635243415,0.0459836460649967,True,1.0,0.0783708319067955,resnet50,3.840683937072754,40.0,pytorch,27287.087890625,3.2961418628692627,2.7893195152282715,400.0,1.0,1.0,3.0,31.34833335876465,500.0,250212_resnet_onoffbench2.csv,0.0727094858884811,2025-03-20T16:13:20.548Z
0.0271616671234369,37.18586349487305,offload,1392.4957275390625,4000.0,40.0,0.027068767696619,0.3514612913131714,0.0024746393319219,True,6.0,0.0271616671234369,resnet50,4.028264999389648,40.0,pytorch,27287.087890625,7.222639083862305,8.064522743225098,400.0,1.0,1.0,10.0,10.864666938781738,500.0,250212_resnet_onoffbench2.csv,0.0199629832059144,2025-03-20T16:13:20.548Z
0.0286250002682209,35.032596588134766,offload,1075.600830078125,2000.0,40.0,0.0285197161138057,0.2300374060869217,0.0043538389727473,True,3.0,0.0286250002682209,resnet50,4.3414154052734375,40.0,pytorch,27287.087890625,8.386046409606934,7.654238224029541,400.0,1.0,1.0,10.0,11.449999809265137,500.0,250212_resnet_onoffbench2.csv,0.0161709301173686,2025-03-20T16:13:20.548Z
0.0270224995911121,37.45204544067383,offload,813.581787109375,2000.0,40.0,0.0269227866083383,0.3090574741363525,0.0045645106583833,True,1.0,0.0270224995911121,resnet50,4.08669376373291,40.0,pytorch,27287.087890625,8.583366394042969,8.108250617980957,400.0,1.0,1.0,10.0,10.809000015258787,500.0,250212_resnet_onoffbench2.csv,0.01985390111804,2025-03-20T16:13:20.548Z
0.047187503427267,21.196088790893555,offload,1181.151123046875,4000.0,40.0,0.0470616370439529,0.1806055903434753,0.0162260774523019,True,6.0,0.047187503427267,resnet50,4.272132873535156,40.0,pytorch,27287.087890625,4.99566125869751,4.6385273933410645,400.0,1.0,1.0,5.0,18.875,500.0,250212_resnet_onoffbench2.csv,0.035489123314619,2025-03-20T16:13:20.548Z
0.048195831477642,20.76280975341797,offload,555.898193359375,4000.0,40.0,0.0480469465255737,0.1881870478391647,0.0201928652822971,True,1.0,0.048195831477642,resnet50,4.075924396514893,40.0,pytorch,27287.087890625,5.072423934936523,4.54340410232544,400.0,1.0,1.0,5.0,19.27833366394043,500.0,250212_resnet_onoffbench2.csv,0.0415810123085975,2025-03-20T16:13:20.548Z
0.0486458353698253,20.56383514404297,offload,733.40283203125,4000.0,40.0,0.048518106341362,0.1557697057723999,0.0200324282050132,True,3.0,0.0486458353698253,resnet50,3.8291995525360103,40.0,pytorch,27287.087890625,5.047150611877441,4.499283313751221,400.0,1.0,1.0,5.0,19.45833396911621,500.0,250212_resnet_onoffbench2.csv,0.0424987152218818,2025-03-20T16:13:20.548Z
0.0491591654717922,20.344877243041992,offload,559.3151245117188,2000.0,40.0,0.0484352521598339,0.1993023604154586,0.0199893787503242,True,1.0,0.0491591654717922,resnet50,3.967743158340454,40.0,pytorch,27287.087890625,5.100880146026611,4.506979465484619,400.0,1.0,1.0,5.0,19.66366577148437,500.0,250212_resnet_onoffbench2.csv,0.0435879491269588,2025-03-20T16:13:20.548Z
0.0206166673451662,48.765663146972656,offload,806.6056518554688,4000.0,40.0,0.0204834137111902,1.071320652961731,0.0005821412778459489,True,1.0,0.0206166673451662,resnet50,4.179768085479736,40.0,pytorch,27287.087890625,10.243513107299805,10.65724277496338,400.0,1.0,1.0,70.0,8.24666690826416,500.0,250212_resnet_onoffbench2.csv,0.0080509958788752,2025-03-20T16:13:20.548Z
0.0210133343935012,47.69651412963867,offload,639.8947143554688,2000.0,40.0,0.0208633244037628,1.0649338960647583,0.0006117584416642785,True,1.0,0.0210133343935012,resnet50,4.044059753417969,40.0,pytorch,27287.087890625,11.066560745239258,10.463179588317873,400.0,1.0,1.0,70.0,8.405333518981934,500.0,250212_resnet_onoffbench2.csv,0.008695563301444,2025-03-20T16:13:20.548Z
0.021396666765213,46.89509963989258,offload,1072.66064453125,4000.0,40.0,0.0212828889489173,1.3746840953826904,0.0002616874407976866,True,3.0,0.021396666765213,resnet50,4.033107757568359,40.0,pytorch,27287.087890625,10.419450759887695,10.256911277770996,400.0,1.0,1.0,70.0,8.558666229248047,500.0,250212_resnet_onoffbench2.csv,0.0065392344258725,2025-03-20T16:13:20.548Z
0.0265366658568382,37.69447326660156,offload,1083.975341796875,4000.0,40.0,0.0263995211571455,1.069554090499878,0.0017992794746533,True,6.0,0.0265366658568382,resnet50,4.568728923797607,40.0,pytorch,27287.087890625,6.205864906311035,8.268964767456055,400.0,1.0,1.0,70.0,10.614666938781738,500.0,250212_resnet_onoffbench2.csv,0.0077265757136046,2025-03-20T16:13:20.548Z
0.0263491664081811,38.10255813598633,offload,529.88525390625,4000.0,40.0,0.0262124147266149,0.9854797124862672,0.0027515587862581,True,1.0,0.0263491664081811,resnet50,4.173989772796631,40.0,pytorch,27287.087890625,8.677164077758789,8.327988624572754,400.0,1.0,1.0,30.0,10.539667129516602,500.0,250212_resnet_onoffbench2.csv,0.0077426000498235,2025-03-20T16:13:20.548Z
0.0410483330488204,24.382625579833984,offload,567.5910034179688,4000.0,70.0,0.0409344471991062,0.1413488686084747,0.0152160888537764,True,1.0,0.0410483330488204,resnet50,3.952546834945679,40.0,pytorch,44053.38671875,8.476058959960938,8.609548568725586,400.0,1.0,1.0,10.0,16.41933250427246,500.0,250212_resnet_onoffbench2.csv,0.0351516231894493,2025-03-20T16:13:20.548Z
0.0401658341288566,24.92798614501953,offload,1090.4580078125,4000.0,70.0,0.0400856472551822,0.149567499756813,0.0113752409815788,True,6.0,0.0401658341288566,resnet50,4.310923099517822,40.0,pytorch,44053.38671875,9.533695220947266,8.791852951049805,400.0,1.0,1.0,10.0,16.066333770751953,500.0,250212_resnet_onoffbench2.csv,0.0286487769335508,2025-03-20T16:13:20.548Z
0.0417199991643428,24.006668090820312,offload,766.6680297851562,4000.0,70.0,0.0415991395711898,0.1898738741874694,0.0144651643931865,True,3.0,0.0417199991643428,resnet50,4.014051914215088,40.0,pytorch,44053.38671875,7.827876091003418,8.471981048583984,400.0,1.0,1.0,10.0,16.687999725341797,500.0,250212_resnet_onoffbench2.csv,0.0355963669717311,2025-03-20T16:13:20.548Z
0.0451133362948894,22.3209285736084,offload,479.2221984863281,2000.0,70.0,0.0450179204344749,0.1174862384796142,0.0179407577961683,True,1.0,0.0451133362948894,resnet50,3.896520376205444,40.0,pytorch,44053.38671875,7.69355583190918,7.828595638275146,400.0,1.0,1.0,10.0,18.045333862304688,500.0,250212_resnet_onoffbench2.csv,0.0386392921209335,2025-03-20T16:13:20.548Z
0.0444599986076355,22.550561904907227,offload,768.760009765625,2000.0,70.0,0.0443539135158062,0.1823312044143676,0.0178506933152675,True,3.0,0.0444599986076355,resnet50,4.092590808868408,40.0,pytorch,44053.38671875,8.705766677856445,7.945794582366943,400.0,1.0,1.0,10.0,17.784000396728516,500.0,250212_resnet_onoffbench2.csv,0.0397925488650798,2025-03-20T16:13:20.548Z
0.0276841670274734,36.23486328125,offload,976.6512451171876,4000.0,70.0,0.0275729019194841,0.2484702467918396,0.0048308339901268,True,3.0,0.0276841670274734,resnet50,4.02288818359375,40.0,pytorch,44053.38671875,13.36884880065918,12.781646728515623,400.0,1.0,1.0,15.0,11.0736665725708,500.0,250212_resnet_onoffbench2.csv,0.02280312217772,2025-03-20T16:13:20.548Z
0.029368333518505,34.11616516113281,offload,578.0345458984375,4000.0,70.0,0.0292647872120142,0.1614262759685516,0.0060875699855387,True,1.0,0.029368333518505,resnet50,4.302204132080078,40.0,pytorch,44053.38671875,10.070433616638184,12.042701721191406,400.0,1.0,1.0,15.0,11.747333526611328,500.0,250212_resnet_onoffbench2.csv,0.0177696403115987,2025-03-20T16:13:20.548Z
0.0293125007301569,34.13395690917969,offload,1136.29052734375,2000.0,70.0,0.0291816499084234,0.1707111597061157,0.0049346988089382,True,3.0,0.0293125007301569,resnet50,4.1300225257873535,40.0,pytorch,44053.38671875,12.936655044555664,12.07701015472412,400.0,1.0,1.0,15.0,11.725000381469728,500.0,250212_resnet_onoffbench2.csv,0.0182400774210691,2025-03-20T16:13:20.548Z
0.0303850006312131,33.03588104248047,offload,1516.8798828125,2000.0,70.0,0.0302551370114088,0.4024111330509186,0.0023348848335444,True,6.0,0.0303850006312131,resnet50,3.999090433120728,40.0,pytorch,44053.38671875,11.608795166015623,11.648504257202148,400.0,1.0,1.0,15.0,12.154000282287598,500.0,250212_resnet_onoffbench2.csv,0.0226769931614398,2025-03-20T16:13:20.548Z
0.0316350013017654,32.529422760009766,offload,1499.79541015625,4000.0,70.0,0.0315270647406578,0.2589368224143982,0.0066115353256464,True,6.0,0.0316350013017654,resnet50,4.0075764656066895,40.0,pytorch,44053.38671875,12.67778491973877,11.17855739593506,400.0,1.0,1.0,15.0,12.654000282287598,500.0,250212_resnet_onoffbench2.csv,0.0267390515655279,2025-03-20T16:13:20.548Z
0.0368416681885719,29.34175109863281,offload,709.852294921875,2000.0,70.0,0.0367453098297119,0.2831019163131714,0.0048483554273843,True,1.0,0.0368416681885719,resnet50,3.924540519714356,40.0,pytorch,44053.38671875,11.449646949768066,9.59107780456543,400.0,1.0,1.0,15.0,14.736666679382324,500.0,250212_resnet_onoffbench2.csv,0.0222765542566776,2025-03-20T16:13:20.548Z
0.2492058277130127,4.013267993927002,offload,203.9692840576172,2000.0,40.0,0.2491034269332885,0.0768826231360435,0.2054294347763061,True,3.0,0.2492058277130127,resnet50,4.199463367462158,40.0,pytorch,27287.087890625,1.1265294551849363,0.8763295412063599,400.0,1.0,1.0,1.0,99.68233489990234,500.0,250212_resnet_onoffbench2.csv,0.2434304356575012,2025-03-20T16:13:20.548Z
0.040192499756813,24.899110794067383,offload,1046.94140625,2000.0,70.0,0.0401003025472164,0.2197498232126236,0.0106745660305023,True,6.0,0.040192499756813,resnet50,3.997922420501709,40.0,pytorch,44053.38671875,8.029256820678711,8.788639068603516,400.0,1.0,1.0,10.0,16.07699966430664,500.0,250212_resnet_onoffbench2.csv,0.0337316170334816,2025-03-20T16:13:20.548Z
1.3870458602905271,0.7209645509719849,offload,52.70842742919922,2000.0,100.0,1.386963963508606,0.0961964949965477,1.305658221244812,True,3.0,1.3870458602905271,resnet50,4.238548755645752,40.0,pytorch,144509.0,1.079860806465149,0.8335270881652832,400.0,1.0,1.0,1.0,554.818359375,500.0,250212_resnet_onoffbench2.csv,1.380478858947754,2025-03-20T16:13:20.548Z
0.0218774992972612,46.0401611328125,offload,991.0154418945312,2000.0,70.0,0.0217628274112939,1.258030652999878,0.00038913587923161685,True,1.0,0.0218774992972612,resnet50,3.920344114303589,40.0,pytorch,44053.38671875,17.056093215942383,16.193992614746094,400.0,1.0,1.0,70.0,8.750999450683594,500.0,250212_resnet_onoffbench2.csv,0.0075668059289455,2025-03-20T16:13:20.548Z
0.4507691562175751,2.218475341796875,offload,144.21878051757812,4000.0,100.0,0.4506801962852478,0.0131206503137946,0.397013247013092,True,3.0,0.4507691562175751,resnet50,3.9590585231781006,40.0,pytorch,144509.0,3.116659879684448,2.565171480178833,400.0,1.0,1.0,3.0,180.3076629638672,500.0,250212_resnet_onoffbench2.csv,0.4442687630653381,2025-03-20T16:13:20.548Z
0.4332574903964996,2.3081214427948,offload,163.3971710205078,2000.0,100.0,0.4331493973731994,0.0126089360564947,0.3772538304328918,True,3.0,0.4332574903964996,resnet50,4.368535995483398,40.0,pytorch,144509.0,3.19506311416626,2.6689913272857666,400.0,1.0,1.0,3.0,173.30299377441406,500.0,250212_resnet_onoffbench2.csv,0.418179839849472,2025-03-20T16:13:20.548Z
0.2690300047397613,3.717104911804199,offload,328.263671875,2000.0,100.0,0.2689110934734344,0.0266052242368459,0.2152443379163742,True,6.0,0.2690300047397613,resnet50,3.9097180366516113,40.0,pytorch,144509.0,4.981958866119385,4.299086093902588,400.0,1.0,1.0,5.0,107.61199951171876,500.0,250212_resnet_onoffbench2.csv,0.2621964514255523,2025-03-20T16:13:20.548Z
0.4332566559314728,2.3081209659576416,offload,135.61013793945312,4000.0,100.0,0.4331876933574676,0.01248774304986,0.3776335418224334,True,1.0,0.4332566559314728,resnet50,4.277035236358643,40.0,pytorch,144509.0,3.157226085662842,2.668755292892456,400.0,1.0,1.0,3.0,173.30267333984375,500.0,250212_resnet_onoffbench2.csv,0.4179256856441498,2025-03-20T16:13:20.548Z
0.0225316658616065,44.45933532714844,offload,1684.995361328125,4000.0,70.0,0.0224259216338396,1.1082106828689575,0.0001363559567835182,True,6.0,0.0225316658616065,resnet50,4.215810298919678,40.0,pytorch,44053.38671875,16.510211944580078,15.715167045593262,400.0,1.0,1.0,70.0,9.012666702270508,500.0,250212_resnet_onoffbench2.csv,0.0119462935253977,2025-03-20T16:13:20.548Z
1.3500949144363403,0.7406922578811646,offload,82.73865509033203,2000.0,100.0,1.350007176399231,0.0981100425124168,1.2607886791229248,True,6.0,1.3500949144363403,resnet50,3.953605175018311,40.0,pytorch,144509.0,1.1012730598449707,0.8563450574874878,400.0,1.0,1.0,1.0,540.0379638671875,500.0,250212_resnet_onoffbench2.csv,1.3430591821670532,2025-03-20T16:13:20.548Z
1.3052732944488523,0.7661281824111938,offload,88.0399398803711,4000.0,100.0,1.3051804304122925,0.0170839391648769,1.234482765197754,True,6.0,1.3052732944488523,resnet50,4.428979873657227,40.0,pytorch,144509.0,1.1298487186431885,0.8857564330101013,400.0,1.0,1.0,1.0,522.1093139648438,500.0,250212_resnet_onoffbench2.csv,1.2886539697647097,2025-03-20T16:13:20.548Z
0.0261216666549444,38.32329177856445,offload,1649.1798095703125,4000.0,40.0,0.0259672254323959,0.7890287637710571,0.0016443707281723,True,6.0,0.0261216666549444,resnet50,4.328652381896973,40.0,pytorch,27287.087890625,8.494805335998535,8.406623840332031,400.0,1.0,1.0,15.0,10.4486665725708,500.0,250212_resnet_onoffbench2.csv,0.011000107973814,2025-03-20T16:13:20.548Z
0.021736666560173,46.963600158691406,offload,877.7857666015625,2000.0,40.0,0.0216186605393886,0.482051134109497,0.0013328082859516,True,1.0,0.021736666560173,resnet50,3.82729721069336,40.0,pytorch,27287.087890625,8.675230979919434,10.097604751586914,400.0,1.0,1.0,15.0,8.694666862487793,500.0,250212_resnet_onoffbench2.csv,0.0132712554186582,2025-03-20T16:13:20.548Z
0.0245475005358457,42.03231048583984,offload,458.49993896484375,4000.0,40.0,0.0231856033205986,0.5990874767303467,0.0021502659656107,True,1.0,0.0245475005358457,resnet50,4.018406867980957,40.0,pytorch,27287.087890625,7.309213161468506,9.415183067321776,400.0,1.0,1.0,15.0,9.819000244140623,500.0,250212_resnet_onoffbench2.csv,0.0148430345579981,2025-03-20T16:13:20.548Z
0.0277699995785951,36.12091445922852,offload,1670.39990234375,2000.0,40.0,0.0276525430381298,2.087867498397827,7.607738371007144e-05,True,6.0,0.0277699995785951,resnet50,3.856199026107788,40.0,pytorch,27287.087890625,6.169342041015625,7.894272327423096,400.0,1.0,1.0,15.0,11.107999801635742,500.0,250212_resnet_onoffbench2.csv,0.0127989053726196,2025-03-20T16:13:20.548Z
0.0282749999314546,35.370704650878906,offload,801.8524780273438,4000.0,40.0,0.028155917301774,0.2700017094612121,0.0038014214951545,True,1.0,0.0282749999314546,resnet50,4.26374101638794,40.0,pytorch,27287.087890625,6.68550968170166,7.753138065338135,400.0,1.0,1.0,10.0,11.3100004196167,500.0,250212_resnet_onoffbench2.csv,0.015540761873126,2025-03-20T16:13:20.548Z
0.0253108330070972,39.51638412475586,offload,1139.4036865234375,4000.0,40.0,0.0251793079078197,0.2648552358150482,0.0037404696922749,True,3.0,0.0253108330070972,resnet50,3.96629810333252,40.0,pytorch,27287.087890625,7.939537048339844,8.669686317443848,400.0,1.0,1.0,10.0,10.124333381652832,500.0,250212_resnet_onoffbench2.csv,0.0187004692852497,2025-03-20T16:13:20.548Z
0.0212133340537548,47.159278869628906,offload,931.3401489257812,2000.0,40.0,0.0211259666830301,0.8401956558227539,0.00019692281784955407,True,3.0,0.0212133340537548,resnet50,4.097816467285156,40.0,pytorch,27287.087890625,8.85261344909668,10.333099365234377,400.0,1.0,1.0,15.0,8.485333442687988,500.0,250212_resnet_onoffbench2.csv,0.0116439471021294,2025-03-20T16:13:20.548Z
0.0312700010836124,32.05481719970703,offload,1648.366943359375,2000.0,40.0,0.0311300884932279,1.2259278297424316,0.00043666979763656855,True,6.0,0.0312700010836124,resnet50,3.880887031555176,40.0,pytorch,27287.087890625,6.110477447509766,7.012402057647705,400.0,1.0,1.0,10.0,12.507999420166016,500.0,250212_resnet_onoffbench2.csv,0.0207695364952087,2025-03-20T16:13:20.548Z
0.0210966672748327,47.43234634399414,offload,1027.410888671875,4000.0,40.0,0.0210151635110378,1.1206458806991575,0.00026405989774502814,True,3.0,0.0210966672748327,resnet50,3.884305477142334,40.0,pytorch,27287.087890625,10.969907760620115,10.387580871582031,400.0,1.0,1.0,30.0,8.438666343688965,500.0,250212_resnet_onoffbench2.csv,0.0079502798616886,2025-03-20T16:13:20.548Z
0.0219116657972335,45.861595153808594,offload,1077.7161865234375,2000.0,40.0,0.021796615794301,1.1522525548934937,0.0008224346092902124,True,3.0,0.0219116657972335,resnet50,4.0635247230529785,40.0,pytorch,27287.087890625,10.097310066223145,10.015164375305176,400.0,1.0,1.0,70.0,8.764666557312012,500.0,250212_resnet_onoffbench2.csv,0.0091397631913423,2025-03-20T16:13:20.548Z
0.0264599993824958,38.14007186889648,offload,1262.8193359375,2000.0,40.0,0.0263392496854066,2.5272655487060547,0.0001259259443031624,True,6.0,0.0264599993824958,resnet50,3.9795947074890137,40.0,pytorch,27287.087890625,8.010090827941895,8.287886619567871,400.0,1.0,1.0,70.0,10.583999633789062,500.0,250212_resnet_onoffbench2.csv,0.006001095753163,2025-03-20T16:13:20.548Z
0.0227783322334289,43.93286895751953,offload,1362.6033935546875,4000.0,40.0,0.0226794127374887,1.9049324989318848,9.325007704319432e-05,True,6.0,0.0227783322334289,resnet50,3.947700738906861,40.0,pytorch,27287.087890625,8.95275592803955,9.625324249267578,400.0,1.0,1.0,30.0,9.111332893371582,500.0,250212_resnet_onoffbench2.csv,0.0080057708546519,2025-03-20T16:13:20.548Z
0.0273949988186359,36.6423454284668,offload,1748.6671142578125,2000.0,40.0,0.0272753611207008,2.3981666564941406,9.174843580694868e-05,True,6.0,0.0273949988186359,resnet50,3.848063707351685,40.0,pytorch,27287.087890625,8.07729434967041,8.003438949584961,400.0,1.0,1.0,30.0,10.958000183105469,500.0,250212_resnet_onoffbench2.csv,0.0066442168317735,2025-03-20T16:13:20.548Z
0.0257266666740179,38.90620040893555,offload,594.3529052734375,2000.0,40.0,0.0256340391933918,0.8292131423950195,0.0021871617063879,True,3.0,0.0257266666740179,resnet50,4.243188858032227,40.0,pytorch,27287.087890625,8.928360939025879,8.515892028808594,400.0,1.0,1.0,30.0,10.290666580200195,500.0,250212_resnet_onoffbench2.csv,0.0079642431810498,2025-03-20T16:13:20.548Z
0.0221133343875408,45.3046989440918,offload,679.8245849609375,2000.0,40.0,0.0219941325485706,2.119110584259033,0.000289247022010386,True,1.0,0.0221133343875408,resnet50,4.146584987640381,40.0,pytorch,27287.087890625,8.094256401062012,9.92522430419922,400.0,1.0,1.0,30.0,8.845333099365234,500.0,250212_resnet_onoffbench2.csv,0.0060023078694939,2025-03-20T16:13:20.548Z
0.0212183333933353,47.14775085449219,offload,1363.1605224609375,4000.0,40.0,0.0211318936198949,0.6867548227310181,0.0001742871681926772,True,3.0,0.0212183333933353,resnet50,3.996426820755005,40.0,pytorch,27287.087890625,9.553044319152832,10.330201148986816,400.0,1.0,1.0,15.0,8.487333297729492,500.0,250212_resnet_onoffbench2.csv,0.0113147888332605,2025-03-20T16:13:20.548Z
0.0264433342963457,38.20981597900391,offload,1488.9334716796875,2000.0,70.0,0.026313716545701,2.0494227409362797,0.00019692719797603783,True,6.0,0.0264433342963457,resnet50,3.9992501735687256,40.0,pytorch,44053.38671875,14.218700408935549,13.393284797668455,400.0,1.0,1.0,70.0,10.577333450317385,500.0,250212_resnet_onoffbench2.csv,0.010138401761651,2025-03-20T16:13:20.548Z
0.0260691661387681,38.42207717895508,offload,1028.428955078125,2000.0,70.0,0.0259122531861066,0.6834011077880859,0.0027288859710097,True,3.0,0.0260691661387681,resnet50,4.564671516418457,40.0,pytorch,44053.38671875,11.56427001953125,13.600789070129396,400.0,1.0,1.0,70.0,10.427666664123535,500.0,250212_resnet_onoffbench2.csv,0.0102017419412732,2025-03-20T16:13:20.548Z
0.0251208338886499,40.510772705078125,offload,880.502685546875,4000.0,70.0,0.0250005982816219,1.3583452701568604,0.0030481296125799,True,1.0,0.0251208338886499,resnet50,4.040081977844238,40.0,pytorch,44053.38671875,14.932486534118652,14.096746444702148,400.0,1.0,1.0,30.0,10.048333168029783,500.0,250212_resnet_onoffbench2.csv,0.0109611740335822,2025-03-20T16:13:20.548Z
0.0234308335930109,42.79973220825195,offload,1194.3504638671875,4000.0,70.0,0.0233201514929533,0.7328065037727356,0.001409049378708,True,3.0,0.0234308335930109,resnet50,3.773349285125733,40.0,pytorch,44053.38671875,16.197118759155273,15.112555503845217,400.0,1.0,1.0,30.0,9.372333526611328,500.0,250212_resnet_onoffbench2.csv,0.0138157922774553,2025-03-20T16:13:20.548Z
0.0222091674804687,45.15316390991211,offload,922.1857299804688,2000.0,70.0,0.0220891833305358,0.6808329820632935,0.0007804633933119476,True,1.0,0.0222091674804687,resnet50,3.792290687561035,40.0,pytorch,44053.38671875,14.604148864746094,15.954736709594728,400.0,1.0,1.0,30.0,8.8836669921875,500.0,250212_resnet_onoffbench2.csv,0.0118543691933155,2025-03-20T16:13:20.548Z
0.0277266670018434,36.09738159179688,offload,1439.56640625,4000.0,70.0,0.0276021864265203,0.9912992715835572,0.0020759624894708,True,6.0,0.0277266670018434,resnet50,4.355430603027344,40.0,pytorch,44053.38671875,12.647120475769045,12.768086433410645,400.0,1.0,1.0,30.0,11.09066677093506,500.0,250212_resnet_onoffbench2.csv,0.0105534037575125,2025-03-20T16:13:20.548Z
0.0224683340638875,44.56574249267578,offload,1295.80810546875,2000.0,70.0,0.022365054115653,1.0906275510787964,9.892741945805028e-05,True,3.0,0.0224683340638875,resnet50,4.148294448852539,40.0,pytorch,44053.38671875,16.433794021606445,15.757936477661133,400.0,1.0,1.0,30.0,8.987333297729492,500.0,250212_resnet_onoffbench2.csv,0.0099616693332791,2025-03-20T16:13:20.548Z
0.0264583341777324,37.94397735595703,offload,1348.91796875,2000.0,70.0,0.026307800784707,1.5554760694503784,0.00011465907300589606,True,6.0,0.0264583341777324,resnet50,3.862598657608032,40.0,pytorch,44053.38671875,14.20382022857666,13.396296501159668,400.0,1.0,1.0,30.0,10.583333015441896,500.0,250212_resnet_onoffbench2.csv,0.011583786457777,2025-03-20T16:13:20.548Z
0.055481668561697,18.717750549316406,offload,1135.0009765625,4000.0,100.0,0.0553827360272407,0.0675184726715087,0.0208040177822113,True,6.0,0.055481668561697,resnet50,4.302677154541016,70.0,pytorch,144509.0,21.4589958190918,20.874229431152344,400.0,1.0,1.0,30.0,22.19266700744629,500.0,250212_resnet_onoffbench2.csv,0.0440695956349372,2025-03-20T16:13:20.548Z
0.0646491646766662,15.985411643981934,offload,540.8071899414062,2000.0,100.0,0.0645313933491706,0.0432641506195068,0.0329889357089996,True,1.0,0.0646491646766662,resnet50,3.988532066345215,70.0,pytorch,144509.0,18.92666244506836,17.91487693786621,400.0,1.0,1.0,30.0,25.85966682434082,500.0,250212_resnet_onoffbench2.csv,0.0575510561466217,2025-03-20T16:13:20.548Z
0.0715774968266487,14.572202682495115,offload,427.9240112304688,4000.0,100.0,0.0714646503329277,0.0393109507858753,0.0396599248051643,True,1.0,0.0715774968266487,resnet50,4.046808242797852,70.0,pytorch,144509.0,16.90999412536621,16.176837921142578,400.0,1.0,1.0,30.0,28.631000518798828,500.0,250212_resnet_onoffbench2.csv,0.0661397725343704,2025-03-20T16:13:20.548Z
0.0620600022375583,16.751283645629883,offload,645.968994140625,2000.0,100.0,0.0619532242417335,0.0657504051923751,0.0306687708944082,True,3.0,0.0620600022375583,resnet50,4.15988302230835,70.0,pytorch,144509.0,20.3177433013916,18.660400390625,400.0,1.0,1.0,30.0,24.82400131225586,500.0,250212_resnet_onoffbench2.csv,0.0557960346341133,2025-03-20T16:13:20.548Z
0.0519024990499019,19.52263641357422,offload,1100.320068359375,2000.0,100.0,0.0518164932727813,0.071629948914051,0.0188206490129232,True,6.0,0.0519024990499019,resnet50,3.998135566711426,70.0,pytorch,144509.0,24.05415725708008,22.310888290405277,400.0,1.0,1.0,30.0,20.76099967956543,500.0,250212_resnet_onoffbench2.csv,0.0446204245090484,2025-03-20T16:13:20.548Z
0.0940750017762184,10.664175033569336,offload,448.9772033691406,4000.0,100.0,0.0939919650554657,0.045971855521202,0.0540255010128021,True,1.0,0.0940750017762184,resnet50,4.26563024520874,70.0,pytorch,144509.0,12.948559761047363,12.299689292907717,400.0,1.0,1.0,15.0,37.630001068115234,500.0,250212_resnet_onoffbench2.csv,0.0821724981069564,2025-03-20T16:13:20.548Z
0.1072491705417633,9.435559272766112,offload,483.7756958007813,4000.0,100.0,0.1071657985448837,0.0451495945453643,0.0686575248837471,True,3.0,0.1072491705417633,resnet50,4.012048721313477,70.0,pytorch,144509.0,11.549030303955078,10.78769588470459,400.0,1.0,1.0,15.0,42.89966583251953,500.0,250212_resnet_onoffbench2.csv,0.1006114035844802,2025-03-20T16:13:20.548Z
0.09026750177145,11.080625534057615,offload,607.0286865234375,2000.0,100.0,0.0901797860860824,0.0473235771059989,0.050278715789318,True,3.0,0.09026750177145,resnet50,4.28437614440918,70.0,pytorch,144509.0,13.876663208007812,12.819636344909668,400.0,1.0,1.0,15.0,36.10699844360352,500.0,250212_resnet_onoffbench2.csv,0.0778210386633873,2025-03-20T16:13:20.548Z
0.0948891639709472,10.549850463867188,offload,411.9433288574219,2000.0,100.0,0.094815656542778,0.0452197454869747,0.0564352050423622,True,1.0,0.0948891639709472,resnet50,3.962836980819702,70.0,pytorch,144509.0,13.003252029418944,12.192838668823242,400.0,1.0,1.0,15.0,37.955665588378906,500.0,250212_resnet_onoffbench2.csv,0.0879579782485961,2025-03-20T16:13:20.548Z
0.1087749972939491,9.263916969299316,offload,671.5361328125,2000.0,100.0,0.1086881458759307,0.0683825016021728,0.0673149600625038,True,6.0,0.1087749972939491,resnet50,3.967866897583008,70.0,pytorch,144509.0,11.76840877532959,10.6365966796875,400.0,1.0,1.0,15.0,43.5099983215332,500.0,250212_resnet_onoffbench2.csv,0.1016426011919975,2025-03-20T16:13:20.548Z
0.1115549951791763,9.036449432373049,offload,653.9642333984375,4000.0,100.0,0.1114633753895759,0.0384351760149002,0.070849135518074,True,6.0,0.1115549951791763,resnet50,4.131575107574463,70.0,pytorch,144509.0,11.3589448928833,10.371766090393066,400.0,1.0,1.0,15.0,44.62199783325195,500.0,250212_resnet_onoffbench2.csv,0.1051153466105461,2025-03-20T16:13:20.548Z
0.1308041661977768,7.645873069763184,offload,611.917236328125,4000.0,100.0,0.1306847184896469,0.0282676257193088,0.0838758870959281,True,6.0,0.1308041661977768,resnet50,4.3649420738220215,70.0,pytorch,144509.0,9.588737487792969,8.846267700195312,400.0,1.0,1.0,10.0,52.3216667175293,500.0,250212_resnet_onoffbench2.csv,0.1167337447404861,2025-03-20T16:13:20.548Z
0.1389683336019516,7.197640895843506,offload,380.6752624511719,4000.0,100.0,0.1388957202434539,0.0345696173608303,0.0963945537805557,True,3.0,0.1389683336019516,resnet50,3.982736349105835,70.0,pytorch,144509.0,9.232966423034668,8.323308944702148,400.0,1.0,1.0,10.0,55.58733367919922,500.0,250212_resnet_onoffbench2.csv,0.1326500624418258,2025-03-20T16:13:20.548Z
0.147966668009758,6.76793909072876,offload,289.5874938964844,4000.0,100.0,0.1478796005249023,0.0324007347226142,0.1067713871598243,True,1.0,0.147966668009758,resnet50,4.082703113555908,70.0,pytorch,144509.0,8.584938049316406,7.817656993865967,400.0,1.0,1.0,10.0,59.186668395996094,500.0,250212_resnet_onoffbench2.csv,0.1423718929290771,2025-03-20T16:13:20.548Z
0.1505866646766662,6.652995586395264,offload,301.1124572753906,2000.0,100.0,0.1504832953214645,0.0283194351941347,0.1087299510836601,True,1.0,0.1505866646766662,resnet50,3.965077161788941,70.0,pytorch,144509.0,8.568431854248047,7.682394504547119,400.0,1.0,1.0,10.0,60.23466491699219,500.0,250212_resnet_onoffbench2.csv,0.1436860263347625,2025-03-20T16:13:20.548Z
0.1468416601419448,6.821531295776367,offload,537.9157104492188,2000.0,100.0,0.1467666774988174,0.0390561781823635,0.1006756424903869,True,6.0,0.1468416601419448,resnet50,3.98153567314148,70.0,pytorch,144509.0,8.773993492126465,7.876938343048096,400.0,1.0,1.0,10.0,58.73666763305664,500.0,250212_resnet_onoffbench2.csv,0.139673963189125,2025-03-20T16:13:20.548Z
0.1473200023174286,6.799395084381104,offload,358.6524658203125,2000.0,100.0,0.1472465097904205,0.0317949280142784,0.1059946194291114,True,3.0,0.1473200023174286,resnet50,4.271326065063477,70.0,pytorch,144509.0,8.842778205871582,7.851269721984863,400.0,1.0,1.0,10.0,58.928001403808594,500.0,250212_resnet_onoffbench2.csv,0.1402787715196609,2025-03-20T16:13:20.548Z
0.2590291798114776,3.860636949539185,offload,213.5882568359375,4000.0,100.0,0.25894695520401,0.0190393272787332,0.2075899839401245,True,1.0,0.2590291798114776,resnet50,4.374303340911865,70.0,pytorch,144509.0,5.139795303344727,4.464512825012207,400.0,1.0,1.0,5.0,103.61166381835938,500.0,250212_resnet_onoffbench2.csv,0.2436782121658325,2025-03-20T16:13:20.548Z
0.2760341763496399,3.6237680912017822,offload,221.34799194335935,4000.0,100.0,0.2759314179420471,0.0178009681403636,0.2264236360788345,True,3.0,0.2760341763496399,resnet50,4.0462799072265625,70.0,pytorch,144509.0,4.823383331298828,4.1897077560424805,400.0,1.0,1.0,5.0,110.41366577148438,500.0,250212_resnet_onoffbench2.csv,0.2702995538711548,2025-03-20T16:13:20.548Z
0.2756733298301697,3.628164291381836,offload,322.0867614746094,2000.0,100.0,0.2755892872810364,0.0294644404202699,0.2226607501506805,True,6.0,0.2756733298301697,resnet50,4.160899639129639,70.0,pytorch,144509.0,4.749609470367432,4.19490909576416,400.0,1.0,1.0,5.0,110.2693328857422,500.0,250212_resnet_onoffbench2.csv,0.2688216269016266,2025-03-20T16:13:20.548Z
0.2595408260822296,3.853032112121582,offload,263.49859619140625,2000.0,100.0,0.2594598829746246,0.0190954506397247,0.2072790265083313,True,3.0,0.2595408260822296,resnet50,4.451131820678711,70.0,pytorch,144509.0,5.155810356140137,4.455686569213867,400.0,1.0,1.0,5.0,103.81632995605467,500.0,250212_resnet_onoffbench2.csv,0.2444028854370117,2025-03-20T16:13:20.548Z
0.2701341509819031,3.701927423477173,offload,186.8551177978516,2000.0,100.0,0.2700652480125427,0.0226138290017843,0.2214069217443466,True,1.0,0.2701341509819031,resnet50,4.038433074951172,70.0,pytorch,144509.0,4.839393615722656,4.2807135581970215,400.0,1.0,1.0,5.0,108.0536651611328,500.0,250212_resnet_onoffbench2.csv,0.2637832462787628,2025-03-20T16:13:20.548Z
0.2739491760730743,3.6507534980773926,offload,342.6619567871094,4000.0,100.0,0.2738783359527588,0.0192299168556928,0.2216040194034576,True,6.0,0.2739491760730743,resnet50,4.309942245483398,70.0,pytorch,144509.0,4.8960394859313965,4.221115112304688,400.0,1.0,1.0,5.0,109.57966613769533,500.0,250212_resnet_onoffbench2.csv,0.2669427394866943,2025-03-20T16:13:20.548Z
0.432387501001358,2.312770128250122,offload,235.09524536132807,4000.0,100.0,0.432262510061264,0.015595537610352,0.3735668957233429,True,6.0,0.432387501001358,resnet50,4.457183837890625,70.0,pytorch,144509.0,3.20276403427124,2.6744673252105717,400.0,1.0,1.0,3.0,172.9550018310547,500.0,250212_resnet_onoffbench2.csv,0.4160307645797729,2025-03-20T16:13:20.548Z
0.4505291879177093,2.2196507453918457,offload,124.93777465820312,2000.0,100.0,0.4503740072250366,0.0129061676561832,0.3975626826286316,True,1.0,0.4505291879177093,resnet50,4.085855484008789,70.0,pytorch,144509.0,3.104155302047729,2.566915512084961,400.0,1.0,1.0,3.0,180.211669921875,500.0,250212_resnet_onoffbench2.csv,0.4444800615310669,2025-03-20T16:13:20.548Z
0.4536716639995575,2.204291343688965,offload,119.48536682128906,4000.0,100.0,0.4535823166370392,0.0178473945707082,0.3999404311180115,True,1.0,0.4536716639995575,resnet50,4.287234783172607,70.0,pytorch,144509.0,3.118353366851806,2.5487589836120605,400.0,1.0,1.0,3.0,181.4686737060547,500.0,250212_resnet_onoffbench2.csv,0.4480835199356079,2025-03-20T16:13:20.548Z
0.444070816040039,2.2522380352020264,offload,154.5092315673828,4000.0,100.0,0.4439561367034912,0.0153229357674717,0.3902701735496521,True,3.0,0.444070816040039,resnet50,4.0259199142456055,70.0,pytorch,144509.0,3.1863954067230225,2.604022979736328,400.0,1.0,1.0,3.0,177.62832641601562,500.0,250212_resnet_onoffbench2.csv,0.4389783143997192,2025-03-20T16:13:20.548Z
0.4515275061130523,2.214752674102783,offload,148.1898193359375,2000.0,100.0,0.45146045088768,0.0145218549296259,0.3992721140384674,True,3.0,0.4515275061130523,resnet50,4.34769868850708,70.0,pytorch,144509.0,3.174213409423828,2.5607383251190186,400.0,1.0,1.0,3.0,180.61099243164065,500.0,250212_resnet_onoffbench2.csv,0.4448577761650085,2025-03-20T16:13:20.548Z
0.4406949877738952,2.269184827804565,offload,221.39085388183597,2000.0,100.0,0.4405972361564636,0.0159366261214017,0.3836126029491424,True,6.0,0.4406949877738952,resnet50,3.984601259231568,70.0,pytorch,144509.0,3.1796042919158936,2.62387490272522,400.0,1.0,1.0,3.0,176.2779998779297,500.0,250212_resnet_onoffbench2.csv,0.43466317653656,2025-03-20T16:13:20.548Z
1.3076483011245728,0.7647327780723572,offload,48.93313217163086,4000.0,100.0,1.3075658082962036,0.0094924680888652,1.2480580806732178,True,1.0,1.3076483011245728,resnet50,4.346249580383301,70.0,pytorch,144509.0,1.1286760568618774,0.8841405510902405,400.0,1.0,1.0,1.0,523.059326171875,500.0,250212_resnet_onoffbench2.csv,1.290963888168335,2025-03-20T16:13:20.548Z
1.3706507682800293,0.729587733745575,offload,53.57625198364258,4000.0,100.0,1.3705779314041138,0.009178846143186,1.3111813068389893,True,3.0,1.3706507682800293,resnet50,3.951350927352905,70.0,pytorch,144509.0,1.08343243598938,0.843492329120636,400.0,1.0,1.0,1.0,548.2603149414062,500.0,250212_resnet_onoffbench2.csv,1.363871932029724,2025-03-20T16:13:20.548Z
1.3059974908828735,0.7657036781311035,offload,56.80554962158203,2000.0,100.0,1.3059104681015017,0.0874352380633354,1.2259339094161987,True,3.0,1.3059974908828735,resnet50,4.57608699798584,70.0,pytorch,144509.0,1.129315972328186,0.8852612972259521,400.0,1.0,1.0,1.0,522.3989868164062,500.0,250212_resnet_onoffbench2.csv,1.2886697053909302,2025-03-20T16:13:20.548Z
1.343638300895691,0.7442483901977539,offload,44.94728088378906,2000.0,100.0,1.3435360193252563,0.0864625126123428,1.267783522605896,True,1.0,1.343638300895691,resnet50,4.009034156799316,70.0,pytorch,144509.0,1.103150486946106,0.8604696989059448,400.0,1.0,1.0,1.0,537.455322265625,500.0,250212_resnet_onoffbench2.csv,1.3371127843856812,2025-03-20T16:13:20.548Z
1.3734233379364014,0.7281316518783569,offload,77.64018249511719,2000.0,100.0,1.3733408451080322,0.0762255564332008,1.2899770736694336,True,6.0,1.3734233379364014,resnet50,4.048896312713623,70.0,pytorch,144509.0,1.0866161584854126,0.8417953848838806,400.0,1.0,1.0,1.0,549.3693237304688,500.0,250212_resnet_onoffbench2.csv,1.3668007850646973,2025-03-20T16:13:20.548Z
1.3873900175094604,0.7207847833633423,offload,82.28041076660156,4000.0,100.0,1.3872870206832886,0.078303039073944,1.304568648338318,True,6.0,1.3873900175094604,resnet50,4.318270206451416,70.0,pytorch,144509.0,1.0807387828826904,0.8333329558372498,400.0,1.0,1.0,1.0,554.9559936523438,500.0,250212_resnet_onoffbench2.csv,1.380451798439026,2025-03-20T16:13:20.548Z
0.0291116666048765,34.74921798706055,offload,1287.6815185546875,4000.0,70.0,0.0290010757744312,1.2432223558425903,0.0027893332298845,True,6.0,0.0291116666048765,resnet50,4.523035049438477,70.0,pytorch,44053.38671875,11.837913513183594,12.15220832824707,400.0,1.0,1.0,70.0,11.64466667175293,500.0,250212_resnet_onoffbench2.csv,0.0109286280348896,2025-03-20T16:13:20.548Z
0.0230525005608797,43.65357971191406,offload,919.8272705078124,2000.0,70.0,0.0229599382728338,1.6981879472732544,0.000982645433396101,True,1.0,0.0230525005608797,resnet50,4.037172794342041,70.0,pytorch,44053.38671875,16.211040496826172,15.349653244018556,400.0,1.0,1.0,70.0,9.220999717712402,500.0,250212_resnet_onoffbench2.csv,0.0089996121823787,2025-03-20T16:13:20.548Z
0.0216349996626377,46.34606552124024,offload,839.6895751953125,4000.0,70.0,0.0215102098882198,1.000305414199829,0.0004464596277102828,True,1.0,0.0216349996626377,resnet50,4.2649006843566895,70.0,pytorch,44053.38671875,17.11231231689453,16.38417625427246,400.0,1.0,1.0,70.0,8.654000282287598,500.0,250212_resnet_onoffbench2.csv,0.0120185017585754,2025-03-20T16:13:20.548Z
0.0216450002044439,46.336551666259766,offload,993.0714721679688,4000.0,70.0,0.0215068161487579,1.2452064752578735,0.00039145350456237793,True,3.0,0.0216450002044439,resnet50,4.088315486907959,70.0,pytorch,44053.38671875,12.9452543258667,16.386762619018555,400.0,1.0,1.0,70.0,8.657999992370605,500.0,250212_resnet_onoffbench2.csv,0.0081411432474851,2025-03-20T16:13:20.548Z
0.0219649989157915,45.73493957519531,offload,1241.8248291015625,2000.0,70.0,0.0218324847519397,1.025699257850647,0.0010613705962896,True,3.0,0.0219649989157915,resnet50,4.191944599151611,70.0,pytorch,44053.38671875,15.584590911865234,16.14232635498047,400.0,1.0,1.0,70.0,8.78600025177002,500.0,250212_resnet_onoffbench2.csv,0.0113009139895439,2025-03-20T16:13:20.548Z
0.0216466672718524,46.20412826538086,offload,1058.779296875,4000.0,70.0,0.0215306747704744,1.3711366653442385,0.0003333487256895751,True,3.0,0.0216466672718524,resnet50,3.831465721130371,70.0,pytorch,44053.38671875,17.588178634643555,16.36860466003418,400.0,1.0,1.0,30.0,8.658666610717773,500.0,250212_resnet_onoffbench2.csv,0.0109354360029101,2025-03-20T16:13:20.548Z
0.0274891667068004,37.12438201904297,offload,1631.1395263671875,2000.0,70.0,0.0273674093186855,1.808881759643555,0.0004884481313638389,True,6.0,0.0274891667068004,resnet50,3.829610109329224,70.0,pytorch,44053.38671875,13.862470626831056,12.877619743347168,400.0,1.0,1.0,70.0,10.99566650390625,500.0,250212_resnet_onoffbench2.csv,0.0104366652667522,2025-03-20T16:13:20.548Z
0.0251349993050098,39.9154167175293,offload,807.96826171875,4000.0,70.0,0.0250291358679533,0.6076840758323669,0.0024617684539407,True,1.0,0.0251349993050098,resnet50,4.305071830749512,70.0,pytorch,44053.38671875,13.89999008178711,14.080674171447754,400.0,1.0,1.0,30.0,10.053999900817873,500.0,250212_resnet_onoffbench2.csv,0.0108336498960852,2025-03-20T16:13:20.548Z
0.0213458333164453,46.85529327392578,offload,813.239013671875,2000.0,70.0,0.021230524405837,1.0753889083862305,9.8490716482047e-05,True,1.0,0.0213458333164453,resnet50,3.862542390823364,70.0,pytorch,44053.38671875,15.728833198547363,16.600019454956055,400.0,1.0,1.0,30.0,8.53833293914795,500.0,250212_resnet_onoffbench2.csv,0.0094597209244966,2025-03-20T16:13:20.548Z
0.0230099987238645,43.5125846862793,offload,1949.5389404296875,4000.0,70.0,0.0229202173650264,1.1799845695495603,0.0003272849426139146,True,6.0,0.0230099987238645,resnet50,4.010342597961426,70.0,pytorch,44053.38671875,16.251934051513672,15.376254081726074,400.0,1.0,1.0,30.0,9.203999519348145,500.0,250212_resnet_onoffbench2.csv,0.0133294872939586,2025-03-20T16:13:20.548Z
0.0292949993163347,34.48777389526367,offload,1520.03955078125,2000.0,70.0,0.0291663240641355,2.320554494857788,0.00012838463590014726,True,6.0,0.0292949993163347,resnet50,4.01036548614502,70.0,pytorch,44053.38671875,12.851584434509276,12.083355903625488,400.0,1.0,1.0,30.0,11.718000411987305,500.0,250212_resnet_onoffbench2.csv,0.0113206915557384,2025-03-20T16:13:20.548Z
0.0256249997764825,39.08551406860352,offload,1024.8612060546875,2000.0,70.0,0.0255302991718053,0.6899289488792419,0.002629873342812,True,3.0,0.0256249997764825,resnet50,4.39373779296875,70.0,pytorch,44053.38671875,10.967190742492676,13.80426788330078,400.0,1.0,1.0,30.0,10.25,500.0,250212_resnet_onoffbench2.csv,0.0095077436417341,2025-03-20T16:13:20.548Z
0.0300500001758337,33.29045867919922,offload,1396.873291015625,4000.0,70.0,0.0299295093864202,0.2848339080810547,0.0033840192481875,True,6.0,0.0300500001758337,resnet50,4.426374435424805,70.0,pytorch,44053.38671875,12.020567893981934,11.775238037109377,400.0,1.0,1.0,15.0,12.020000457763672,500.0,250212_resnet_onoffbench2.csv,0.0185938403010368,2025-03-20T16:13:20.548Z
0.0303633324801921,33.872684478759766,offload,573.8607177734375,2000.0,70.0,0.030285321176052,0.1849228143692016,0.0064759100787341,True,1.0,0.0303633324801921,resnet50,3.851531028747559,70.0,pytorch,44053.38671875,8.39226245880127,11.63689422607422,400.0,1.0,1.0,15.0,12.145333290100098,500.0,250212_resnet_onoffbench2.csv,0.0233503095805645,2025-03-20T16:13:20.548Z
0.0289433319121599,34.638328552246094,offload,969.4215698242188,4000.0,70.0,0.0288189966231584,0.2288533300161361,0.0058465576730668,True,3.0,0.0289433319121599,resnet50,4.153717517852783,70.0,pytorch,44053.38671875,12.029723167419434,12.228985786437988,400.0,1.0,1.0,15.0,11.577333450317385,500.0,250212_resnet_onoffbench2.csv,0.0220062360167503,2025-03-20T16:13:20.548Z
0.034530833363533,29.281110763549805,offload,655.167724609375,4000.0,70.0,0.0344450734555721,0.2196059823036193,0.0100823501124978,True,1.0,0.034530833363533,resnet50,4.14090633392334,70.0,pytorch,44053.38671875,10.41958999633789,10.231568336486816,400.0,1.0,1.0,15.0,13.812333106994627,500.0,250212_resnet_onoffbench2.csv,0.0290624480694532,2025-03-20T16:13:20.548Z
0.0308416672050952,32.98799514770508,offload,618.168701171875,2000.0,70.0,0.0307195037603378,0.1826760172843933,0.0067329155281186,True,3.0,0.0308416672050952,resnet50,4.056417465209961,70.0,pytorch,44053.38671875,8.483790397644043,11.472421646118164,400.0,1.0,1.0,15.0,12.33666706085205,500.0,250212_resnet_onoffbench2.csv,0.0254584625363349,2025-03-20T16:13:20.548Z
0.0309325009584426,32.4594612121582,offload,1610.7733154296875,2000.0,70.0,0.0307867247611284,0.6643049716949463,0.001170965610072,True,6.0,0.0309325009584426,resnet50,4.106776714324951,70.0,pytorch,44053.38671875,12.507695198059082,11.447372436523438,400.0,1.0,1.0,15.0,12.373000144958496,500.0,250212_resnet_onoffbench2.csv,0.0222570914775133,2025-03-20T16:13:20.548Z
0.0394850000739097,25.333986282348636,offload,586.05615234375,4000.0,70.0,0.039382204413414,0.1358074694871902,0.0125412074849009,True,1.0,0.0394850000739097,resnet50,4.325869083404541,70.0,pytorch,44053.38671875,9.913432121276855,8.948892593383789,400.0,1.0,1.0,10.0,15.793999671936035,500.0,250212_resnet_onoffbench2.csv,0.0284309349954128,2025-03-20T16:13:20.548Z
0.048245832324028,21.194412231445312,offload,705.2166748046875,4000.0,70.0,0.0480781383812427,0.1112191379070282,0.0214149747043848,True,3.0,0.048245832324028,resnet50,3.8752923011779785,70.0,pytorch,44053.38671875,7.790857791900635,7.33029842376709,400.0,1.0,1.0,10.0,19.29833221435547,500.0,250212_resnet_onoffbench2.csv,0.0420414023101329,2025-03-20T16:13:20.548Z
0.0447758324444294,22.472471237182617,offload,1273.0841064453125,2000.0,70.0,0.0446710586547851,0.3253683149814605,0.0124391457065939,True,6.0,0.0447758324444294,resnet50,4.10331916809082,70.0,pytorch,44053.38671875,7.837777614593506,7.889382839202881,400.0,1.0,1.0,10.0,17.91033363342285,500.0,250212_resnet_onoffbench2.csv,0.0383552238345146,2025-03-20T16:13:20.548Z
0.040777500718832,24.52601432800293,offload,632.2509765625,2000.0,70.0,0.04065827652812,0.1881107836961746,0.0139679852873086,True,1.0,0.040777500718832,resnet50,3.92952036857605,70.0,pytorch,44053.38671875,9.546778678894045,8.668027877807617,400.0,1.0,1.0,10.0,16.31100082397461,500.0,250212_resnet_onoffbench2.csv,0.0343940332531929,2025-03-20T16:13:20.548Z
0.0406841672956943,24.60573005676269,offload,874.9524536132812,4000.0,70.0,0.0406141430139541,0.2387925386428833,0.0132120819762349,True,6.0,0.0406841672956943,resnet50,4.107831001281738,70.0,pytorch,44053.38671875,6.730320930480957,8.677447319030762,400.0,1.0,1.0,10.0,16.273666381835938,500.0,250212_resnet_onoffbench2.csv,0.0344374850392341,2025-03-20T16:13:20.548Z
0.0433766655623912,23.187129974365234,offload,865.7324829101562,2000.0,70.0,0.0432803481817245,0.116315521299839,0.0143889253959059,True,3.0,0.0433766655623912,resnet50,4.283464431762695,70.0,pytorch,44053.38671875,8.889595031738281,8.142889976501465,400.0,1.0,1.0,10.0,17.350666046142578,500.0,250212_resnet_onoffbench2.csv,0.0326814390718936,2025-03-20T16:13:20.548Z
0.08477583527565,11.806068420410156,offload,363.1780395507813,4000.0,70.0,0.0845035389065742,0.1017287597060203,0.0518177971243858,True,1.0,0.08477583527565,resnet50,4.09727668762207,70.0,pytorch,44053.38671875,4.741152763366699,4.170560359954834,400.0,1.0,1.0,5.0,33.91033172607422,500.0,250212_resnet_onoffbench2.csv,0.0815024673938751,2025-03-20T16:13:20.548Z
0.0832183361053466,12.019999504089355,offload,398.1890869140625,2000.0,70.0,0.0830921083688736,0.0907450392842292,0.0496435314416885,True,1.0,0.0832183361053466,resnet50,3.911267518997192,70.0,pytorch,44053.38671875,4.609660625457764,4.241402626037598,400.0,1.0,1.0,5.0,33.28733444213867,500.0,250212_resnet_onoffbench2.csv,0.0768491774797439,2025-03-20T16:13:20.548Z
0.0820191651582717,12.2251558303833,offload,512.9765014648438,4000.0,70.0,0.0819142311811447,0.0966180190443992,0.049009021371603,True,3.0,0.0820191651582717,resnet50,3.851444721221924,70.0,pytorch,44053.38671875,4.933985710144043,4.302391529083252,400.0,1.0,1.0,5.0,32.80766677856445,500.0,250212_resnet_onoffbench2.csv,0.0758663043379783,2025-03-20T16:13:20.548Z
0.0769683346152305,12.992557525634766,offload,850.83642578125,4000.0,70.0,0.0768589153885841,0.1036157831549644,0.0413475669920444,True,6.0,0.0769683346152305,resnet50,4.366824626922607,70.0,pytorch,44053.38671875,5.222897052764893,4.585376739501953,400.0,1.0,1.0,5.0,30.78733253479004,500.0,250212_resnet_onoffbench2.csv,0.0630296021699905,2025-03-20T16:13:20.548Z
0.080026663839817,12.495911598205566,offload,515.4025268554688,2000.0,70.0,0.0799235552549362,0.1743339747190475,0.0466992892324924,True,3.0,0.080026663839817,resnet50,4.1600518226623535,70.0,pytorch,44053.38671875,5.045222759246826,4.409552097320557,400.0,1.0,1.0,5.0,32.01066589355469,500.0,250212_resnet_onoffbench2.csv,0.0743451118469238,2025-03-20T16:13:20.548Z
0.0801991671323776,12.49355411529541,offload,717.072021484375,2000.0,70.0,0.0800685510039329,0.1746626645326614,0.0438053272664547,True,6.0,0.0801991671323776,resnet50,4.035839080810547,70.0,pytorch,44053.38671875,5.03483772277832,4.401566982269287,400.0,1.0,1.0,5.0,32.07966613769531,500.0,250212_resnet_onoffbench2.csv,0.0734135136008262,2025-03-20T16:13:20.548Z
0.1296583265066146,7.714534282684326,offload,302.2152709960937,4000.0,70.0,0.1295807510614395,0.0971776694059372,0.0885116606950759,True,1.0,0.1296583265066146,resnet50,4.354190349578857,70.0,pytorch,44053.38671875,3.1693224906921387,2.7197487354278564,400.0,1.0,1.0,3.0,51.86333465576172,500.0,250212_resnet_onoffbench2.csv,0.1170597001910209,2025-03-20T16:13:20.548Z
0.1329641640186309,7.522900104522705,offload,369.8787841796875,4000.0,70.0,0.1328811198472976,0.0925056114792823,0.0924872457981109,True,3.0,0.1329641640186309,resnet50,3.973110437393189,70.0,pytorch,44053.38671875,3.1396210193634038,2.652198314666748,400.0,1.0,1.0,3.0,53.1856689453125,500.0,250212_resnet_onoffbench2.csv,0.128435343503952,2025-03-20T16:13:20.548Z
0.1281691640615463,7.802655220031738,offload,391.9757385253906,2000.0,70.0,0.1280551850795745,0.0725658759474754,0.0872139185667038,True,3.0,0.1281691640615463,resnet50,4.100154876708984,70.0,pytorch,44053.38671875,3.2435877323150635,2.752150058746338,400.0,1.0,1.0,3.0,51.26766586303711,500.0,250212_resnet_onoffbench2.csv,0.1156632453203201,2025-03-20T16:13:20.548Z
0.1323616653680801,7.557344436645508,offload,291.2536926269531,2000.0,70.0,0.1322506368160247,0.0786260589957237,0.0919013619422912,True,1.0,0.1323616653680801,resnet50,4.048595905303955,70.0,pytorch,44053.38671875,3.2493011951446533,2.664842128753662,400.0,1.0,1.0,3.0,52.94466781616211,500.0,250212_resnet_onoffbench2.csv,0.1264695674180984,2025-03-20T16:13:20.548Z
0.1344333291053772,7.439735412597656,offload,559.7965698242188,2000.0,70.0,0.134316936135292,0.0885351747274398,0.0910368859767913,True,6.0,0.1344333291053772,resnet50,4.184767723083496,70.0,pytorch,44053.38671875,3.1556882858276367,2.623847007751465,400.0,1.0,1.0,3.0,53.77333068847656,500.0,250212_resnet_onoffbench2.csv,0.1284696608781814,2025-03-20T16:13:20.548Z
0.1367225050926208,7.315043449401855,offload,543.1563720703125,4000.0,70.0,0.1366165876388549,0.0721315592527389,0.0939534753561019,True,6.0,0.1367225050926208,resnet50,4.10170316696167,70.0,pytorch,44053.38671875,3.165297508239746,2.5796802043914795,400.0,1.0,1.0,3.0,54.68899917602539,500.0,250212_resnet_onoffbench2.csv,0.130968302488327,2025-03-20T16:13:20.548Z
0.3884466588497162,2.574383020401001,offload,230.1831512451172,4000.0,70.0,0.3883462846279144,0.0411866083741188,0.3345420360565185,True,6.0,0.3884466588497162,resnet50,4.318752765655518,70.0,pytorch,44053.38671875,1.1233699321746826,0.907507300376892,400.0,1.0,1.0,1.0,155.378662109375,500.0,250212_resnet_onoffbench2.csv,0.3745051026344299,2025-03-20T16:13:20.548Z
0.4008658230304718,2.494631052017212,offload,140.09400939941406,4000.0,70.0,0.4007577300071716,0.0367095880210399,0.3533855080604553,True,3.0,0.4008658230304718,resnet50,4.062615394592285,70.0,pytorch,44053.38671875,1.1186318397521973,0.8794018626213074,400.0,1.0,1.0,1.0,160.34632873535156,500.0,250212_resnet_onoffbench2.csv,0.3955395221710205,2025-03-20T16:13:20.548Z
0.4084533452987671,2.4483182430267334,offload,112.12937927246094,2000.0,70.0,0.4083781838417053,0.0379626378417015,0.3611091375350952,True,1.0,0.4084533452987671,resnet50,4.154621124267578,70.0,pytorch,44053.38671875,1.1067761182785034,0.862991988658905,400.0,1.0,1.0,1.0,163.38133239746094,500.0,250212_resnet_onoffbench2.csv,0.4022586345672607,2025-03-20T16:13:20.548Z
0.4125808477401733,2.423781156539917,offload,112.87321472167967,4000.0,70.0,0.4125038087368011,0.0388857498764991,0.3664117455482483,True,1.0,0.4125808477401733,resnet50,4.257416725158691,70.0,pytorch,44053.38671875,1.103941798210144,0.854360818862915,400.0,1.0,1.0,1.0,165.03233337402344,500.0,250212_resnet_onoffbench2.csv,0.4070022702217102,2025-03-20T16:13:20.548Z
0.0250958334654569,40.0474967956543,offload,814.3718872070312,4000.0,40.0,0.0249924696981906,0.8107752799987793,0.0030774953775107,True,1.0,0.0250958334654569,resnet50,4.37863302230835,70.0,pytorch,27287.087890625,9.09226894378662,8.734498977661133,400.0,1.0,1.0,70.0,10.03833293914795,500.0,250212_resnet_onoffbench2.csv,0.0073664183728396,2025-03-20T16:13:20.548Z
0.3984816670417785,2.5096304416656494,offload,220.11099243164065,2000.0,70.0,0.3984056413173675,0.0560618564486503,0.3472663760185241,True,6.0,0.3984816670417785,resnet50,4.08864688873291,70.0,pytorch,44053.38671875,1.1206166744232178,0.8845936059951782,400.0,1.0,1.0,1.0,159.39266967773438,500.0,250212_resnet_onoffbench2.csv,0.3940058052539825,2025-03-20T16:13:20.548Z
0.4134266674518585,2.419064998626709,offload,137.21177673339844,2000.0,70.0,0.4133453965187073,0.0353490822017192,0.3662890195846557,True,3.0,0.4134266674518585,resnet50,4.277563571929932,70.0,pytorch,44053.38671875,1.091167688369751,0.85262131690979,400.0,1.0,1.0,1.0,165.37066650390625,500.0,250212_resnet_onoffbench2.csv,0.4074637591838836,2025-03-20T16:13:20.548Z
0.0202008318156003,49.50444412231445,offload,991.4790649414062,2000.0,40.0,0.0200533811002969,1.2434391975402832,0.00013776520790997893,True,1.0,0.0202008318156003,resnet50,3.965699195861816,70.0,pytorch,27287.087890625,11.321657180786133,10.885780334472656,400.0,1.0,1.0,70.0,8.08033275604248,500.0,250212_resnet_onoffbench2.csv,0.005368601065129,2025-03-20T16:13:20.548Z
0.0257450006902217,38.87547302246094,offload,1064.682861328125,2000.0,40.0,0.0255920961499214,1.158535122871399,0.002605348592624,True,3.0,0.0257450006902217,resnet50,4.3464860916137695,70.0,pytorch,27287.087890625,8.892464637756348,8.529848098754883,400.0,1.0,1.0,70.0,10.29800033569336,500.0,250212_resnet_onoffbench2.csv,0.0065395627170801,2025-03-20T16:13:20.548Z
0.0276416651904582,36.24644088745117,offload,1484.9534912109375,2000.0,40.0,0.0274813752621412,2.439335584640503,8.721907943254337e-05,True,6.0,0.0276416651904582,resnet50,4.060571670532227,70.0,pytorch,27287.087890625,8.323575019836426,7.943441867828369,400.0,1.0,1.0,70.0,11.056666374206545,500.0,250212_resnet_onoffbench2.csv,0.0065108020789921,2025-03-20T16:13:20.548Z
0.0223850011825561,44.80570983886719,offload,1765.466552734375,4000.0,40.0,0.0222910400480031,1.82673454284668,8.561014692531899e-05,True,6.0,0.0223850011825561,resnet50,4.264069557189941,70.0,pytorch,27287.087890625,10.28419303894043,9.793025016784668,400.0,1.0,1.0,70.0,8.954000473022461,500.0,250212_resnet_onoffbench2.csv,0.007026357576251,2025-03-20T16:13:20.548Z
0.0202116668224334,49.50380325317383,offload,771.4015502929688,4000.0,40.0,0.0201112199574708,1.376675367355347,7.366100908257067e-05,True,3.0,0.0202116668224334,resnet50,4.006764888763428,70.0,pytorch,27287.087890625,11.456621170043944,10.854474067687988,400.0,1.0,1.0,30.0,8.084667205810547,500.0,250212_resnet_onoffbench2.csv,0.0059683863073587,2025-03-20T16:13:20.548Z
0.0272508338093757,36.72052764892578,offload,1213.949951171875,4000.0,40.0,0.0271388478577137,0.9933136105537416,0.002620032057166,True,6.0,0.0272508338093757,resnet50,4.399177074432373,70.0,pytorch,27287.087890625,8.426737785339355,8.04369831085205,400.0,1.0,1.0,30.0,10.900333404541016,500.0,250212_resnet_onoffbench2.csv,0.0073914285749197,2025-03-20T16:13:20.548Z
0.0212324988096952,47.20645904541016,offload,860.7171630859375,2000.0,40.0,0.021102737635374,1.4983826875686646,0.0003838402044493705,True,1.0,0.0212324988096952,resnet50,3.845457553863525,70.0,pytorch,27287.087890625,11.043085098266602,10.344472885131836,400.0,1.0,1.0,30.0,8.493000030517578,500.0,250212_resnet_onoffbench2.csv,0.0060182395391166,2025-03-20T16:13:20.548Z
0.0207275003194808,48.29399108886719,offload,894.4393920898438,4000.0,40.0,0.0206330176442861,1.171439290046692,0.000471504929009825,True,1.0,0.0207275003194808,resnet50,4.217391490936279,70.0,pytorch,27287.087890625,10.86066436767578,10.57996940612793,400.0,1.0,1.0,30.0,8.291000366210938,500.0,250212_resnet_onoffbench2.csv,0.0083574280142784,2025-03-20T16:13:20.548Z
0.020751666277647,48.28511047363281,offload,820.0001831054688,2000.0,40.0,0.0206495448946952,1.6374802589416504,0.00030883352155797184,True,3.0,0.020751666277647,resnet50,3.902109622955322,70.0,pytorch,27287.087890625,11.167914390563965,10.57150173187256,400.0,1.0,1.0,30.0,8.300666809082031,500.0,250212_resnet_onoffbench2.csv,0.0074561261571943,2025-03-20T16:13:20.548Z
0.0287933330982923,35.06915283203125,offload,1301.28564453125,2000.0,40.0,0.0287057310342788,2.5612871646881104,0.0002842545509338379,True,6.0,0.0287933330982923,resnet50,3.8655526638031006,70.0,pytorch,27287.087890625,8.180500984191895,7.604638576507568,400.0,1.0,1.0,30.0,11.517333030700684,500.0,250212_resnet_onoffbench2.csv,0.007770275697112,2025-03-20T16:13:20.548Z
0.0241166669875383,41.53421401977539,offload,1135.3255615234375,4000.0,40.0,0.0240092556923627,0.800586462020874,0.0013520276406779,True,3.0,0.0241166669875383,resnet50,3.89743709564209,70.0,pytorch,27287.087890625,6.472546100616455,9.09218978881836,400.0,1.0,1.0,15.0,9.646666526794434,500.0,250212_resnet_onoffbench2.csv,0.0132187521085143,2025-03-20T16:13:20.548Z
0.0245658326894044,40.7322998046875,offload,682.1007080078125,4000.0,40.0,0.0244362372905015,0.5432877540588379,0.0022776778787374,True,1.0,0.0245658326894044,resnet50,4.364758491516113,70.0,pytorch,27287.087890625,9.590394973754885,8.933319091796875,400.0,1.0,1.0,15.0,9.826333045959473,500.0,250212_resnet_onoffbench2.csv,0.0109201446175575,2025-03-20T16:13:20.548Z
0.02863166667521,40.007286071777344,offload,779.2724609375,2000.0,40.0,0.0285612232983112,0.7187197208404541,0.0001617568777874112,True,1.0,0.02863166667521,resnet50,3.91139817237854,70.0,pytorch,27287.087890625,9.324932098388672,7.643114566802978,400.0,1.0,1.0,15.0,11.452666282653809,500.0,250212_resnet_onoffbench2.csv,0.0113207791000604,2025-03-20T16:13:20.548Z
0.0319525003433227,31.67665672302246,offload,1668.9005126953125,2000.0,40.0,0.0317780449986457,2.51309585571289,0.0017127564642578,True,6.0,0.0319525003433227,resnet50,3.915635108947754,70.0,pytorch,27287.087890625,6.714259147644043,6.869419097900391,400.0,1.0,1.0,15.0,12.781000137329102,500.0,250212_resnet_onoffbench2.csv,0.0153403291478753,2025-03-20T16:13:20.548Z
0.0261533334851264,38.37855911254883,offload,1190.923828125,2000.0,40.0,0.0260241106152534,0.5637261271476746,0.0028320632409304,True,3.0,0.0261533334851264,resnet50,4.37009859085083,70.0,pytorch,27287.087890625,9.07034397125244,8.388248443603516,400.0,1.0,1.0,15.0,10.461333274841309,500.0,250212_resnet_onoffbench2.csv,0.0115087106823921,2025-03-20T16:13:20.548Z
0.0219908338040113,45.50574493408203,offload,1737.442626953125,4000.0,40.0,0.02186194434762,1.0347779989242554,9.8671909654513e-05,True,6.0,0.0219908338040113,resnet50,4.08804178237915,70.0,pytorch,27287.087890625,10.755663871765137,9.985237121582031,400.0,1.0,1.0,15.0,8.796333312988281,500.0,250212_resnet_onoffbench2.csv,0.0111712710931897,2025-03-20T16:13:20.548Z
0.0265141669660806,37.75110626220703,offload,766.1860961914062,2000.0,40.0,0.0260221771895885,0.2632618248462677,0.0034520630724728,True,1.0,0.0265141669660806,resnet50,3.934276819229126,70.0,pytorch,27287.087890625,8.304139137268066,8.388872146606445,400.0,1.0,1.0,10.0,10.605667114257812,500.0,250212_resnet_onoffbench2.csv,0.0189491100609302,2025-03-20T16:13:20.548Z
0.0277366675436496,36.39535140991211,offload,1228.1612548828125,4000.0,40.0,0.0252443440258502,0.3218327760696411,0.0032284967601299,True,3.0,0.0277366675436496,resnet50,4.080690383911133,70.0,pytorch,27287.087890625,7.914918422698975,8.647351264953613,400.0,1.0,1.0,10.0,11.094666481018066,500.0,250212_resnet_onoffbench2.csv,0.0192833002656698,2025-03-20T16:13:20.548Z
0.0300900004804134,33.704978942871094,offload,1788.3905029296875,4000.0,40.0,0.0299564842134714,0.4038684070110321,0.0023439938668161,True,6.0,0.0300900004804134,resnet50,4.305671691894531,70.0,pytorch,27287.087890625,8.068812370300293,7.287127017974853,400.0,1.0,1.0,10.0,12.03600025177002,500.0,250212_resnet_onoffbench2.csv,0.0162116307765245,2025-03-20T16:13:20.548Z
0.0380499996244907,30.60267448425293,offload,551.5308837890625,4000.0,40.0,0.0377547070384025,0.70810866355896,0.0045054657384753,True,1.0,0.0380499996244907,resnet50,4.204481601715088,70.0,pytorch,27287.087890625,6.323236465454102,5.781973361968994,400.0,1.0,1.0,10.0,15.220000267028809,500.0,250212_resnet_onoffbench2.csv,0.0204827040433883,2025-03-20T16:13:20.548Z
0.0259899999946355,38.75591659545898,offload,1084.17578125,2000.0,40.0,0.0258778072893619,0.2961133420467376,0.0042125997133553,True,3.0,0.0259899999946355,resnet50,4.106372356414795,70.0,pytorch,27287.087890625,9.163811683654783,8.435672760009766,400.0,1.0,1.0,10.0,10.395999908447266,500.0,250212_resnet_onoffbench2.csv,0.0193033702671527,2025-03-20T16:13:20.548Z
0.0259808339178562,38.56705093383789,offload,1772.4920654296875,2000.0,40.0,0.0258604623377323,0.8621200323104858,0.00047062995145097375,True,6.0,0.0259808339178562,resnet50,3.943244218826294,70.0,pytorch,27287.087890625,9.299861907958984,8.441329956054688,400.0,1.0,1.0,10.0,10.392333030700684,500.0,250212_resnet_onoffbench2.csv,0.0175491031259298,2025-03-20T16:13:20.548Z
0.0496474988758564,20.142810821533203,offload,732.7523803710938,4000.0,40.0,0.0495452210307121,0.1845845133066177,0.0197975281625986,True,3.0,0.0496474988758564,resnet50,3.8341238498687744,70.0,pytorch,27287.087890625,4.611588954925537,4.406009197235107,400.0,1.0,1.0,5.0,19.858999252319336,500.0,250212_resnet_onoffbench2.csv,0.0427658148109912,2025-03-20T16:13:20.548Z
0.0467766672372818,21.38075065612793,offload,575.5863647460938,4000.0,40.0,0.0466549508273601,0.1647572964429855,0.0168470721691846,True,1.0,0.0467766672372818,resnet50,4.413878440856934,70.0,pytorch,27287.087890625,5.131145000457764,4.678961277008057,400.0,1.0,1.0,5.0,18.71066665649414,500.0,250212_resnet_onoffbench2.csv,0.0357510522007942,2025-03-20T16:13:20.548Z
0.0482241660356521,20.737207412719727,offload,1100.8525390625,4000.0,40.0,0.0481259040534496,0.196444422006607,0.0190605651587247,True,6.0,0.0482241660356521,resnet50,4.23838472366333,70.0,pytorch,27287.087890625,4.939988613128662,4.535950183868408,400.0,1.0,1.0,5.0,19.2896671295166,500.0,250212_resnet_onoffbench2.csv,0.0440312661230564,2025-03-20T16:13:20.548Z
0.0478608347475528,20.906587600708008,offload,554.052978515625,2000.0,40.0,0.0477625094354152,0.1361550539731979,0.0202978700399398,True,1.0,0.0478608347475528,resnet50,3.9186549186706543,70.0,pytorch,27287.087890625,4.961580753326416,4.570461273193359,400.0,1.0,1.0,5.0,19.144332885742188,500.0,250212_resnet_onoffbench2.csv,0.0424463525414466,2025-03-20T16:13:20.548Z
0.0467641651630401,21.38661193847656,offload,814.1465454101562,2000.0,40.0,0.0466427467763423,0.1463070511817932,0.0180206224322319,True,3.0,0.0467641651630401,resnet50,4.278544425964356,70.0,pytorch,27287.087890625,5.3373188972473145,4.680185317993164,400.0,1.0,1.0,5.0,18.705665588378903,500.0,250212_resnet_onoffbench2.csv,0.0354368425905704,2025-03-20T16:13:20.548Z
0.0507558323442935,19.750200271606445,offload,1122.955810546875,2000.0,40.0,0.0505910813808441,0.2374898046255111,0.0180852953344583,True,6.0,0.0507558323442935,resnet50,3.967529535293579,70.0,pytorch,27287.087890625,5.003378391265869,4.314924716949463,400.0,1.0,1.0,5.0,20.30233383178711,500.0,250212_resnet_onoffbench2.csv,0.0440445095300674,2025-03-20T16:13:20.548Z
0.0807449966669082,12.384831428527832,offload,555.8629760742188,4000.0,40.0,0.0806527286767959,0.1169429942965507,0.0445467382669448,True,3.0,0.0807449966669082,resnet50,3.9936771392822266,70.0,pytorch,27287.087890625,3.2993781566619877,2.706624984741211,400.0,1.0,1.0,3.0,32.29800033569336,500.0,250212_resnet_onoffbench2.csv,0.0762879848480224,2025-03-20T16:13:20.548Z
0.0820331275463104,12.19289493560791,offload,379.433349609375,2000.0,40.0,0.081775277853012,0.116651564836502,0.0477291233837604,True,1.0,0.0820331275463104,resnet50,3.895749807357788,70.0,pytorch,27287.087890625,3.1316442489624023,2.66947078704834,400.0,1.0,1.0,3.0,32.81325149536133,500.0,250212_resnet_onoffbench2.csv,0.0760928019881248,2025-03-20T16:13:20.548Z
0.0787468776106834,12.69914436340332,offload,825.9798583984375,4000.0,40.0,0.078487679362297,0.0996035858988761,0.0417956858873367,True,6.0,0.0787468776106834,resnet50,4.328066349029541,70.0,pytorch,27287.087890625,3.2503159046173096,2.7812864780426025,400.0,1.0,1.0,3.0,31.498748779296875,500.0,250212_resnet_onoffbench2.csv,0.0663880035281181,2025-03-20T16:13:20.548Z
0.0816475003957748,12.247967720031738,offload,371.8650817871094,4000.0,40.0,0.0815587863326072,0.1190832108259201,0.0474317856132984,True,1.0,0.0816475003957748,resnet50,4.465450763702393,70.0,pytorch,27287.087890625,3.2079501152038574,2.6765565872192383,400.0,1.0,1.0,3.0,32.65900039672852,500.0,250212_resnet_onoffbench2.csv,0.0759898424148559,2025-03-20T16:13:20.548Z
0.0804708302021026,12.429415702819824,offload,836.190185546875,2000.0,40.0,0.0803525000810623,0.1812851130962371,0.0416455268859863,True,6.0,0.0804708302021026,resnet50,4.047621726989746,70.0,pytorch,27287.087890625,3.234882116317749,2.716737985610962,400.0,1.0,1.0,3.0,32.188331604003906,500.0,250212_resnet_onoffbench2.csv,0.0742062777280807,2025-03-20T16:13:20.548Z
0.081698328256607,12.248289108276367,offload,515.491455078125,2000.0,40.0,0.0815690457820892,0.1284109503030777,0.0483102314174175,True,3.0,0.081698328256607,resnet50,4.249176502227783,70.0,pytorch,27287.087890625,3.217506170272827,2.676219701766968,400.0,1.0,1.0,3.0,32.6793327331543,500.0,250212_resnet_onoffbench2.csv,0.0771869122982025,2025-03-20T16:13:20.548Z
0.2467841655015945,4.052133083343506,offload,204.86959838867188,4000.0,40.0,0.2467081546783447,0.0716039910912513,0.202828049659729,True,3.0,0.2467841655015945,resnet50,4.08903169631958,70.0,pytorch,27287.087890625,1.1252224445343018,0.884837806224823,400.0,1.0,1.0,1.0,98.7136688232422,500.0,250212_resnet_onoffbench2.csv,0.2406337261199951,2025-03-20T16:13:20.548Z
0.2359258383512497,4.2389092445373535,offload,196.96966552734372,4000.0,40.0,0.2358438670635223,0.0547853372991085,0.1902611553668975,True,1.0,0.2359258383512497,resnet50,4.364914894104004,70.0,pytorch,27287.087890625,1.1605684757232666,0.9255983829498292,400.0,1.0,1.0,1.0,94.3703384399414,500.0,250212_resnet_onoffbench2.csv,0.2233319729566574,2025-03-20T16:13:20.548Z
0.2405466586351394,4.15721607208252,offload,173.59059143066406,2000.0,40.0,0.240464374423027,0.0563938654959201,0.1968579441308975,True,1.0,0.2405466586351394,resnet50,3.974412441253662,70.0,pytorch,27287.087890625,1.1304528713226318,0.9078130722045898,400.0,1.0,1.0,1.0,96.21866607666016,500.0,250212_resnet_onoffbench2.csv,0.2345188856124878,2025-03-20T16:13:20.548Z
0.2362416684627533,4.232997417449951,offload,240.8374481201172,2000.0,40.0,0.2361575812101364,0.0710763782262802,0.189474269747734,True,3.0,0.2362416684627533,resnet50,4.102066516876221,70.0,pytorch,27287.087890625,1.1736871004104614,0.9243688583374025,400.0,1.0,1.0,1.0,94.49666595458984,500.0,250212_resnet_onoffbench2.csv,0.2239060699939727,2025-03-20T16:13:20.548Z
0.2458624988794326,4.067336082458496,offload,337.5216979980469,2000.0,40.0,0.2457784116268158,0.1084385439753532,0.1956742703914642,True,6.0,0.2458624988794326,resnet50,4.09666633605957,70.0,pytorch,27287.087890625,1.10918128490448,0.8881850242614746,400.0,1.0,1.0,1.0,98.34500122070312,500.0,250212_resnet_onoffbench2.csv,0.2401297837495803,2025-03-20T16:13:20.548Z
0.2519716620445251,3.96873950958252,offload,351.92431640625,4000.0,40.0,0.2518860995769501,0.0528413243591785,0.2031547576189041,True,6.0,0.2519716620445251,resnet50,4.21046257019043,70.0,pytorch,27287.087890625,1.1164900064468384,0.8666484951972961,400.0,1.0,1.0,1.0,100.78866577148438,500.0,250212_resnet_onoffbench2.csv,0.2463513910770416,2025-03-20T16:13:20.548Z
0.0339083336293697,29.50040626525879,offload,705.7214965820312,2000.0,100.0,0.0338095277547836,0.175355464220047,0.0073383846320211,True,1.0,0.0339083336293697,resnet50,3.9665372371673584,40.0,pytorch,144509.0,28.82839775085449,34.19367218017578,400.0,1.0,1.0,70.0,13.56333351135254,500.0,250212_resnet_onoffbench2.csv,0.0258547216653823,2025-03-20T16:13:20.548Z
0.0413258336484432,24.523948669433597,offload,873.3948364257812,4000.0,100.0,0.0412000976502895,0.0686069950461387,0.0139286685734987,True,3.0,0.0413258336484432,resnet50,3.967127799987793,40.0,pytorch,144509.0,28.632789611816406,28.059934616088867,400.0,1.0,1.0,70.0,16.530332565307617,500.0,250212_resnet_onoffbench2.csv,0.0334561616182327,2025-03-20T16:13:20.548Z
0.0526266656816005,19.076324462890625,offload,947.0289306640624,4000.0,100.0,0.0525137260556221,0.0536206103861331,0.0183777213096618,True,6.0,0.0526266656816005,resnet50,4.2959980964660645,40.0,pytorch,144509.0,22.606433868408203,22.014663696289062,400.0,1.0,1.0,70.0,21.05066680908203,500.0,250212_resnet_onoffbench2.csv,0.0413387678563594,2025-03-20T16:13:20.548Z
0.0525858327746391,19.03150177001953,offload,561.1657104492188,4000.0,100.0,0.0523960180580616,0.0434842407703399,0.0216868575662374,True,1.0,0.0525858327746391,resnet50,4.239426136016846,40.0,pytorch,144509.0,22.03261375427246,22.064119338989254,400.0,1.0,1.0,70.0,21.034334182739254,500.0,250212_resnet_onoffbench2.csv,0.0454450845718383,2025-03-20T16:13:20.548Z
0.0591991655528545,16.924222946166992,offload,713.4708862304688,2000.0,100.0,0.0590830482542514,0.0603079162538051,0.0267538595944643,True,3.0,0.0591991655528545,resnet50,4.058640003204346,40.0,pytorch,144509.0,20.252355575561523,19.566898345947266,400.0,1.0,1.0,70.0,23.67966651916504,500.0,250212_resnet_onoffbench2.csv,0.0530221909284591,2025-03-20T16:13:20.548Z
0.0409641675651073,24.771730422973636,offload,1322.3428955078125,2000.0,100.0,0.0408658050000667,0.1531935036182403,0.0102369021624326,True,6.0,0.0409641675651073,resnet50,3.884725332260132,40.0,pytorch,144509.0,25.43597984313965,28.28947257995605,400.0,1.0,1.0,70.0,16.38566780090332,500.0,250212_resnet_onoffbench2.csv,0.035574335604906,2025-03-20T16:13:20.548Z
0.0579908341169357,17.49558448791504,offload,756.9971923828125,4000.0,100.0,0.0578748025000095,0.0743862241506576,0.0264382865279912,True,3.0,0.0579908341169357,resnet50,4.040931224822998,40.0,pytorch,144509.0,21.047327041625977,19.97539329528809,400.0,1.0,1.0,30.0,23.196332931518555,500.0,250212_resnet_onoffbench2.csv,0.0518487244844436,2025-03-20T16:13:20.548Z
0.052252497524023,19.39672088623047,offload,582.2285766601562,4000.0,100.0,0.0521672740578651,0.0653428062796592,0.0199338775128126,True,1.0,0.052252497524023,resnet50,4.344412326812744,40.0,pytorch,144509.0,22.576560974121094,22.160865783691406,400.0,1.0,1.0,30.0,20.900999069213867,500.0,250212_resnet_onoffbench2.csv,0.040486354380846,2025-03-20T16:13:20.548Z
0.0563741661608219,18.42569732666016,offload,748.6961059570312,2000.0,100.0,0.056252546608448,0.0810205265879631,0.0165997669100761,True,3.0,0.0563741661608219,resnet50,4.30037784576416,40.0,pytorch,144509.0,21.6890811920166,20.55146026611328,400.0,1.0,1.0,30.0,22.54966735839844,500.0,250212_resnet_onoffbench2.csv,0.0363594144582748,2025-03-20T16:13:20.548Z
0.0529625006020069,19.22870445251465,offload,1102.6121826171875,2000.0,100.0,0.0528964810073375,0.0795542746782302,0.0196040701121091,True,6.0,0.0529625006020069,resnet50,4.042747974395752,40.0,pytorch,144509.0,21.879789352416992,21.85536766052246,400.0,1.0,1.0,30.0,21.184999465942383,500.0,250212_resnet_onoffbench2.csv,0.0460776686668396,2025-03-20T16:13:20.548Z
0.0502225011587142,19.97929573059082,offload,606.5531005859375,2000.0,100.0,0.0501206703484058,0.0793653056025505,0.0201690699905157,True,1.0,0.0502225011587142,resnet50,3.91542649269104,40.0,pytorch,144509.0,22.89125633239746,23.065773010253903,400.0,1.0,1.0,30.0,20.089000701904297,500.0,250212_resnet_onoffbench2.csv,0.0428723692893981,2025-03-20T16:13:20.548Z
0.0606858320534229,16.577110290527344,offload,845.5300903320312,4000.0,100.0,0.0604085549712181,0.060904037207365,0.0271533727645874,True,6.0,0.0606858320534229,resnet50,4.125967502593994,40.0,pytorch,144509.0,20.317012786865234,19.13755416870117,400.0,1.0,1.0,30.0,24.274333953857425,500.0,250212_resnet_onoffbench2.csv,0.0527994744479656,2025-03-20T16:13:20.548Z
0.0911225005984306,11.026923179626465,offload,540.47998046875,4000.0,100.0,0.0910210758447647,0.0427833162248134,0.0530892089009285,True,3.0,0.0911225005984306,resnet50,3.8547496795654297,40.0,pytorch,144509.0,14.02413558959961,12.701146125793455,400.0,1.0,1.0,15.0,36.44900131225586,500.0,250212_resnet_onoffbench2.csv,0.0841681808233261,2025-03-20T16:13:20.548Z
0.0995491668581962,10.068214416503906,offload,407.6124572753906,4000.0,100.0,0.0994338169693946,0.048263132572174,0.0623918436467647,True,1.0,0.0995491668581962,resnet50,4.136509895324707,40.0,pytorch,144509.0,12.860217094421388,11.626547813415527,400.0,1.0,1.0,15.0,39.81966400146485,500.0,250212_resnet_onoffbench2.csv,0.0923598334193229,2025-03-20T16:13:20.548Z
0.0895491689443588,11.168213844299316,offload,789.456298828125,4000.0,100.0,0.0894592031836509,0.0464594922959804,0.0479757189750671,True,6.0,0.0895491689443588,resnet50,4.279224395751953,40.0,pytorch,144509.0,14.140963554382324,12.922896385192873,400.0,1.0,1.0,15.0,35.81966781616211,500.0,250212_resnet_onoffbench2.csv,0.0764938443899154,2025-03-20T16:13:20.548Z
0.107655830681324,9.29556655883789,offload,369.29931640625,2000.0,100.0,0.1075406894087791,0.0444523431360721,0.0704434290528297,True,1.0,0.107655830681324,resnet50,3.948997020721436,40.0,pytorch,144509.0,11.596753120422363,10.750089645385742,400.0,1.0,1.0,15.0,43.06233215332031,500.0,250212_resnet_onoffbench2.csv,0.1011356189846992,2025-03-20T16:13:20.548Z
0.1069400012493133,9.499664306640623,offload,454.2980346679688,2000.0,100.0,0.1068243980407714,0.0379461273550987,0.0689230039715766,True,3.0,0.1069400012493133,resnet50,4.183132648468018,40.0,pytorch,144509.0,12.255794525146484,10.822172164916992,400.0,1.0,1.0,15.0,42.7760009765625,500.0,250212_resnet_onoffbench2.csv,0.1005292534828186,2025-03-20T16:13:20.548Z
0.1002541705965995,9.995448112487791,offload,717.1498413085938,2000.0,100.0,0.1001698672771453,0.0434048883616924,0.058603573590517,True,6.0,0.1002541705965995,resnet50,3.9478933811187744,40.0,pytorch,144509.0,12.643706321716309,11.541114807128906,400.0,1.0,1.0,15.0,40.10166549682617,500.0,250212_resnet_onoffbench2.csv,0.0939982533454895,2025-03-20T16:13:20.548Z
0.1316341757774353,7.597382068634033,offload,365.306640625,4000.0,100.0,0.1315484642982483,0.0211474802345037,0.0870464295148849,True,1.0,0.1316341757774353,resnet50,4.143752574920654,40.0,pytorch,144509.0,9.837815284729004,8.788183212280273,400.0,1.0,1.0,10.0,52.65366744995117,500.0,250212_resnet_onoffbench2.csv,0.1191244199872016,2025-03-20T16:13:20.548Z
0.1460016667842865,6.85481595993042,offload,376.4366455078125,4000.0,100.0,0.1459133028984069,0.0340567864477634,0.1029981225728988,True,3.0,0.1460016667842865,resnet50,3.991267442703247,40.0,pytorch,144509.0,8.702744483947754,7.923006534576416,400.0,1.0,1.0,10.0,58.400665283203125,500.0,250212_resnet_onoffbench2.csv,0.13919498026371,2025-03-20T16:13:20.548Z
0.1322025060653686,7.56507682800293,offload,428.0877685546875,2000.0,100.0,0.1320633441209793,0.0324653126299381,0.087289310991764,True,3.0,0.1322025060653686,resnet50,4.282063007354736,40.0,pytorch,144509.0,9.587654113769531,8.753920555114746,400.0,1.0,1.0,10.0,52.88100051879883,500.0,250212_resnet_onoffbench2.csv,0.1192859932780265,2025-03-20T16:13:20.548Z
0.1449175029993057,6.903128147125244,offload,306.45947265625,2000.0,100.0,0.1446074694395065,0.0316321142017841,0.1026503220200538,True,1.0,0.1449175029993057,resnet50,4.080010890960693,40.0,pytorch,144509.0,8.83444881439209,7.994552612304687,400.0,1.0,1.0,10.0,57.96699905395508,500.0,250212_resnet_onoffbench2.csv,0.1382603645324707,2025-03-20T16:13:20.548Z
0.1574058383703231,6.369017601013184,offload,501.1669921875,4000.0,100.0,0.157304048538208,0.0417784042656421,0.113048106431961,True,6.0,0.1574058383703231,resnet50,4.152660369873047,40.0,pytorch,144509.0,8.2485990524292,7.349282741546631,400.0,1.0,1.0,10.0,62.96233367919922,500.0,250212_resnet_onoffbench2.csv,0.150702491402626,2025-03-20T16:13:20.548Z
0.1624458283185959,6.1879496574401855,offload,483.3272399902344,2000.0,100.0,0.1623288840055465,0.0465903878211975,0.1161271855235099,True,6.0,0.1624458283185959,resnet50,4.125889778137207,40.0,pytorch,144509.0,7.930275440216064,7.12178897857666,400.0,1.0,1.0,10.0,64.97833251953125,500.0,250212_resnet_onoffbench2.csv,0.1556791514158249,2025-03-20T16:13:20.548Z
0.2663950026035309,3.753932476043701,offload,228.2921600341797,4000.0,100.0,0.2663008272647857,0.0206546857953071,0.2174308747053146,True,3.0,0.2663950026035309,resnet50,3.9731674194335938,40.0,pytorch,144509.0,4.992879390716553,4.341226100921631,400.0,1.0,1.0,5.0,106.55799865722656,500.0,250212_resnet_onoffbench2.csv,0.2611755430698395,2025-03-20T16:13:20.548Z
0.2595316767692566,3.8531084060668954,offload,350.2311706542969,4000.0,100.0,0.2594281435012817,0.0190949570387601,0.2048902809619903,True,6.0,0.2595316767692566,resnet50,4.266531944274902,40.0,pytorch,144509.0,5.027492046356201,4.456232070922852,400.0,1.0,1.0,5.0,103.81266784667967,500.0,250212_resnet_onoffbench2.csv,0.2443275600671768,2025-03-20T16:13:20.548Z
0.2762558460235595,3.624990224838257,offload,183.7129364013672,4000.0,100.0,0.2761796712875366,0.0201013535261154,0.2281936407089233,True,1.0,0.2762558460235595,resnet50,4.146766662597656,40.0,pytorch,144509.0,4.876567363739014,4.185941696166992,400.0,1.0,1.0,5.0,110.50233459472656,500.0,250212_resnet_onoffbench2.csv,0.2710573673248291,2025-03-20T16:13:20.548Z
0.2752474844455719,3.6332173347473145,offload,187.64260864257807,2000.0,100.0,0.2751486003398895,0.0200845226645469,0.2267289608716964,True,1.0,0.2752474844455719,resnet50,4.106247425079346,40.0,pytorch,144509.0,4.901923656463623,4.201627731323242,400.0,1.0,1.0,5.0,110.0989990234375,500.0,250212_resnet_onoffbench2.csv,0.2704058289527893,2025-03-20T16:13:20.548Z
0.2863174974918365,3.499415874481201,offload,211.21728515625,2000.0,100.0,0.2862159311771393,0.0222061667591333,0.2382892966270446,True,3.0,0.2863174974918365,resnet50,4.285006046295166,40.0,pytorch,144509.0,4.682140350341797,4.039160251617432,400.0,1.0,1.0,5.0,114.5270004272461,500.0,250212_resnet_onoffbench2.csv,0.2810558974742889,2025-03-20T16:13:20.548Z
0.2057100087404251,4.985299587249756,ondevice,975.49951171875,1000.0,100.0,0.2055918425321579,30.494213104248047,0.003979058470577,False,3.0,0.2057100087404251,resnet50,0.6891208291053772,70.0,pytorch,0.0,0.0,0.0,400.0,0.0,1.0,0.0,82.28400421142578,1000.0,250212_resnet_onoffbench2.csv,0.0,2025-03-20T16:13:20.548Z
0.1660691648721695,6.022292137145996,ondevice,975.4984741210938,1000.0,40.0,0.1660078167915344,24.76665687561035,0.0044242423027753,False,1.0,0.1660691648721695,resnet50,0.9222336411476136,100.0,pytorch,0.0,0.0,0.0,400.0,0.0,1.0,0.0,66.42766571044922,1000.0,250212_resnet_onoffbench2.csv,0.0,2025-03-20T16:13:20.548Z
0.2165533304214477,4.7817583084106445,ondevice,973.0667724609376,1000.0,100.0,0.21647609770298,32.076263427734375,0.0042746192775666,False,3.0,0.2165533304214477,resnet50,0.8876549601554871,100.0,pytorch,0.0,0.0,0.0,400.0,0.0,1.0,0.0,86.62133026123047,1000.0,250212_resnet_onoffbench2.csv,0.0,2025-03-20T16:13:20.548Z
0.1741866618394851,5.843827724456787,ondevice,911.3976440429688,1000.0,70.0,0.1741383522748947,25.800870895385746,0.0031589292921125,False,3.0,0.1741866618394851,resnet50,0.4856187403202057,70.0,pytorch,0.0,0.0,0.0,400.0,0.0,1.0,0.0,69.67466735839844,1000.0,250212_resnet_onoffbench2.csv,0.0,2025-03-20T16:13:20.548Z
0.1661724895238876,6.017932891845703,ondevice,968.6317138671876,1000.0,70.0,0.1661128848791122,24.9630184173584,0.0042847665026783,False,1.0,0.1661724895238876,resnet50,0.8513623476028442,100.0,pytorch,0.0,0.0,0.0,400.0,0.0,1.0,0.0,66.46900177001953,1000.0,250212_resnet_onoffbench2.csv,0.0,2025-03-20T16:13:20.548Z
0.206211656332016,5.045167922973633,ondevice,970.0008544921876,1000.0,70.0,0.206145703792572,30.63834381103516,0.0035733308177441,False,6.0,0.206211656332016,resnet50,0.7904868125915527,100.0,pytorch,0.0,0.0,0.0,400.0,0.0,1.0,0.0,82.48466491699219,1000.0,250212_resnet_onoffbench2.csv,0.0,2025-03-20T16:13:20.548Z
0.1944458335638046,5.219437122344971,ondevice,981.1212768554688,1000.0,70.0,0.1943828761577606,28.68858528137207,0.0031204405240714,False,6.0,0.1944458335638046,resnet50,0.7650399208068848,70.0,pytorch,0.0,0.0,0.0,400.0,0.0,1.0,0.0,77.77833557128906,1000.0,250212_resnet_onoffbench2.csv,0.0,2025-03-20T16:13:20.548Z
0.1956691592931747,5.253303050994873,ondevice,977.238037109375,1000.0,100.0,0.1955934017896652,28.919174194335938,0.0030509999487549,False,1.0,0.1956691592931747,resnet50,0.5523077845573425,70.0,pytorch,0.0,0.0,0.0,400.0,0.0,1.0,0.0,78.26766967773438,1000.0,250212_resnet_onoffbench2.csv,0.0,2025-03-20T16:13:20.548Z
0.2135508358478546,4.682807445526123,ondevice,895.2234497070312,1000.0,70.0,0.2134769409894943,31.7647705078125,0.0022383474279195,False,1.0,0.2135508358478546,resnet50,0.4779721796512604,70.0,pytorch,0.0,0.0,0.0,400.0,0.0,1.0,0.0,85.42033386230469,1000.0,250212_resnet_onoffbench2.csv,0.0,2025-03-20T16:13:20.548Z
0.2097350060939788,4.933347702026367,ondevice,986.819091796875,1000.0,40.0,0.2096673548221588,31.08708381652832,0.0040343469008803,False,3.0,0.2097350060939788,resnet50,0.5697283148765564,100.0,pytorch,0.0,0.0,0.0,400.0,0.0,1.0,0.0,83.89400482177734,1000.0,250212_resnet_onoffbench2.csv,0.0,2025-03-20T16:13:20.548Z
0.2250483185052871,4.5878071784973145,ondevice,938.6189575195312,1000.0,100.0,0.2249739319086074,33.45267105102539,0.0031163089442998,False,1.0,0.2250483185052871,resnet50,0.5611029267311096,100.0,pytorch,0.0,0.0,0.0,400.0,0.0,1.0,0.0,90.01933288574219,1000.0,250212_resnet_onoffbench2.csv,0.0,2025-03-20T16:13:20.548Z
0.2146841585636139,4.844213485717773,ondevice,958.427490234375,1000.0,70.0,0.2146134823560714,31.996414184570312,0.0043450999073684,False,3.0,0.2146841585636139,resnet50,0.8816977143287659,100.0,pytorch,0.0,0.0,0.0,400.0,0.0,1.0,0.0,85.87366485595703,1000.0,250212_resnet_onoffbench2.csv,0.0,2025-03-20T16:13:20.548Z
0.257818341255188,3.8800339698791504,ondevice,986.5147705078124,1000.0,100.0,0.257731944322586,38.38958740234375,0.0054216575808823,False,6.0,0.257818341255188,resnet50,0.929172694683075,70.0,pytorch,0.0,0.0,0.0,400.0,0.0,1.0,0.0,103.12733459472656,1000.0,250212_resnet_onoffbench2.csv,0.0,2025-03-20T16:13:20.548Z
0.2062733322381973,5.046449184417725,ondevice,961.3598022460938,1000.0,40.0,0.2061684131622314,30.69122886657715,0.0034796574618667,False,6.0,0.2062733322381973,resnet50,0.8266280293464661,100.0,pytorch,0.0,0.0,0.0,400.0,0.0,1.0,0.0,82.50933074951172,1000.0,250212_resnet_onoffbench2.csv,0.0,2025-03-20T16:13:20.548Z
0.2718266546726227,3.681044340133667,ondevice,979.07666015625,1000.0,100.0,0.2717129290103912,40.22398376464844,0.0056582009419798,False,6.0,0.2718266546726227,resnet50,1.0222855806350708,100.0,pytorch,0.0,0.0,0.0,400.0,0.0,1.0,0.0,108.7306671142578,1000.0,250212_resnet_onoffbench2.csv,0.0,2025-03-20T16:13:20.548Z
0.5881249904632568,1.9870169162750244,ondevice,494.8057556152344,500.0,70.0,0.5879622101783752,87.72408294677734,0.0084516638889908,False,3.0,0.5881249904632568,resnet50,2.23701548576355,100.0,pytorch,0.0,0.0,0.0,400.0,0.0,1.0,0.0,235.25,500.0,250212_resnet_onoffbench2.csv,0.0,2025-03-20T16:13:20.548Z
0.3207274973392486,3.118208408355713,ondevice,484.7058410644531,500.0,70.0,0.3206322789192199,47.47990417480469,0.0035668187774717,False,3.0,0.3207274973392486,resnet50,0.592944860458374,70.0,pytorch,0.0,0.0,0.0,400.0,0.0,1.0,0.0,128.29100036621094,500.0,250212_resnet_onoffbench2.csv,0.0,2025-03-20T16:13:20.548Z
0.321260005235672,3.1134817600250244,ondevice,490.5290832519531,500.0,40.0,0.321168839931488,47.90837860107422,0.004040636587888,False,3.0,0.321260005235672,resnet50,0.9018134474754332,100.0,pytorch,0.0,0.0,0.0,400.0,0.0,1.0,0.0,128.50399780273438,500.0,250212_resnet_onoffbench2.csv,0.0,2025-03-20T16:13:20.548Z
0.3557375073432922,2.8118162155151367,ondevice,489.8677368164063,500.0,40.0,0.3556081652641296,53.241153717041016,0.0038842153735458,False,6.0,0.3557375073432922,resnet50,1.5970540046691897,100.0,pytorch,0.0,0.0,0.0,400.0,0.0,1.0,0.0,142.2949981689453,500.0,250212_resnet_onoffbench2.csv,0.0,2025-03-20T16:13:20.548Z
0.4201491773128509,2.3819496631622314,ondevice,502.5242614746094,500.0,70.0,0.4200310707092285,62.638668060302734,0.0057134376838803,False,1.0,0.4201491773128509,resnet50,1.8348826169967647,70.0,pytorch,0.0,0.0,0.0,400.0,0.0,1.0,0.0,168.05966186523438,500.0,250212_resnet_onoffbench2.csv,0.0,2025-03-20T16:13:20.548Z
0.4211899936199188,2.3780229091644287,ondevice,498.0870666503906,500.0,100.0,0.4210800528526306,62.09916305541992,0.0115760834887623,False,1.0,0.4211899936199188,resnet50,2.2700257301330566,70.0,pytorch,0.0,0.0,0.0,400.0,0.0,1.0,0.0,168.4759979248047,500.0,250212_resnet_onoffbench2.csv,0.0,2025-03-20T16:13:20.548Z
0.5017958283424377,2.00681734085083,ondevice,499.1722106933594,500.0,70.0,0.5017426013946533,74.80879211425781,0.0078304084017872,False,1.0,0.5017958283424377,resnet50,2.405001640319824,100.0,pytorch,0.0,0.0,0.0,400.0,0.0,1.0,0.0,200.7183380126953,500.0,250212_resnet_onoffbench2.csv,0.0,2025-03-20T16:13:20.548Z
0.4620641469955444,2.164411783218384,ondevice,501.1035461425781,500.0,100.0,0.4618174135684967,68.00121307373047,0.0104957399889826,False,1.0,0.4620641469955444,resnet50,3.1865251064300537,100.0,pytorch,0.0,0.0,0.0,400.0,0.0,1.0,0.0,184.8256683349609,500.0,250212_resnet_onoffbench2.csv,0.0,2025-03-20T16:13:20.548Z
0.493155837059021,2.0279440879821777,ondevice,499.2085571289063,500.0,40.0,0.493022471666336,73.52811431884766,0.003270668676123,False,1.0,0.493155837059021,resnet50,0.6595639586448669,100.0,pytorch,0.0,0.0,0.0,400.0,0.0,1.0,0.0,197.2623291015625,500.0,250212_resnet_onoffbench2.csv,0.0,2025-03-20T16:13:20.548Z
0.4407191574573517,2.4250967502593994,ondevice,487.6325073242188,500.0,100.0,0.4405908286571502,64.67375946044922,0.0060013607144355,False,6.0,0.4407191574573517,resnet50,1.3085798025131226,70.0,pytorch,0.0,0.0,0.0,400.0,0.0,1.0,0.0,176.28765869140625,500.0,250212_resnet_onoffbench2.csv,0.0,2025-03-20T16:13:20.548Z
0.5942825078964233,1.692288517951965,ondevice,497.78228759765625,500.0,100.0,0.5942093133926392,88.52033233642578,0.0126159498468041,False,3.0,0.5942825078964233,resnet50,4.199938774108887,70.0,pytorch,0.0,0.0,0.0,400.0,0.0,1.0,0.0,237.71299743652344,500.0,250212_resnet_onoffbench2.csv,0.0,2025-03-20T16:13:20.548Z
0.6668983697891235,1.500024676322937,ondevice,496.0072021484375,500.0,100.0,0.666675865650177,98.60142517089844,0.0113307675346732,False,3.0,0.6668983697891235,resnet50,3.828327894210816,100.0,pytorch,0.0,0.0,0.0,400.0,0.0,1.0,0.0,266.75933837890625,500.0,250212_resnet_onoffbench2.csv,0.0,2025-03-20T16:13:20.548Z
0.7420974969863892,1.3479115962982178,ondevice,496.3311462402344,500.0,100.0,0.7420263886451721,109.53953552246094,0.0126208970323205,False,6.0,0.7420974969863892,resnet50,3.927630424499512,100.0,pytorch,0.0,0.0,0.0,400.0,0.0,1.0,0.0,296.8389892578125,500.0,250212_resnet_onoffbench2.csv,0.0,2025-03-20T16:13:20.548Z
0.762803316116333,1.3376524448394775,ondevice,493.9391174316406,500.0,70.0,0.7626102566719055,112.86515045166016,0.0106603326275944,False,6.0,0.762803316116333,resnet50,3.099323511123657,100.0,pytorch,0.0,0.0,0.0,400.0,0.0,1.0,0.0,305.121337890625,500.0,250212_resnet_onoffbench2.csv,0.0,2025-03-20T16:13:20.548Z
0.1357258260250091,7.601281642913818,ondevice,919.5797729492188,1000.0,70.0,0.13566455245018,20.10641098022461,0.0033829763997346,False,1.0,0.1357258260250091,resnet50,0.3497940599918365,40.0,pytorch,0.0,0.0,0.0,400.0,0.0,1.0,0.0,54.29033279418945,1000.0,250212_resnet_onoffbench2.csv,0.0,2025-03-20T16:13:20.548Z
0.1411308348178863,7.273387432098389,ondevice,928.8972778320312,1000.0,100.0,0.1410290300846099,20.629270553588867,0.0033301233779639,False,1.0,0.1411308348178863,resnet50,0.3493834435939789,40.0,pytorch,0.0,0.0,0.0,400.0,0.0,1.0,0.0,56.452335357666016,1000.0,250212_resnet_onoffbench2.csv,0.0,2025-03-20T16:13:20.548Z
0.1478600054979324,6.912986755371094,ondevice,984.311767578125,1000.0,100.0,0.1477954685688018,21.58091163635254,0.0027258510235697,False,3.0,0.1478600054979324,resnet50,0.3821215629577636,40.0,pytorch,0.0,0.0,0.0,400.0,0.0,1.0,0.0,59.14400100708008,1000.0,250212_resnet_onoffbench2.csv,0.0,2025-03-20T16:13:20.548Z
0.146564170718193,6.822968006134033,ondevice,981.3341674804688,1000.0,70.0,0.1464826911687851,21.49003028869629,0.0021115473937243,False,6.0,0.146564170718193,resnet50,0.2840504646301269,40.0,pytorch,0.0,0.0,0.0,400.0,0.0,1.0,0.0,58.62566757202149,1000.0,250212_resnet_onoffbench2.csv,0.0,2025-03-20T16:13:20.548Z
0.1354050040245056,7.6548542976379395,ondevice,990.0838623046876,1000.0,40.0,0.1353364586830139,20.099023818969727,0.003255893709138,False,1.0,0.1354050040245056,resnet50,0.3492875099182129,40.0,pytorch,0.0,0.0,0.0,400.0,0.0,1.0,0.0,54.1619987487793,1000.0,250212_resnet_onoffbench2.csv,0.0,2025-03-20T16:13:20.548Z
0.1569650024175644,6.542226314544678,ondevice,987.8050537109376,1000.0,70.0,0.156891793012619,23.020496368408203,0.0036308842245489,False,3.0,0.1569650024175644,resnet50,0.4344247579574585,40.0,pytorch,0.0,0.0,0.0,400.0,0.0,1.0,0.0,62.7859992980957,1000.0,250212_resnet_onoffbench2.csv,0.0,2025-03-20T16:13:20.548Z
0.1872933357954025,5.339603424072266,ondevice,954.8045654296876,1000.0,40.0,0.1872253119945526,27.597261428833008,0.0050331717357039,False,3.0,0.1872933357954025,resnet50,0.6428989768028259,40.0,pytorch,0.0,0.0,0.0,400.0,0.0,1.0,0.0,74.9173355102539,1000.0,250212_resnet_onoffbench2.csv,0.0,2025-03-20T16:13:20.548Z
0.2068958282470703,4.835563659667969,ondevice,985.9639892578124,1000.0,40.0,0.2068369388580322,30.58234405517578,0.0047664325684309,False,6.0,0.2068958282470703,resnet50,0.5647616982460022,40.0,pytorch,0.0,0.0,0.0,400.0,0.0,1.0,0.0,82.75833129882812,1000.0,250212_resnet_onoffbench2.csv,0.0,2025-03-20T16:13:20.548Z
0.1987333297729492,5.242470264434815,ondevice,989.66943359375,1000.0,100.0,0.1986656188964843,28.81839370727539,0.0036374500486999,False,6.0,0.1987333297729492,resnet50,0.3126715123653412,40.0,pytorch,0.0,0.0,0.0,400.0,0.0,1.0,0.0,79.49333190917969,1000.0,250212_resnet_onoffbench2.csv,0.0,2025-03-20T16:13:20.548Z
0.1694066673517227,6.084587574005127,ondevice,933.5297241210938,1000.0,40.0,0.1693266332149505,25.291488647460938,0.0032349049579352,False,1.0,0.1694066673517227,resnet50,0.6940085291862488,70.0,pytorch,0.0,0.0,0.0,400.0,0.0,1.0,0.0,67.76266479492188,1000.0,250212_resnet_onoffbench2.csv,0.0,2025-03-20T16:13:20.548Z
0.2219337522983551,4.509452819824219,ondevice,927.5374755859376,1000.0,40.0,0.2218699604272842,33.06666564941406,0.0051218471489846,False,3.0,0.2219337522983551,resnet50,0.7399706840515137,70.0,pytorch,0.0,0.0,0.0,400.0,0.0,1.0,0.0,88.77349853515625,1000.0,250212_resnet_onoffbench2.csv,0.0,2025-03-20T16:13:20.548Z
0.2465074956417083,4.056673049926758,ondevice,934.23876953125,1000.0,40.0,0.2464482635259628,36.54359436035156,0.0050826631486415,False,6.0,0.2465074956417083,resnet50,0.8531076908111572,70.0,pytorch,0.0,0.0,0.0,400.0,0.0,1.0,0.0,98.60299682617188,1000.0,250212_resnet_onoffbench2.csv,0.0,2025-03-20T16:13:20.548Z
0.2609358131885528,3.832714080810547,ondevice,498.7156372070313,500.0,70.0,0.2608782351016998,38.587589263916016,0.0042697177268564,False,3.0,0.2609358131885528,resnet50,0.670251190662384,40.0,pytorch,0.0,0.0,0.0,400.0,0.0,1.0,0.0,104.37432861328124,500.0,250212_resnet_onoffbench2.csv,0.0,2025-03-20T16:13:20.548Z
0.3914600014686584,2.818128824234009,ondevice,497.15185546875,500.0,70.0,0.3913892805576324,56.99741744995117,0.0069573200307786,False,6.0,0.3914600014686584,resnet50,0.8531550765037537,40.0,pytorch,0.0,0.0,0.0,400.0,0.0,1.0,0.0,156.58399963378906,500.0,250212_resnet_onoffbench2.csv,0.0,2025-03-20T16:13:20.548Z
0.2923216819763183,3.421040296554565,ondevice,478.9810791015625,500.0,40.0,0.2921911478042602,43.47897720336914,0.0036787434946745,False,6.0,0.2923216819763183,resnet50,1.1153522729873655,40.0,pytorch,0.0,0.0,0.0,400.0,0.0,1.0,0.0,116.9286651611328,500.0,250212_resnet_onoffbench2.csv,0.0,2025-03-20T16:13:20.548Z
0.3399533331394195,2.941708564758301,ondevice,499.1234436035156,500.0,70.0,0.3398536741733551,50.42226791381836,0.0035480158403515,False,1.0,0.3399533331394195,resnet50,0.3315378129482269,40.0,pytorch,0.0,0.0,0.0,400.0,0.0,1.0,0.0,135.98133850097656,500.0,250212_resnet_onoffbench2.csv,0.0,2025-03-20T16:13:20.548Z
0.3603091537952423,2.808281183242798,ondevice,502.9325256347656,500.0,100.0,0.3602406084537506,52.51084899902344,0.0072598871774971,False,1.0,0.3603091537952423,resnet50,0.987260103225708,40.0,pytorch,0.0,0.0,0.0,400.0,0.0,1.0,0.0,144.12367248535156,500.0,250212_resnet_onoffbench2.csv,0.0,2025-03-20T16:13:20.548Z
0.3241225183010101,3.092811346054077,ondevice,492.4978332519531,500.0,40.0,0.3239690363407135,47.98503112792969,0.0079390304163098,False,1.0,0.3241225183010101,resnet50,1.2336921691894531,40.0,pytorch,0.0,0.0,0.0,400.0,0.0,1.0,0.0,129.6490020751953,500.0,250212_resnet_onoffbench2.csv,0.0,2025-03-20T16:13:20.548Z
0.4602533280849457,2.3768107891082764,ondevice,498.1908874511719,500.0,70.0,0.4601853489875793,68.3541259765625,0.0058638169430196,False,6.0,0.4602533280849457,resnet50,1.4148341417312622,70.0,pytorch,0.0,0.0,0.0,400.0,0.0,1.0,0.0,184.1013336181641,500.0,250212_resnet_onoffbench2.csv,0.0,2025-03-20T16:13:20.548Z
0.3997249901294708,2.5025746822357178,ondevice,492.9520263671875,500.0,40.0,0.3996540904045105,59.4520149230957,0.0091706328094005,False,1.0,0.3997249901294708,resnet50,2.509265661239624,70.0,pytorch,0.0,0.0,0.0,400.0,0.0,1.0,0.0,159.88999938964844,500.0,250212_resnet_onoffbench2.csv,0.0,2025-03-20T16:13:20.548Z
0.3209083378314972,3.320737361907959,ondevice,490.516357421875,500.0,40.0,0.3207838833332062,47.50156784057617,0.0053850337862968,False,3.0,0.3209083378314972,resnet50,0.8236545920372009,40.0,pytorch,0.0,0.0,0.0,400.0,0.0,1.0,0.0,128.36334228515625,500.0,250212_resnet_onoffbench2.csv,0.0,2025-03-20T16:13:20.548Z
0.5466016530990601,1.829708814620972,ondevice,495.8501586914063,500.0,100.0,0.5464505553245544,79.12626647949219,0.0108752408996224,False,6.0,0.5466016530990601,resnet50,1.5859761238098145,40.0,pytorch,0.0,0.0,0.0,400.0,0.0,1.0,0.0,218.6406707763672,500.0,250212_resnet_onoffbench2.csv,0.0,2025-03-20T16:13:20.548Z
0.5231624841690063,1.938795804977417,ondevice,499.1110229492188,500.0,100.0,0.5227917432785034,76.40666961669922,0.009577271528542,False,3.0,0.5231624841690063,resnet50,1.2069164514541626,40.0,pytorch,0.0,0.0,0.0,400.0,0.0,1.0,0.0,209.26499938964844,500.0,250212_resnet_onoffbench2.csv,0.0,2025-03-20T16:13:20.548Z
0.608061671257019,1.6450183391571045,ondevice,487.5208129882813,500.0,40.0,0.6079599857330322,89.6007308959961,0.0103966314345598,False,3.0,0.608061671257019,resnet50,2.3359220027923584,70.0,pytorch,0.0,0.0,0.0,400.0,0.0,1.0,0.0,243.22467041015625,500.0,250212_resnet_onoffbench2.csv,0.0,2025-03-20T16:13:20.548Z
0.5735949873924255,1.920108199119568,ondevice,492.4666137695313,500.0,40.0,0.5734339356422424,84.83529663085938,0.0080464156344532,False,6.0,0.5735949873924255,resnet50,2.531277656555176,70.0,pytorch,0.0,0.0,0.0,400.0,0.0,1.0,0.0,229.43800354003903,500.0,250212_resnet_onoffbench2.csv,0.0,2025-03-20T16:13:20.548Z
0.0718799978494644,13.973031997680664,offload,2722.65771484375,4000.0,100.0,0.071806862950325,7.703995227813721,0.0002219895541202277,False,3.0,0.0718799978494644,resnet50,0.1413376331329345,100.0,pytorch,144509.0,16.67687225341797,16.099742889404297,400.0,1.0,1.0,70.0,28.75200080871582,500.0,250212_resnet_onoffbench2.csv,0.0228341743350029,2025-03-20T16:13:20.548Z
0.0927900001406669,10.801244735717772,offload,3811.972412109375,4000.0,100.0,0.0926890596747398,9.305397987365724,0.00038639784906990826,False,6.0,0.0927900001406669,resnet50,0.1667397767305374,100.0,pytorch,144509.0,12.947484970092772,12.472583770751951,400.0,1.0,1.0,70.0,37.11600112915039,500.0,250212_resnet_onoffbench2.csv,0.0355402827262878,2025-03-20T16:13:20.548Z
0.1035374999046325,10.076274871826172,offload,3845.739501953125,4000.0,100.0,0.1034643128514289,10.098410606384276,0.0004325302434153855,False,6.0,0.1035374999046325,resnet50,0.2281325608491897,100.0,pytorch,144509.0,12.172635078430176,11.173630714416504,400.0,1.0,1.0,30.0,41.415000915527344,500.0,250212_resnet_onoffbench2.csv,0.0475761368870735,2025-03-20T16:13:20.548Z
0.1485016644001007,7.058374881744385,offload,1902.237060546875,2000.0,100.0,0.1484282314777374,19.49609375,0.0005764732486568391,False,3.0,0.1485016644001007,resnet50,0.2742238938808441,100.0,pytorch,144509.0,8.460132598876953,7.788761138916016,400.0,1.0,1.0,70.0,59.40066909790039,500.0,250212_resnet_onoffbench2.csv,0.035404410213232,2025-03-20T16:13:20.548Z
0.0898708328604698,11.137774467468262,offload,2168.50830078125,4000.0,100.0,0.0897684916853904,0.232968583703041,0.0145129710435867,False,3.0,0.0898708328604698,resnet50,0.1540306359529495,100.0,pytorch,144509.0,13.39006233215332,12.878372192382812,400.0,1.0,1.0,15.0,35.948333740234375,500.0,250212_resnet_onoffbench2.csv,0.08039540797472,2025-03-20T16:13:20.548Z
0.0848083347082138,12.394678115844728,offload,2794.67724609375,4000.0,100.0,0.084736481308937,8.158761024475098,0.0003260107769165188,False,3.0,0.0848083347082138,resnet50,0.2484902590513229,100.0,pytorch,144509.0,15.65939712524414,13.643143653869627,400.0,1.0,1.0,30.0,33.92333221435547,500.0,250212_resnet_onoffbench2.csv,0.0336012989282608,2025-03-20T16:13:20.548Z
0.1088266670703888,9.207479476928713,offload,3682.04150390625,4000.0,100.0,0.1087022349238395,3.759454011917114,0.0008227640064433217,False,6.0,0.1088266670703888,resnet50,0.1399494856595993,100.0,pytorch,144509.0,11.680676460266112,10.635217666625977,400.0,1.0,1.0,15.0,43.53066635131836,500.0,250212_resnet_onoffbench2.csv,0.0792458355426788,2025-03-20T16:13:20.548Z
0.1382666677236557,7.35014533996582,offload,1908.65673828125,2000.0,100.0,0.1381110250949859,18.169872283935547,0.0004216659290250391,False,3.0,0.1382666677236557,resnet50,0.2330175191164016,100.0,pytorch,144509.0,8.903399467468262,8.370598793029785,400.0,1.0,1.0,30.0,55.30666732788086,500.0,250212_resnet_onoffbench2.csv,0.0369624383747577,2025-03-20T16:13:20.548Z
0.2046049982309341,5.221688747406006,offload,957.4918212890624,4000.0,100.0,0.2045482248067855,34.31007766723633,0.0006981845363043249,False,1.0,0.2046049982309341,resnet50,0.1169958114624023,100.0,pytorch,144509.0,6.276864528656006,5.651830673217773,400.0,1.0,1.0,70.0,81.84200286865234,500.0,250212_resnet_onoffbench2.csv,0.024684514850378,2025-03-20T16:13:20.548Z
0.1363308280706405,7.35642671585083,offload,1008.4721069335938,4000.0,100.0,0.1362142413854599,10.232535362243652,0.00034493368002586067,False,1.0,0.1363308280706405,resnet50,0.2078859806060791,100.0,pytorch,144509.0,9.52016258239746,8.48715877532959,400.0,1.0,1.0,15.0,54.53233337402344,500.0,250212_resnet_onoffbench2.csv,0.080557532608509,2025-03-20T16:13:20.548Z
0.1789933294057846,5.872611999511719,offload,995.5126342773438,2000.0,100.0,0.1789308041334152,27.21720123291016,0.00038940945523791015,False,1.0,0.1789933294057846,resnet50,0.291130930185318,100.0,pytorch,144509.0,7.348535537719727,6.461000442504883,400.0,1.0,1.0,30.0,71.59733581542969,500.0,250212_resnet_onoffbench2.csv,0.0363225229084491,2025-03-20T16:13:20.548Z
0.1703666746616363,6.265414237976074,offload,980.1331176757812,2000.0,100.0,0.1702623963356018,17.301624298095703,0.0003187600814271718,False,1.0,0.1703666746616363,resnet50,0.1208202838897705,100.0,pytorch,144509.0,7.9731950759887695,6.789943218231201,400.0,1.0,1.0,15.0,68.14666748046875,500.0,250212_resnet_onoffbench2.csv,0.0771311372518539,2025-03-20T16:13:20.548Z
0.1914391666650772,5.421676635742188,offload,993.7778930664062,4000.0,100.0,0.1913719624280929,28.54450035095215,0.0003762366250157356,False,1.0,0.1914391666650772,resnet50,0.292001724243164,100.0,pytorch,144509.0,6.7570977210998535,6.040968418121338,400.0,1.0,1.0,30.0,76.5756607055664,500.0,250212_resnet_onoffbench2.csv,0.0329397916793823,2025-03-20T16:13:20.548Z
0.2069508284330368,5.083343029022217,offload,953.4427490234376,2000.0,100.0,0.2068823873996734,33.168758392333984,0.0003097409207839519,False,1.0,0.2069508284330368,resnet50,0.1696383208036422,100.0,pytorch,144509.0,6.06899356842041,5.588063716888428,400.0,1.0,1.0,70.0,82.78033447265625,500.0,250212_resnet_onoffbench2.csv,0.0235042031854391,2025-03-20T16:13:20.548Z
0.3819350004196167,2.635498523712158,offload,1985.543701171875,2000.0,100.0,0.3816830515861511,46.26148986816406,0.0011828907299786,False,6.0,0.3819350004196167,resnet50,0.3132587969303131,100.0,pytorch,144509.0,3.189295530319214,3.0288796424865723,400.0,1.0,1.0,70.0,152.7740020751953,500.0,250212_resnet_onoffbench2.csv,0.1406254172325134,2025-03-20T16:13:20.548Z
0.3476074934005737,2.8817083835601807,offload,1988.5518798828125,2000.0,100.0,0.3475073277950287,41.50652313232422,0.0010529907885938,False,6.0,0.3476074934005737,resnet50,0.2575415670871734,100.0,pytorch,144509.0,3.5435025691986084,3.32675576210022,400.0,1.0,1.0,30.0,139.04299926757812,500.0,250212_resnet_onoffbench2.csv,0.1524575054645538,2025-03-20T16:13:20.548Z
0.1099616661667823,9.19041347503662,offload,1868.97607421875,2000.0,100.0,0.1098531708121299,4.856712341308594,0.0004624853318091482,False,3.0,0.1099616661667823,resnet50,0.1179558411240577,100.0,pytorch,144509.0,11.49850368499756,10.523792266845703,400.0,1.0,1.0,15.0,43.98466873168945,500.0,250212_resnet_onoffbench2.csv,0.0819171592593193,2025-03-20T16:13:20.548Z
0.1275383383035659,7.840798377990723,offload,1829.0245361328125,4000.0,100.0,0.1274716109037399,0.0790696963667869,0.0442737862467765,False,3.0,0.1275383383035659,resnet50,0.1008635386824607,100.0,pytorch,144509.0,10.181512832641602,9.069250106811523,400.0,1.0,1.0,10.0,51.01533126831055,500.0,250212_resnet_onoffbench2.csv,0.1122358441352844,2025-03-20T16:13:20.548Z
0.1418466717004776,7.105845928192139,offload,3553.80615234375,4000.0,100.0,0.1417688429355621,3.6885251998901367,0.014303546398878,False,6.0,0.1418466717004776,resnet50,0.1210603713989257,100.0,pytorch,144509.0,9.04745864868164,8.154626846313477,400.0,1.0,1.0,10.0,56.73866653442383,500.0,250212_resnet_onoffbench2.csv,0.1114915236830711,2025-03-20T16:13:20.548Z
0.1627941727638244,6.247508049011231,offload,984.7356567382812,2000.0,100.0,0.1626980304718017,7.89255952835083,0.0004271443758625537,False,1.0,0.1627941727638244,resnet50,0.1572178155183792,100.0,pytorch,144509.0,8.309844970703125,7.105629920959473,400.0,1.0,1.0,10.0,65.11766815185547,500.0,250212_resnet_onoffbench2.csv,0.1104473620653152,2025-03-20T16:13:20.548Z
0.1781566739082336,5.656038284301758,offload,1928.553955078125,2000.0,100.0,0.1780034303665161,16.180471420288086,0.000826660601887852,False,6.0,0.1781566739082336,resnet50,0.1412506848573684,100.0,pytorch,144509.0,6.967719554901123,6.494661331176758,400.0,1.0,1.0,15.0,71.26266479492188,500.0,250212_resnet_onoffbench2.csv,0.0887585505843162,2025-03-20T16:13:20.548Z
0.1577891707420349,6.519085884094238,offload,1804.8031005859373,2000.0,100.0,0.1576997488737106,6.942849159240723,0.0139283770695328,False,3.0,0.1577891707420349,resnet50,0.1339507848024368,100.0,pytorch,144509.0,8.510735511779785,7.330842018127441,400.0,1.0,1.0,10.0,63.115665435791016,500.0,250212_resnet_onoffbench2.csv,0.1113319247961044,2025-03-20T16:13:20.548Z
0.2393408268690109,4.178677082061768,offload,976.5616455078124,4000.0,100.0,0.2392894923686981,23.012020111083984,0.00026362319476902485,False,1.0,0.2393408268690109,resnet50,0.0772324427962303,100.0,pytorch,144509.0,5.491944789886475,4.831269264221191,400.0,1.0,1.0,10.0,95.73633575439452,500.0,250212_resnet_onoffbench2.csv,0.1148155033588409,2025-03-20T16:13:20.548Z
0.2550516724586487,3.9208579063415527,offload,1076.365478515625,4000.0,100.0,0.2549804747104645,0.0331475734710693,0.1522031724452972,False,3.0,0.2550516724586487,resnet50,0.1605655401945114,100.0,pytorch,144509.0,5.115919589996338,4.533962726593018,400.0,1.0,1.0,5.0,102.02066802978516,500.0,250212_resnet_onoffbench2.csv,0.2452080845832824,2025-03-20T16:13:20.548Z
0.254987508058548,3.921847105026245,offload,1878.165283203125,4000.0,100.0,0.2549148797988891,0.0476877391338348,0.1437664628028869,False,6.0,0.254987508058548,resnet50,0.1130871772766113,100.0,pytorch,144509.0,4.986040592193604,4.535129547119141,400.0,1.0,1.0,5.0,101.99500274658205,500.0,250212_resnet_onoffbench2.csv,0.2410686910152435,2025-03-20T16:13:20.548Z
0.26750248670578,3.753326416015625,offload,587.6641845703125,2000.0,100.0,0.2674255073070526,0.1456617265939712,0.103942297399044,False,1.0,0.26750248670578,resnet50,0.1953678131103515,100.0,pytorch,144509.0,4.906496047973633,4.322968482971191,400.0,1.0,1.0,5.0,107.0009994506836,500.0,250212_resnet_onoffbench2.csv,0.2511078417301178,2025-03-20T16:13:20.548Z
0.2663041651248932,3.7622034549713135,offload,1076.7802734375,2000.0,100.0,0.2662164568901062,0.0651247128844261,0.133568674325943,False,3.0,0.2663041651248932,resnet50,0.1578066349029541,100.0,pytorch,144509.0,5.009415626525879,4.342601776123047,400.0,1.0,1.0,5.0,106.52166748046876,500.0,250212_resnet_onoffbench2.csv,0.2570604979991913,2025-03-20T16:13:20.548Z
0.2553608417510986,3.9160890579223633,offload,809.4951171875,4000.0,100.0,0.2552952766418457,0.6002053618431091,0.0431984700262546,False,1.0,0.2553608417510986,resnet50,0.1533432006835937,100.0,pytorch,144509.0,5.247157573699951,4.528372287750244,400.0,1.0,1.0,5.0,102.1443328857422,500.0,250212_resnet_onoffbench2.csv,0.2393301725387573,2025-03-20T16:13:20.548Z
0.3317358195781708,3.023216485977173,offload,1957.2044677734373,2000.0,100.0,0.3316530883312225,13.386616706848145,0.0011387824779376,False,6.0,0.3317358195781708,resnet50,0.1325526982545852,100.0,pytorch,144509.0,3.881540060043335,3.4857869148254395,400.0,1.0,1.0,5.0,132.6943359375,500.0,250212_resnet_onoffbench2.csv,0.2621182203292846,2025-03-20T16:13:20.548Z
0.3034833371639251,3.825259685516357,offload,1899.6011962890625,2000.0,100.0,0.3033584058284759,31.83783531188965,0.0012320429086685,False,6.0,0.3034833371639251,resnet50,0.1886913776397705,100.0,pytorch,144509.0,4.68367862701416,3.8109114170074463,400.0,1.0,1.0,10.0,121.3933334350586,500.0,250212_resnet_onoffbench2.csv,0.1423947066068649,2025-03-20T16:13:20.548Z
0.4336433410644531,2.307389736175537,offload,592.4776611328125,4000.0,100.0,0.4335736632347107,0.0261719636619091,0.3323184251785278,False,3.0,0.4336433410644531,resnet50,0.1039210930466651,100.0,pytorch,144509.0,3.1862094402313232,2.666379690170288,400.0,1.0,1.0,3.0,173.45733642578125,500.0,250212_resnet_onoffbench2.csv,0.423244833946228,2025-03-20T16:13:20.548Z
0.4414633512496948,2.265735149383545,offload,365.3762817382813,4000.0,100.0,0.4413723647594452,0.0660990104079246,0.2767532169818878,False,1.0,0.4414633512496948,resnet50,0.150080919265747,100.0,pytorch,144509.0,3.1782262325286865,2.6192667484283447,400.0,1.0,1.0,3.0,176.58534240722656,500.0,250212_resnet_onoffbench2.csv,0.4320840835571289,2025-03-20T16:13:20.548Z
0.0839250013232231,12.209590911865234,offload,2574.56591796875,4000.0,70.0,0.0838319584727287,13.449586868286133,0.0001469286362407729,False,3.0,0.0839250013232231,resnet50,0.1726886481046676,100.0,pytorch,44053.38671875,4.502825736999512,4.203970909118652,400.0,1.0,1.0,70.0,33.56999969482422,500.0,250212_resnet_onoffbench2.csv,0.0090999333187937,2025-03-20T16:13:20.548Z
0.1109749972820282,9.035179138183594,offload,1908.6229248046875,2000.0,70.0,0.1108753904700279,18.22799491882324,0.0001142015025834553,False,3.0,0.1109749972820282,resnet50,0.1452432423830032,100.0,pytorch,44053.38671875,3.3617196083068848,3.1785871982574463,400.0,1.0,1.0,70.0,44.38999938964844,500.0,250212_resnet_onoffbench2.csv,0.0113638890907168,2025-03-20T16:13:20.548Z
0.1051091626286506,9.588356971740724,offload,3839.8681640625,4000.0,70.0,0.1050184741616249,17.146011352539062,0.00013991276500746608,False,6.0,0.1051091626286506,resnet50,0.1562666147947311,100.0,pytorch,44053.38671875,3.5420150756835938,3.355858087539673,400.0,1.0,1.0,70.0,42.04366683959961,500.0,250212_resnet_onoffbench2.csv,0.0117904720827937,2025-03-20T16:13:20.548Z
0.1303258389234542,7.695539474487305,offload,967.7299194335938,2000.0,70.0,0.130220741033554,22.068878173828125,0.0001994705235119909,False,1.0,0.1303258389234542,resnet50,0.1342103481292724,100.0,pytorch,44053.38671875,2.851973533630371,2.706382274627685,400.0,1.0,1.0,70.0,52.130332946777344,500.0,250212_resnet_onoffbench2.csv,0.0097369477152824,2025-03-20T16:13:20.548Z
0.1738958358764648,6.053938865661621,offload,947.3408203125,4000.0,70.0,0.1737753748893737,29.48882102966309,0.0001444713270757347,False,1.0,0.1738958358764648,resnet50,0.1197250708937645,100.0,pytorch,44053.38671875,2.219912052154541,2.0280611515045166,400.0,1.0,1.0,70.0,69.55833435058594,500.0,250212_resnet_onoffbench2.csv,0.0085011990740895,2025-03-20T16:13:20.548Z
0.2620258331298828,4.283123970031738,offload,1969.47412109375,2000.0,70.0,0.2618874907493591,43.54045486450195,0.00028429547091946006,False,6.0,0.2620258331298828,resnet50,0.1559104919433593,100.0,pytorch,44053.38671875,1.5648188591003418,1.3457194566726685,400.0,1.0,1.0,70.0,104.81033325195312,500.0,250212_resnet_onoffbench2.csv,0.0363549888134002,2025-03-20T16:13:20.548Z
0.4233291745185852,2.362232208251953,offload,1159.3729248046875,2000.0,100.0,0.4232150018215179,0.3084078729152679,0.2165522128343582,False,6.0,0.4233291745185852,resnet50,0.1438724249601364,100.0,pytorch,144509.0,3.163785457611084,2.731642246246338,400.0,1.0,1.0,3.0,169.3316650390625,500.0,250212_resnet_onoffbench2.csv,0.406574010848999,2025-03-20T16:13:20.548Z
0.4229649901390075,2.364271402359009,offload,510.2647705078125,2000.0,100.0,0.4228946566581726,0.0095185162499547,0.3409375846385956,False,3.0,0.4229649901390075,resnet50,0.0935510769486427,100.0,pytorch,144509.0,3.2114548683166504,2.7337114810943604,400.0,1.0,1.0,3.0,169.18600463867188,500.0,250212_resnet_onoffbench2.csv,0.4081473648548126,2025-03-20T16:13:20.548Z
0.4223391711711883,2.367769241333008,offload,552.5479125976562,2000.0,100.0,0.4222338199615478,0.0542588643729686,0.182018831372261,False,1.0,0.4223391711711883,resnet50,0.0788160189986229,100.0,pytorch,144509.0,3.264595031738281,2.737990140914917,400.0,1.0,1.0,3.0,168.9356689453125,500.0,250212_resnet_onoffbench2.csv,0.4104712009429931,2025-03-20T16:13:20.548Z
0.4282650053501129,2.336128234863281,offload,886.7118530273438,4000.0,100.0,0.4281752705574035,0.0195195917040109,0.3465723693370819,False,6.0,0.4282650053501129,resnet50,0.1060396060347557,100.0,pytorch,144509.0,3.226794481277466,2.6999971866607666,400.0,1.0,1.0,3.0,171.30599975585938,500.0,250212_resnet_onoffbench2.csv,0.4209330379962921,2025-03-20T16:13:20.548Z
1.2792567014694214,0.7817116379737854,offload,156.70042419433594,2000.0,100.0,1.2791882753372192,0.009448361583054,1.074613094329834,False,1.0,1.2792567014694214,resnet50,0.166675254702568,100.0,pytorch,144509.0,1.1246968507766724,0.9037543535232544,400.0,1.0,1.0,1.0,511.7026672363281,500.0,250212_resnet_onoffbench2.csv,1.264028787612915,2025-03-20T16:13:20.548Z
1.2753700017929075,0.7840873599052429,offload,458.3818359375,4000.0,100.0,1.2752920389175415,0.0083028767257928,1.138788819313049,False,6.0,1.2753700017929075,resnet50,0.1219292506575584,100.0,pytorch,144509.0,1.1371952295303345,0.9065154790878296,400.0,1.0,1.0,1.0,510.1480102539063,500.0,250212_resnet_onoffbench2.csv,1.2558939456939695,2025-03-20T16:13:20.548Z
1.277405023574829,0.7828378677368164,offload,163.7420196533203,4000.0,100.0,1.2773197889328003,0.0086299665272235,1.061001896858215,False,1.0,1.277405023574829,resnet50,0.1576778888702392,100.0,pytorch,144509.0,1.130946397781372,0.9050763845443726,400.0,1.0,1.0,1.0,510.9620056152344,500.0,250212_resnet_onoffbench2.csv,1.2584835290908811,2025-03-20T16:13:20.548Z
1.2777124643325806,0.7826509475708008,offload,200.55198669433597,2000.0,100.0,1.277644157409668,0.0077495616860687,1.170857548713684,False,3.0,1.2777124643325806,resnet50,0.1631104946136474,100.0,pytorch,144509.0,1.1156775951385498,0.9048466086387634,400.0,1.0,1.0,1.0,511.0849914550781,500.0,250212_resnet_onoffbench2.csv,1.2654134035110474,2025-03-20T16:13:20.548Z
1.2818583250045776,0.7801311016082764,offload,481.1031799316406,2000.0,100.0,1.2816928625106812,0.0146570205688476,1.0250113010406494,False,6.0,1.2818583250045776,resnet50,0.1953234672546386,100.0,pytorch,144509.0,1.1368166208267212,0.9019883275032043,400.0,1.0,1.0,1.0,512.7432861328125,500.0,250212_resnet_onoffbench2.csv,1.2716456651687622,2025-03-20T16:13:20.548Z
1.277198314666748,0.7829639315605164,offload,287.90728759765625,4000.0,100.0,1.2771198749542236,0.0068974406458437,1.1356955766677856,False,3.0,1.277198314666748,resnet50,0.1680588722229004,100.0,pytorch,144509.0,1.1425753831863403,0.9052180647850036,400.0,1.0,1.0,1.0,510.87933349609375,500.0,250212_resnet_onoffbench2.csv,1.2586631774902344,2025-03-20T16:13:20.548Z
0.0695833340287208,14.46402359008789,offload,2633.600830078125,4000.0,70.0,0.0695043727755546,9.427807807922363,7.713973900536075e-05,False,3.0,0.0695833340287208,resnet50,0.0879497528076171,100.0,pytorch,44053.38671875,5.324838638305664,5.0705742835998535,400.0,1.0,1.0,30.0,27.83333396911621,500.0,250212_resnet_onoffbench2.csv,0.0097851511090993,2025-03-20T16:13:20.548Z
0.0704225003719329,14.235748291015623,offload,2758.640625,4000.0,70.0,0.0702978894114494,6.380382061004639,0.00011160731082782148,False,3.0,0.0704225003719329,resnet50,0.1560147553682327,100.0,pytorch,44053.38671875,5.562191963195801,5.013338088989258,400.0,1.0,1.0,10.0,28.16900062561035,500.0,250212_resnet_onoffbench2.csv,0.0322194509208202,2025-03-20T16:13:20.548Z
0.0939241647720336,11.177607536315918,offload,3875.29541015625,4000.0,70.0,0.093837134540081,12.15455150604248,0.0003171612916048616,False,6.0,0.0939241647720336,resnet50,0.1596858501434326,100.0,pytorch,44053.38671875,4.243965148925781,3.7557315826416016,400.0,1.0,1.0,15.0,37.56966781616211,500.0,250212_resnet_onoffbench2.csv,0.0201455187052488,2025-03-20T16:13:20.548Z
0.0888741686940193,11.269882202148438,offload,3538.79638671875,4000.0,70.0,0.0887919887900352,11.930333137512209,0.00013095021131448448,False,6.0,0.0888741686940193,resnet50,0.0795061588287353,100.0,pytorch,44053.38671875,4.1652421951293945,3.9691317081451416,400.0,1.0,1.0,30.0,35.54966735839844,500.0,250212_resnet_onoffbench2.csv,0.015755133703351,2025-03-20T16:13:20.548Z
0.0838716700673103,12.548868179321287,offload,2614.4052734375,4000.0,70.0,0.0837904959917068,10.650060653686523,0.0001315041445195675,False,3.0,0.0838716700673103,resnet50,0.1715351790189743,100.0,pytorch,44053.38671875,4.923778533935547,4.206050872802734,400.0,1.0,1.0,15.0,33.548667907714844,500.0,250212_resnet_onoffbench2.csv,0.0188209041953086,2025-03-20T16:13:20.548Z
0.0967675000429153,10.383131980895996,offload,3838.094970703125,4000.0,70.0,0.0966597646474838,12.775578498840332,0.00020722906629089263,False,6.0,0.0967675000429153,resnet50,0.164701297879219,100.0,pytorch,44053.38671875,4.0090155601501465,3.6460578441619873,400.0,1.0,1.0,10.0,38.70700073242188,500.0,250212_resnet_onoffbench2.csv,0.0307115837931633,2025-03-20T16:13:20.548Z
0.1498191654682159,7.181380271911621,offload,1949.1639404296875,2000.0,70.0,0.1497059017419815,23.635629653930664,0.00012265880650375038,False,3.0,0.1498191654682159,resnet50,0.1587707251310348,100.0,pytorch,44053.38671875,2.6208410263061523,2.3541295528411865,400.0,1.0,1.0,30.0,59.92766571044922,500.0,250212_resnet_onoffbench2.csv,0.0110552627593278,2025-03-20T16:13:20.548Z
0.1344674974679947,7.64370584487915,offload,1877.92138671875,2000.0,70.0,0.1343220919370651,20.59357643127441,0.00016718248662073165,False,3.0,0.1344674974679947,resnet50,0.2166824340820312,100.0,pytorch,44053.38671875,2.944093942642212,2.623746395111084,400.0,1.0,1.0,15.0,53.7869987487793,500.0,250212_resnet_onoffbench2.csv,0.0184800792485475,2025-03-20T16:13:20.548Z
0.2005899995565414,5.4226508140563965,offload,926.0711669921876,4000.0,70.0,0.2005269676446914,37.07136917114258,0.00014260252646636218,False,1.0,0.2005899995565414,resnet50,0.1080420017242431,100.0,pytorch,44053.38671875,2.0212652683258057,1.75750470161438,400.0,1.0,1.0,30.0,80.23600006103516,500.0,250212_resnet_onoffbench2.csv,0.0096743516623973,2025-03-20T16:13:20.548Z
0.1668266654014587,6.440303802490234,offload,930.6576538085938,2000.0,70.0,0.166736364364624,26.04441261291504,0.00015436967078130692,False,1.0,0.1668266654014587,resnet50,0.1193968430161476,100.0,pytorch,44053.38671875,2.521003484725952,2.1136786937713623,400.0,1.0,1.0,10.0,66.73066711425781,500.0,250212_resnet_onoffbench2.csv,0.0313633345067501,2025-03-20T16:13:20.548Z
0.174726665019989,6.028423309326172,offload,912.8204956054688,2000.0,70.0,0.1746513098478317,29.30379295349121,0.000162827578606084,False,1.0,0.174726665019989,resnet50,0.2095489501953125,100.0,pytorch,44053.38671875,2.357090950012207,2.0178897380828857,400.0,1.0,1.0,15.0,69.89067077636719,500.0,250212_resnet_onoffbench2.csv,0.0187190286815166,2025-03-20T16:13:20.548Z
0.1341100037097931,7.486702919006348,offload,949.8489990234376,4000.0,70.0,0.1340137720108032,18.78572654724121,0.00014522194396704435,False,1.0,0.1341100037097931,resnet50,0.1719334870576858,100.0,pytorch,44053.38671875,2.946152448654175,2.6297826766967773,400.0,1.0,1.0,10.0,53.64400100708008,500.0,250212_resnet_onoffbench2.csv,0.0332754179835319,2025-03-20T16:13:20.548Z
0.1898950040340423,5.472952365875244,offload,987.1668701171876,4000.0,70.0,0.189826026558876,30.616931915283203,0.00017411053704563528,False,1.0,0.1898950040340423,resnet50,0.1527687758207321,100.0,pytorch,44053.38671875,2.117865800857544,1.8565794229507449,400.0,1.0,1.0,15.0,75.95800018310547,500.0,250212_resnet_onoffbench2.csv,0.0180613435804843,2025-03-20T16:13:20.548Z
0.2056833356618881,5.111363887786865,offload,958.7606201171876,2000.0,70.0,0.2056069523096084,34.3400764465332,0.000153682820382528,False,1.0,0.2056833356618881,resnet50,0.105690874159336,100.0,pytorch,44053.38671875,1.8954174518585205,1.714081645011902,400.0,1.0,1.0,30.0,82.27333068847656,500.0,250212_resnet_onoffbench2.csv,0.0115998638793826,2025-03-20T16:13:20.548Z
0.3715041875839233,2.704392194747925,offload,1944.259033203125,2000.0,70.0,0.3714198172092438,63.32963562011719,0.0003383555158507079,False,6.0,0.3715041875839233,resnet50,0.1849343031644821,100.0,pytorch,44053.38671875,1.0023356676101685,0.9488645195961,400.0,1.0,1.0,30.0,148.60166931152344,500.0,250212_resnet_onoffbench2.csv,0.040930688381195,2025-03-20T16:13:20.548Z
0.3396616578102112,2.9553496837615967,offload,1972.0203857421875,2000.0,70.0,0.3395508527755737,57.76822662353516,0.0003423285379540175,False,6.0,0.3396616578102112,resnet50,0.1349196434020996,100.0,pytorch,44053.38671875,1.1084963083267212,1.03792142868042,400.0,1.0,1.0,15.0,135.8646697998047,500.0,250212_resnet_onoffbench2.csv,0.0441049896180629,2025-03-20T16:13:20.548Z
0.0832566693425178,12.125621795654297,offload,2530.827392578125,4000.0,70.0,0.0831848755478859,1.7476420402526855,0.0036869957111775,False,3.0,0.0832566693425178,resnet50,0.1251615732908249,100.0,pytorch,44053.38671875,4.506978988647461,4.236672878265381,400.0,1.0,1.0,5.0,33.30266571044922,500.0,250212_resnet_onoffbench2.csv,0.0620059147477149,2025-03-20T16:13:20.548Z
0.1220116689801216,8.656715393066406,offload,3650.01025390625,4000.0,70.0,0.1219443008303642,10.203094482421877,0.0002252835110994056,False,6.0,0.1220116689801216,resnet50,0.1152406558394432,100.0,pytorch,44053.38671875,3.460089683532715,2.890066146850586,400.0,1.0,1.0,5.0,48.80466842651367,500.0,250212_resnet_onoffbench2.csv,0.0615251958370208,2025-03-20T16:13:20.548Z
0.1037883311510086,9.688419342041016,offload,1895.50244140625,2000.0,70.0,0.1036863252520561,13.531883239746094,0.0001027683392749168,False,3.0,0.1037883311510086,resnet50,0.1252005100250244,100.0,pytorch,44053.38671875,3.782580852508545,3.3989737033843994,400.0,1.0,1.0,10.0,41.51533508300781,500.0,250212_resnet_onoffbench2.csv,0.0313734821975231,2025-03-20T16:13:20.548Z
0.1314158290624618,7.62177848815918,offload,3030.64697265625,4000.0,70.0,0.1313160210847854,1.2708550691604614,0.0208388082683086,False,6.0,0.1314158290624618,resnet50,0.12208803743124,100.0,pytorch,44053.38671875,3.128840684890747,2.6838088035583496,400.0,1.0,1.0,3.0,52.56633377075195,500.0,250212_resnet_onoffbench2.csv,0.1162209957838058,2025-03-20T16:13:20.548Z
0.1264825016260147,7.906355857849121,offload,1991.4215087890625,4000.0,70.0,0.1264015138149261,0.2634043395519256,0.0357438586652278,False,3.0,0.1264825016260147,resnet50,0.153763934969902,100.0,pytorch,44053.38671875,3.100982427597046,2.7881555557250977,400.0,1.0,1.0,3.0,50.59299850463867,500.0,250212_resnet_onoffbench2.csv,0.1173004880547523,2025-03-20T16:13:20.548Z
0.1704033315181732,5.920954704284668,offload,1956.997802734375,2000.0,70.0,0.1703089773654937,26.08805656433105,0.0004994972259737551,False,6.0,0.1704033315181732,resnet50,0.1432650834321975,100.0,pytorch,44053.38671875,2.2723548412323,2.0693395137786865,400.0,1.0,1.0,10.0,68.16133117675781,500.0,250212_resnet_onoffbench2.csv,0.0312218852341175,2025-03-20T16:13:20.548Z
0.1599974930286407,6.33773946762085,offload,917.4278564453124,2000.0,70.0,0.1598824113607406,17.157564163208008,0.00018696625193115324,False,1.0,0.1599974930286407,resnet50,0.1412883549928665,100.0,pytorch,44053.38671875,2.553608655929565,2.204289197921753,400.0,1.0,1.0,5.0,63.999000549316406,500.0,250212_resnet_onoffbench2.csv,0.0609285198152065,2025-03-20T16:13:20.548Z
0.1446741670370102,6.927013397216797,offload,955.6358642578124,2000.0,70.0,0.1445139795541763,3.56479287147522,0.0032091264147311,False,1.0,0.1446741670370102,resnet50,0.1536800116300583,100.0,pytorch,44053.38671875,2.947599172592163,2.438705921173096,400.0,1.0,1.0,3.0,57.869667053222656,500.0,250212_resnet_onoffbench2.csv,0.1195747852325439,2025-03-20T16:13:20.548Z
0.1411416679620742,7.10123872756958,offload,1720.8922119140625,2000.0,70.0,0.1409260183572769,2.2828540802001958,0.0163607858121395,False,3.0,0.1411416679620742,resnet50,0.1560835093259811,100.0,pytorch,44053.38671875,3.003506660461426,2.500795125961304,400.0,1.0,1.0,3.0,56.456668853759766,500.0,250212_resnet_onoffbench2.csv,0.1231491938233375,2025-03-20T16:13:20.548Z
0.235426664352417,4.247626304626465,offload,977.4268798828124,4000.0,70.0,0.2353724986314773,31.90660858154297,0.00012473385140765458,False,1.0,0.235426664352417,resnet50,0.078403390944004,100.0,pytorch,44053.38671875,1.7382394075393677,1.4973163604736328,400.0,1.0,1.0,5.0,94.17066192626952,500.0,250212_resnet_onoffbench2.csv,0.0645447820425033,2025-03-20T16:13:20.548Z
0.2062875032424926,5.083017826080322,offload,979.0205078125,4000.0,70.0,0.2061777114868164,16.5220947265625,0.00014448503497987986,False,1.0,0.2062875032424926,resnet50,0.1447285860776901,100.0,pytorch,44053.38671875,2.139171600341797,1.709336519241333,400.0,1.0,1.0,3.0,82.51499938964844,500.0,250212_resnet_onoffbench2.csv,0.114377386868,2025-03-20T16:13:20.548Z
0.3185150027275085,3.143357276916504,offload,1962.3096923828125,2000.0,70.0,0.3184194564819336,39.56636428833008,0.0004234862281009555,False,6.0,0.3185150027275085,resnet50,0.1710391789674759,100.0,pytorch,44053.38671875,1.2806129455566406,1.1068013906478882,400.0,1.0,1.0,3.0,127.406005859375,500.0,250212_resnet_onoffbench2.csv,0.1223503723740577,2025-03-20T16:13:20.548Z
0.2843075096607208,4.109706401824951,offload,1971.5421142578125,2000.0,70.0,0.2841566801071167,43.19541549682617,0.0003571031556930393,False,6.0,0.2843075096607208,resnet50,0.2045205384492874,100.0,pytorch,44053.38671875,1.5797104835510254,1.2402561902999878,400.0,1.0,1.0,5.0,113.7229995727539,500.0,250212_resnet_onoffbench2.csv,0.0638706609606742,2025-03-20T16:13:20.548Z
0.3902066648006439,2.564427137374878,offload,659.8130493164062,4000.0,70.0,0.3901416063308716,0.0463559739291667,0.2957410216331482,False,3.0,0.3902066648006439,resnet50,0.1307508945465088,100.0,pytorch,44053.38671875,1.1399312019348145,0.903331220149994,400.0,1.0,1.0,1.0,156.08267211914062,500.0,250212_resnet_onoffbench2.csv,0.3807266056537628,2025-03-20T16:13:20.548Z
0.1144941672682762,9.060795783996582,offload,1913.4425048828125,2000.0,40.0,0.1143424436450004,17.843894958496094,0.00010087887494591996,False,3.0,0.1144941672682762,resnet50,0.152850791811943,100.0,pytorch,27287.087890625,2.0526065826416016,1.9091485738754272,400.0,1.0,1.0,70.0,45.797664642333984,500.0,250212_resnet_onoffbench2.csv,0.0070110550150275,2025-03-20T16:13:20.548Z
0.1039599999785423,9.771307945251465,offload,2791.0888671875,4000.0,40.0,0.1038744449615478,14.74215602874756,0.0001330653904005885,False,3.0,0.1039599999785423,resnet50,0.1824007034301757,100.0,pytorch,27287.087890625,2.2201075553894043,2.10154390335083,400.0,1.0,1.0,70.0,41.58399963378906,500.0,250212_resnet_onoffbench2.csv,0.0066181709989905,2025-03-20T16:13:20.548Z
0.0832900032401084,12.27151107788086,offload,2675.47900390625,4000.0,40.0,0.0832207351922988,12.73892307281494,0.0001189845788758248,False,3.0,0.0832900032401084,resnet50,0.1821755617856979,100.0,pytorch,27287.087890625,2.8103833198547363,2.6231048107147217,400.0,1.0,1.0,30.0,33.31599807739258,500.0,250212_resnet_onoffbench2.csv,0.006457598414272,2025-03-20T16:13:20.548Z
0.1103466674685478,9.065643310546877,offload,1884.4580078125,2000.0,40.0,0.1100590974092483,18.58259010314941,0.0001526409323560074,False,3.0,0.1103466674685478,resnet50,0.136284664273262,100.0,pytorch,27287.087890625,2.0908920764923096,1.9834498167037964,400.0,1.0,1.0,30.0,44.13866424560547,500.0,250212_resnet_onoffbench2.csv,0.0079825241118669,2025-03-20T16:13:20.548Z
0.1290049999952316,7.765009880065918,offload,909.5512084960938,2000.0,40.0,0.1289163529872894,22.305744171142575,0.00014317690511234105,False,1.0,0.1290049999952316,resnet50,0.1500542163848877,100.0,pytorch,27287.087890625,1.784878849983215,1.6933205127716064,400.0,1.0,1.0,30.0,51.60200119018555,500.0,250212_resnet_onoffbench2.csv,0.0086924983188509,2025-03-20T16:13:20.548Z
0.1727399975061416,6.124948978424072,offload,978.5365600585938,2000.0,40.0,0.1726572960615158,29.198280334472656,0.00014837662456557155,False,1.0,0.1727399975061416,resnet50,0.1729757785797119,100.0,pytorch,27287.087890625,1.3905243873596191,1.2643351554870603,400.0,1.0,1.0,70.0,69.09600067138672,500.0,250212_resnet_onoffbench2.csv,0.0066597587428987,2025-03-20T16:13:20.548Z
0.1037724986672401,10.21241855621338,offload,3373.8408203125,4000.0,40.0,0.1036832183599472,17.912887573242188,0.00017432868480682373,False,6.0,0.1037724986672401,resnet50,0.1304469853639602,100.0,pytorch,27287.087890625,2.355984926223755,2.105419874191284,400.0,1.0,1.0,30.0,41.50899887084961,500.0,250212_resnet_onoffbench2.csv,0.0075897988863289,2025-03-20T16:13:20.548Z
0.1125624999403953,9.735991477966309,offload,3803.91455078125,4000.0,40.0,0.112435795366764,15.768441200256348,0.0003810811031144112,False,6.0,0.1125624999403953,resnet50,0.1444853991270065,100.0,pytorch,27287.087890625,2.231442451477051,1.941523194313049,400.0,1.0,1.0,70.0,45.025001525878906,500.0,250212_resnet_onoffbench2.csv,0.0102636348456144,2025-03-20T16:13:20.548Z
0.1893233358860016,5.490577220916748,offload,925.3023681640624,4000.0,40.0,0.1892492175102234,31.413837432861328,0.00014328559336718172,False,1.0,0.1893233358860016,resnet50,0.1480725556612014,100.0,pytorch,27287.087890625,1.2407712936401367,1.153488039970398,400.0,1.0,1.0,70.0,75.72933197021484,500.0,250212_resnet_onoffbench2.csv,0.0065705934539437,2025-03-20T16:13:20.548Z
0.1769099980592727,5.928681373596191,offload,976.8943481445312,4000.0,40.0,0.1768268048763275,30.558603286743164,0.00013301114086061716,False,1.0,0.1769099980592727,resnet50,0.1108689308166503,100.0,pytorch,27287.087890625,1.369181990623474,1.2345227003097534,400.0,1.0,1.0,30.0,70.76399993896484,500.0,250212_resnet_onoffbench2.csv,0.0085845496505498,2025-03-20T16:13:20.548Z
0.2663866579532623,4.340117931365967,offload,1929.960693359375,2000.0,40.0,0.2663047909736633,48.87458801269531,0.0002921604900620878,False,6.0,0.2663866579532623,resnet50,0.1340619772672653,100.0,pytorch,27287.087890625,0.9793672561645508,0.8197250366210938,400.0,1.0,1.0,30.0,106.5546646118164,500.0,250212_resnet_onoffbench2.csv,0.0178763382136821,2025-03-20T16:13:20.548Z
0.2948258221149444,3.740991353988648,offload,1963.073486328125,2000.0,40.0,0.2946839332580566,53.56509780883789,0.00023778935428708792,False,6.0,0.2948258221149444,resnet50,0.1802330017089843,100.0,pytorch,27287.087890625,0.8626875877380371,0.7407825589179993,400.0,1.0,1.0,70.0,117.93033599853516,500.0,250212_resnet_onoffbench2.csv,0.022756952792406,2025-03-20T16:13:20.548Z
0.3816058337688446,2.6206183433532715,offload,1259.880859375,2000.0,70.0,0.3815263211727142,1.0301806926727295,0.1774314492940902,False,6.0,0.3816058337688446,resnet50,0.1618389338254928,100.0,pytorch,44053.38671875,1.1622531414031982,0.9237294793128968,400.0,1.0,1.0,1.0,152.642333984375,500.0,250212_resnet_onoffbench2.csv,0.3649702370166778,2025-03-20T16:13:20.548Z
0.3833775222301483,2.608404874801636,offload,609.4550170898438,2000.0,70.0,0.3833075165748596,0.3211821317672729,0.1454138755798339,False,1.0,0.3833775222301483,resnet50,0.0774004459381103,100.0,pytorch,44053.38671875,1.128771424293518,0.9194369912147522,400.0,1.0,1.0,1.0,153.3509979248047,500.0,250212_resnet_onoffbench2.csv,0.3740629255771637,2025-03-20T16:13:20.548Z
0.3899149894714355,2.5660324096679688,offload,960.9046020507812,4000.0,70.0,0.3898115158081054,0.0544570721685886,0.3103629648685455,False,6.0,0.3899149894714355,resnet50,0.1006545200943946,100.0,pytorch,44053.38671875,1.1249895095825195,0.9040961861610411,400.0,1.0,1.0,1.0,155.96600341796875,500.0,250212_resnet_onoffbench2.csv,0.383798599243164,2025-03-20T16:13:20.548Z
0.0761408358812332,13.74087619781494,offload,2517.77001953125,4000.0,40.0,0.0760588571429252,11.993491172790527,6.538907473441213e-05,False,3.0,0.0761408358812332,resnet50,0.0787158831954002,100.0,pytorch,27287.087890625,3.1787707805633545,2.870102405548096,400.0,1.0,1.0,15.0,30.45633316040039,500.0,250212_resnet_onoffbench2.csv,0.0103006577119231,2025-03-20T16:13:20.548Z
0.07232166826725,13.92691707611084,offload,2516.13818359375,4000.0,40.0,0.0721833333373069,5.594653606414795,9.961684554582462e-05,False,3.0,0.07232166826725,resnet50,0.1568083018064499,100.0,pytorch,27287.087890625,3.4996726512908936,3.024198055267334,400.0,1.0,1.0,5.0,28.928667068481445,500.0,250212_resnet_onoffbench2.csv,0.0401861816644668,2025-03-20T16:13:20.548Z
0.0942266657948494,11.176538467407228,offload,3525.83251953125,4000.0,40.0,0.0941240116953849,13.406327247619627,0.00016339003923349082,False,6.0,0.0942266657948494,resnet50,0.1410556584596634,100.0,pytorch,27287.087890625,2.6353771686553955,2.3192455768585205,400.0,1.0,1.0,10.0,37.69066619873047,500.0,250212_resnet_onoffbench2.csv,0.0167446583509445,2025-03-20T16:13:20.548Z
0.0889258310198783,11.272305488586426,offload,3572.377197265625,4000.0,40.0,0.0886863097548484,12.184301376342772,9.05452179722488e-05,False,6.0,0.0889258310198783,resnet50,0.0822296142578125,100.0,pytorch,27287.087890625,2.635833978652954,2.4614477157592773,400.0,1.0,1.0,15.0,35.57033157348633,500.0,250212_resnet_onoffbench2.csv,0.0128051890060305,2025-03-20T16:13:20.548Z
0.08293417096138,12.66831111907959,offload,2521.80712890625,4000.0,40.0,0.0826460048556327,10.706626892089844,9.338100790046155e-05,False,3.0,0.08293417096138,resnet50,0.1822884082794189,100.0,pytorch,27287.087890625,3.056081295013428,2.6413462162017822,400.0,1.0,1.0,10.0,33.173667907714844,500.0,250212_resnet_onoffbench2.csv,0.0159985274076461,2025-03-20T16:13:20.548Z
0.0996308326721191,10.128243446350098,offload,3827.1015625,4000.0,40.0,0.099524512887001,10.610396385192873,0.000114960472274106,False,6.0,0.0996308326721191,resnet50,0.1300697326660156,100.0,pytorch,27287.087890625,2.531091928482056,2.1933963298797607,400.0,1.0,1.0,5.0,39.852333068847656,500.0,250212_resnet_onoffbench2.csv,0.0397733077406883,2025-03-20T16:13:20.548Z
0.1443849951028823,7.28170108795166,offload,1956.88330078125,2000.0,40.0,0.1442780643701553,23.073638916015625,0.00022007663210388276,False,3.0,0.1443849951028823,resnet50,0.1364535540342331,100.0,pytorch,27287.087890625,1.7181130647659302,1.5130276679992676,400.0,1.0,1.0,15.0,57.753997802734375,500.0,250212_resnet_onoffbench2.csv,0.0106440158560872,2025-03-20T16:13:20.548Z
0.1338883340358734,7.604231834411621,offload,1935.0048828125,2000.0,40.0,0.1338201016187667,21.10057640075684,0.0001182369378511794,False,3.0,0.1338883340358734,resnet50,0.1734902113676071,100.0,pytorch,27287.087890625,1.826199650764465,1.6312698125839231,400.0,1.0,1.0,10.0,53.55533599853516,500.0,250212_resnet_onoffbench2.csv,0.016277814283967,2025-03-20T16:13:20.548Z
0.199555829167366,5.446742057800293,offload,936.0942993164062,4000.0,40.0,0.199484184384346,36.11672592163086,0.0001016666501527652,False,1.0,0.199555829167366,resnet50,0.100053071975708,100.0,pytorch,27287.087890625,1.2853230237960815,1.0943057537078855,400.0,1.0,1.0,15.0,79.82233428955078,500.0,250212_resnet_onoffbench2.csv,0.011754423379898,2025-03-20T16:13:20.548Z
0.1661233305931091,6.473424434661865,offload,969.015625,2000.0,40.0,0.1660455465316772,24.74466133117676,0.00011770367564167827,False,1.0,0.1661233305931091,resnet50,0.1125050410628318,100.0,pytorch,27287.087890625,1.611613392829895,1.3146796226501465,400.0,1.0,1.0,5.0,66.44933319091797,500.0,250212_resnet_onoffbench2.csv,0.0378649048507213,2025-03-20T16:13:20.548Z
0.1743833273649215,6.045284271240234,offload,944.2785034179688,2000.0,40.0,0.1742918789386749,29.560386657714844,0.0001336489076493308,False,1.0,0.1743833273649215,resnet50,0.1959498673677444,100.0,pytorch,27287.087890625,1.4664742946624756,1.252477765083313,400.0,1.0,1.0,10.0,69.75333404541016,500.0,250212_resnet_onoffbench2.csv,0.0161582771688699,2025-03-20T16:13:20.548Z
0.1413149982690811,7.216721057891846,offload,881.7232666015625,4000.0,40.0,0.1412318646907806,20.029062271118164,0.0001226574240718037,False,1.0,0.1413149982690811,resnet50,0.1472872942686081,100.0,pytorch,27287.087890625,1.816282033920288,1.5456619262695312,400.0,1.0,1.0,5.0,56.5260009765625,500.0,250212_resnet_onoffbench2.csv,0.0396917127072811,2025-03-20T16:13:20.548Z
0.1699437499046325,5.982437610626221,offload,965.9603271484376,4000.0,40.0,0.1698389202356338,27.912885665893555,0.0001811057300074026,False,1.0,0.1699437499046325,resnet50,0.1557003259658813,100.0,pytorch,27287.087890625,1.4537880420684814,1.2853161096572876,400.0,1.0,1.0,10.0,67.97750091552734,500.0,250212_resnet_onoffbench2.csv,0.016277452930808,2025-03-20T16:13:20.548Z
0.2069516628980636,5.075229167938232,offload,959.6017456054688,2000.0,40.0,0.2068791985511779,34.6648063659668,9.271145245293157e-05,False,1.0,0.2069516628980636,resnet50,0.0939255580306053,100.0,pytorch,27287.087890625,1.1954692602157593,1.0551892518997192,400.0,1.0,1.0,15.0,82.78067016601562,500.0,250212_resnet_onoffbench2.csv,0.011057760566473,2025-03-20T16:13:20.548Z
0.3332225084304809,3.016267776489258,offload,1969.8218994140625,2000.0,40.0,0.333127349615097,58.709693908691406,0.0002227936201961711,False,6.0,0.3332225084304809,resnet50,0.1705367565155029,100.0,pytorch,27287.087890625,0.7032855749130249,0.6552950739860535,400.0,1.0,1.0,10.0,133.28900146484375,500.0,250212_resnet_onoffbench2.csv,0.0292684957385063,2025-03-20T16:13:20.548Z
0.3683608472347259,2.7317898273468018,offload,1970.4224853515625,2000.0,40.0,0.368280678987503,65.18632507324219,0.0003301481483504176,False,6.0,0.3683608472347259,resnet50,0.1702442914247512,100.0,pytorch,27287.087890625,0.6270628571510315,0.5927454829216003,400.0,1.0,1.0,15.0,147.34432983398438,500.0,250212_resnet_onoffbench2.csv,0.0248166322708129,2025-03-20T16:13:20.548Z
0.0653158351778984,15.318007469177246,offload,2645.409423828125,4000.0,100.0,0.0652449056506156,3.962794303894043,0.0002637523284647614,False,3.0,0.0653158351778984,resnet50,0.1123290061950683,70.0,pytorch,144509.0,18.27484893798828,17.718961715698242,400.0,1.0,1.0,70.0,26.126333236694336,500.0,250212_resnet_onoffbench2.csv,0.0344465747475624,2025-03-20T16:13:20.548Z
0.0829191654920578,12.14682674407959,offload,2397.826904296875,4000.0,40.0,0.0828426629304885,1.4262224435806274,0.0062518357299268,False,3.0,0.0829191654920578,resnet50,0.0882375240325927,100.0,pytorch,27287.087890625,2.9730138778686523,2.6350760459899902,400.0,1.0,1.0,3.0,33.167667388916016,500.0,250212_resnet_onoffbench2.csv,0.0600102506577968,2025-03-20T16:13:20.548Z
0.1219649985432624,8.606666564941406,offload,3891.787841796875,4000.0,40.0,0.1219074055552482,9.14852523803711,0.00016345878248102963,False,6.0,0.1219649985432624,resnet50,0.1504487991333007,100.0,pytorch,27287.087890625,2.1981921195983887,1.7906763553619385,400.0,1.0,1.0,3.0,48.7859992980957,500.0,250212_resnet_onoffbench2.csv,0.0615078285336494,2025-03-20T16:13:20.548Z
0.1060974970459938,9.497316360473633,offload,1840.942626953125,2000.0,40.0,0.1060090810060501,12.645939826965332,9.3060931249056e-05,False,3.0,0.1060974970459938,resnet50,0.1014283522963523,100.0,pytorch,27287.087890625,2.3783745765686035,2.0592265129089355,400.0,1.0,1.0,5.0,42.43899917602539,500.0,250212_resnet_onoffbench2.csv,0.0401502810418605,2025-03-20T16:13:20.548Z
0.1189991682767868,8.405065536499023,offload,974.9430541992188,4000.0,100.0,0.1189290806651115,16.878995895385742,0.00034391641383990645,False,1.0,0.1189991682767868,resnet50,0.1354400366544723,70.0,pytorch,144509.0,10.135472297668455,9.720684051513672,400.0,1.0,1.0,70.0,47.59966659545898,500.0,250212_resnet_onoffbench2.csv,0.0293315574526786,2025-03-20T16:13:20.548Z
0.1591358333826065,6.408945560455322,offload,937.803466796875,2000.0,40.0,0.1590500473976135,17.166898727416992,0.00015250782598741353,False,1.0,0.1591358333826065,resnet50,0.159574344754219,100.0,pytorch,27287.087890625,1.6492236852645874,1.3725032806396484,400.0,1.0,1.0,3.0,63.65433120727539,500.0,250212_resnet_onoffbench2.csv,0.0606719180941581,2025-03-20T16:13:20.548Z
0.1697541624307632,5.914781093597412,offload,1926.2603759765625,2000.0,40.0,0.169664204120636,25.18339729309082,0.0002893910859711468,False,6.0,0.1697541624307632,resnet50,0.1187465190887451,100.0,pytorch,27287.087890625,1.4626368284225464,1.28663969039917,400.0,1.0,1.0,5.0,67.90166473388672,500.0,250212_resnet_onoffbench2.csv,0.0376495085656642,2025-03-20T16:13:20.548Z
0.141352504491806,7.707245826721191,offload,1923.0633544921875,2000.0,40.0,0.1412892341613769,13.711881637573242,0.00010086357360705732,False,3.0,0.141352504491806,resnet50,0.1539509296417236,100.0,pytorch,27287.087890625,1.9837801456451416,1.5450341701507568,400.0,1.0,1.0,3.0,56.54100036621094,500.0,250212_resnet_onoffbench2.csv,0.0620777048170566,2025-03-20T16:13:20.548Z
0.231423333287239,4.32111930847168,offload,1958.3060302734373,4000.0,40.0,0.2313556373119354,0.1829533725976944,0.1255518496036529,False,6.0,0.231423333287239,resnet50,0.1508805751800537,100.0,pytorch,27287.087890625,1.1890480518341064,0.9435547590255736,400.0,1.0,1.0,1.0,92.5693359375,500.0,250212_resnet_onoffbench2.csv,0.2187502086162567,2025-03-20T16:13:20.548Z
0.2379433363676071,4.2047119140625,offload,1166.999755859375,2000.0,40.0,0.2378532886505127,0.2889512181282043,0.1092040613293647,False,3.0,0.2379433363676071,resnet50,0.160778596997261,100.0,pytorch,27287.087890625,1.149129033088684,0.9177787899971008,400.0,1.0,1.0,1.0,95.17733001708984,500.0,250212_resnet_onoffbench2.csv,0.2287389039993286,2025-03-20T16:13:20.548Z
0.2345525026321411,4.2635602951049805,offload,949.4474487304688,4000.0,40.0,0.2344838380813598,31.93711853027344,0.00010747829946922138,False,1.0,0.2345525026321411,resnet50,0.0777372494339943,100.0,pytorch,27287.087890625,1.0995938777923584,0.9309669137001038,400.0,1.0,1.0,3.0,93.8209991455078,500.0,250212_resnet_onoffbench2.csv,0.0656674355268478,2025-03-20T16:13:20.548Z
0.2364133298397064,4.23043966293335,offload,868.2523193359375,4000.0,40.0,0.2363322526216507,1.922588586807251,0.0291399471461772,False,1.0,0.2364133298397064,resnet50,0.1504754275083542,100.0,pytorch,27287.087890625,1.135386347770691,0.923685610294342,400.0,1.0,1.0,1.0,94.5653305053711,500.0,250212_resnet_onoffbench2.csv,0.218878298997879,2025-03-20T16:13:20.548Z
0.2371841669082641,4.220957279205322,offload,610.281494140625,2000.0,40.0,0.2370447516441345,0.3630136251449585,0.086320087313652,False,1.0,0.2371841669082641,resnet50,0.1308206766843795,100.0,pytorch,27287.087890625,1.1418012380599976,0.9209092259407043,400.0,1.0,1.0,1.0,94.87366485595705,500.0,250212_resnet_onoffbench2.csv,0.2284850925207138,2025-03-20T16:13:20.548Z
0.2309091687202453,4.330860614776611,offload,1175.36865234375,4000.0,40.0,0.2308108061552047,0.1510640233755111,0.1329070329666137,False,3.0,0.2309091687202453,resnet50,0.1838178634643554,100.0,pytorch,27287.087890625,1.1689811944961548,0.9457820057868958,400.0,1.0,1.0,1.0,92.36366271972656,500.0,250212_resnet_onoffbench2.csv,0.2227539122104644,2025-03-20T16:13:20.548Z
0.3146991729736328,3.1797115802764893,offload,1979.46923828125,2000.0,40.0,0.3146084547042846,16.623044967651367,0.0001843196077970788,False,6.0,0.3146991729736328,resnet50,0.1468442231416702,100.0,pytorch,27287.087890625,0.8900186419487,0.6938678622245789,400.0,1.0,1.0,1.0,125.87966918945312,500.0,250212_resnet_onoffbench2.csv,0.2325026094913482,2025-03-20T16:13:20.548Z
0.2886349856853485,4.064054489135742,offload,1954.2830810546875,2000.0,40.0,0.288557231426239,43.75529861450195,0.00021033287339378148,False,6.0,0.2886349856853485,resnet50,0.2139029502868652,100.0,pytorch,27287.087890625,1.0232601165771484,0.7565109133720398,400.0,1.0,1.0,3.0,115.4540023803711,500.0,250212_resnet_onoffbench2.csv,0.0663463398814201,2025-03-20T16:13:20.548Z
0.0930183380842208,10.754157066345217,offload,2371.16552734375,4000.0,100.0,0.0929370149970054,1.4143571853637695,0.0082227829843759,False,3.0,0.0930183380842208,resnet50,0.1739310473203659,70.0,pytorch,144509.0,13.969417572021484,12.439306259155272,400.0,1.0,1.0,15.0,37.207332611083984,500.0,250212_resnet_onoffbench2.csv,0.0793103277683258,2025-03-20T16:13:20.548Z
0.0958458334207534,10.530065536499023,offload,2562.512939453125,4000.0,100.0,0.0957663059234619,9.314647674560549,0.0003545735380612314,False,3.0,0.0958458334207534,resnet50,0.1952660828828811,70.0,pytorch,144509.0,13.022953987121582,12.071803092956545,400.0,1.0,1.0,30.0,38.33833312988281,500.0,250212_resnet_onoffbench2.csv,0.0349010489881038,2025-03-20T16:13:20.548Z
0.0822625011205673,12.276366233825684,offload,3775.731201171875,4000.0,100.0,0.0821606740355491,9.952540397644045,0.0005566251347772777,False,6.0,0.0822625011205673,resnet50,0.090125560760498,70.0,pytorch,144509.0,14.647455215454102,14.070867538452148,400.0,1.0,1.0,70.0,32.904998779296875,500.0,250212_resnet_onoffbench2.csv,0.0277959574013948,2025-03-20T16:13:20.548Z
0.1162575036287307,8.791802406311035,offload,1968.7489013671875,2000.0,100.0,0.116175077855587,13.622380256652832,0.000485864671645686,False,3.0,0.1162575036287307,resnet50,0.184744119644165,70.0,pytorch,144509.0,10.692266464233398,9.95111846923828,400.0,1.0,1.0,30.0,46.50300216674805,500.0,250212_resnet_onoffbench2.csv,0.0378064699470996,2025-03-20T16:13:20.548Z
0.1114141717553138,8.980031967163086,offload,1955.5606689453125,2000.0,100.0,0.1113329008221626,14.090152740478516,0.0004648538597393781,False,3.0,0.1114141717553138,resnet50,0.1430902481079101,70.0,pytorch,144509.0,10.73130226135254,10.383920669555664,400.0,1.0,1.0,70.0,44.56566619873047,500.0,250212_resnet_onoffbench2.csv,0.0289766248315572,2025-03-20T16:13:20.548Z
0.1177925020456314,8.497714042663574,offload,999.5411987304688,2000.0,100.0,0.1177081540226936,6.541744232177734,0.0003258681390434504,False,1.0,0.1177925020456314,resnet50,0.1456034928560257,70.0,pytorch,144509.0,10.951187133789062,9.82151222229004,400.0,1.0,1.0,15.0,47.117000579833984,500.0,250212_resnet_onoffbench2.csv,0.0836908370256424,2025-03-20T16:13:20.548Z
0.1108483374118805,9.024690628051758,offload,1899.58984375,2000.0,100.0,0.1107681393623352,5.2020134925842285,0.0004423423670232296,False,3.0,0.1108483374118805,resnet50,0.1206195354461669,70.0,pytorch,144509.0,11.468879699707031,10.436863899230955,400.0,1.0,1.0,15.0,44.339332580566406,500.0,250212_resnet_onoffbench2.csv,0.0800355449318885,2025-03-20T16:13:20.548Z
0.1072050034999847,9.415699005126951,offload,3619.7373046875,4000.0,100.0,0.1071166545152664,4.428896903991699,0.000769056670833379,False,6.0,0.1072050034999847,resnet50,0.1251678466796875,70.0,pytorch,144509.0,11.901861190795898,10.792644500732422,400.0,1.0,1.0,15.0,42.88199996948242,500.0,250212_resnet_onoffbench2.csv,0.0814346149563789,2025-03-20T16:13:20.548Z
0.1572474986314773,6.691688537597656,offload,972.1552734375,2000.0,100.0,0.1571574658155441,21.78076171875,0.0003455448022577912,False,1.0,0.1572474986314773,resnet50,0.1656498163938522,70.0,pytorch,144509.0,8.403507232666016,7.356138229370117,400.0,1.0,1.0,30.0,62.89899826049805,500.0,250212_resnet_onoffbench2.csv,0.0337557457387447,2025-03-20T16:13:20.548Z
0.1158325001597404,9.230767250061035,offload,3903.979248046875,4000.0,100.0,0.1157540753483772,12.129777908325195,0.0005102046416141093,False,6.0,0.1158325001597404,resnet50,0.1665710657835006,70.0,pytorch,144509.0,11.161442756652832,9.987311363220217,400.0,1.0,1.0,30.0,46.33300018310547,500.0,250212_resnet_onoffbench2.csv,0.049536183476448,2025-03-20T16:13:20.548Z
0.2432316690683365,4.516394138336182,offload,1934.564453125,2000.0,100.0,0.2431021779775619,19.1627254486084,0.0024114842526614,False,6.0,0.2432316690683365,resnet50,0.1828320026397705,70.0,pytorch,144509.0,5.457449436187744,4.75549840927124,400.0,1.0,1.0,70.0,97.29267120361328,500.0,250212_resnet_onoffbench2.csv,0.1341393440961837,2025-03-20T16:13:20.548Z
0.2086749970912933,4.79430103302002,offload,971.9064331054688,2000.0,100.0,0.2086162865161895,34.41179656982422,0.0002695794973988086,False,1.0,0.2086749970912933,resnet50,0.0775511264801025,70.0,pytorch,144509.0,5.713837623596191,5.541619300842285,400.0,1.0,1.0,70.0,83.47000122070312,500.0,250212_resnet_onoffbench2.csv,0.0231317859143018,2025-03-20T16:13:20.548Z
0.1568091660737991,6.669921875,offload,959.4359130859376,4000.0,100.0,0.1566570699214935,14.807138442993164,0.00035221397411078215,False,1.0,0.1568091660737991,resnet50,0.1640266627073288,70.0,pytorch,144509.0,8.703337669372559,7.379635334014893,400.0,1.0,1.0,15.0,62.723663330078125,500.0,250212_resnet_onoffbench2.csv,0.0724955275654792,2025-03-20T16:13:20.548Z
0.168860837817192,6.128926753997803,offload,985.7742919921876,4000.0,100.0,0.1687669306993484,23.8413028717041,0.00036142210592515767,False,1.0,0.168860837817192,resnet50,0.1661422252655029,70.0,pytorch,144509.0,7.533077716827393,6.850109577178955,400.0,1.0,1.0,30.0,67.5443344116211,500.0,250212_resnet_onoffbench2.csv,0.035092394798994,2025-03-20T16:13:20.548Z
0.2661724984645843,4.227605819702148,offload,1934.97412109375,2000.0,100.0,0.2660878896713257,25.39371109008789,0.0013077759649604,False,6.0,0.2661724984645843,resnet50,0.1303958147764206,70.0,pytorch,144509.0,5.172009944915772,4.344699859619141,400.0,1.0,1.0,15.0,106.46900177001952,500.0,250212_resnet_onoffbench2.csv,0.1366897970438003,2025-03-20T16:13:20.548Z
0.2985158264636993,3.702185869216919,offload,1980.000732421875,2000.0,100.0,0.2983834445476532,34.29481887817383,0.0013836062280461,False,6.0,0.2985158264636993,resnet50,0.1755410879850387,70.0,pytorch,144509.0,4.512230396270752,3.874450922012329,400.0,1.0,1.0,30.0,119.40633392333984,500.0,250212_resnet_onoffbench2.csv,0.1331074237823486,2025-03-20T16:13:20.548Z
0.1269166618585586,7.879292011260986,offload,2728.55859375,4000.0,100.0,0.1268380582332611,0.0779379829764366,0.0466634593904018,False,6.0,0.1269166618585586,resnet50,0.0752900466322898,70.0,pytorch,144509.0,10.183300971984863,9.114551544189451,400.0,1.0,1.0,10.0,50.76666641235352,500.0,250212_resnet_onoffbench2.csv,0.1150963827967643,2025-03-20T16:13:20.548Z
0.1266475021839141,7.896106719970703,offload,1642.806640625,4000.0,100.0,0.1265671402215957,0.0636321753263473,0.0527637787163257,False,3.0,0.1266475021839141,resnet50,0.068244457244873,70.0,pytorch,144509.0,10.26871395111084,9.134061813354492,400.0,1.0,1.0,10.0,50.65900039672852,500.0,250212_resnet_onoffbench2.csv,0.1171882301568985,2025-03-20T16:13:20.548Z
0.1510516703128814,6.713909149169922,offload,1822.12939453125,2000.0,100.0,0.1509189754724502,4.797605991363525,0.0076705459505319,False,3.0,0.1510516703128814,resnet50,0.1122766360640525,70.0,pytorch,144509.0,8.715855598449707,7.660216808319092,400.0,1.0,1.0,10.0,60.4206657409668,500.0,250212_resnet_onoffbench2.csv,0.1116418913006782,2025-03-20T16:13:20.548Z
0.2070816606283188,5.083919048309326,offload,872.377197265625,4000.0,100.0,0.2067920118570327,12.318784713745115,0.0103076882660388,False,1.0,0.2070816606283188,resnet50,0.0942719802260398,70.0,pytorch,144509.0,6.633851051330566,5.590506076812744,400.0,1.0,1.0,10.0,82.8326644897461,500.0,250212_resnet_onoffbench2.csv,0.1262061148881912,2025-03-20T16:13:20.548Z
0.2010599970817566,5.3863301277160645,offload,938.3984985351562,2000.0,100.0,0.2009994834661483,12.855962753295898,0.00031627813586965203,False,1.0,0.2010599970817566,resnet50,0.1084198951721191,70.0,pytorch,144509.0,7.044496536254883,5.751616477966309,400.0,1.0,1.0,10.0,80.42400360107422,500.0,250212_resnet_onoffbench2.csv,0.1119709536433219,2025-03-20T16:13:20.548Z
0.2660991549491882,3.7671031951904297,offload,633.5936889648438,2000.0,100.0,0.2660368680953979,1.5306583642959597,0.0816514268517494,False,1.0,0.2660991549491882,resnet50,0.1184503212571144,70.0,pytorch,144509.0,4.989326000213623,4.3455328941345215,400.0,1.0,1.0,5.0,106.43966674804688,500.0,250212_resnet_onoffbench2.csv,0.2451448589563369,2025-03-20T16:13:20.548Z
0.2592391669750213,3.859825372695923,offload,1057.11279296875,2000.0,100.0,0.2591311931610107,1.1139333248138428,0.1180955991148948,False,3.0,0.2592391669750213,resnet50,0.0963157787919044,70.0,pytorch,144509.0,5.149133205413818,4.461338996887207,400.0,1.0,1.0,5.0,103.69567108154295,500.0,250212_resnet_onoffbench2.csv,0.2411660999059677,2025-03-20T16:13:20.548Z
0.2584283351898193,3.8716800212860103,offload,683.9625244140625,4000.0,100.0,0.2583635449409485,1.0664607286453247,0.0660179927945137,False,1.0,0.2584283351898193,resnet50,0.1056361198425293,70.0,pytorch,144509.0,5.198357105255127,4.4745941162109375,400.0,1.0,1.0,5.0,103.37133026123048,500.0,250212_resnet_onoffbench2.csv,0.2372940927743911,2025-03-20T16:13:20.548Z
0.2548249959945678,3.924360990524292,offload,989.9820556640624,4000.0,100.0,0.2547536194324493,0.6390456557273865,0.1410947442054748,False,3.0,0.2548249959945678,resnet50,0.1356244087219238,70.0,pytorch,144509.0,5.260634899139404,4.538000106811523,400.0,1.0,1.0,5.0,101.93000030517578,500.0,250212_resnet_onoffbench2.csv,0.2407864183187484,2025-03-20T16:13:20.548Z
0.2573733329772949,3.886449098587036,offload,1558.361572265625,4000.0,100.0,0.2572848796844482,0.9726338386535645,0.1560393422842025,False,6.0,0.2573733329772949,resnet50,0.1226623058319091,70.0,pytorch,144509.0,5.197826385498047,4.493353843688965,400.0,1.0,1.0,5.0,102.94933319091795,500.0,250212_resnet_onoffbench2.csv,0.2420127391815185,2025-03-20T16:13:20.548Z
0.3807383477687835,2.659818649291992,offload,1926.1702880859373,2000.0,100.0,0.3806510269641876,44.83283996582031,0.0012846132740378,False,6.0,0.3807383477687835,resnet50,0.1670510023832321,70.0,pytorch,144509.0,3.234685182571411,3.0370914936065674,400.0,1.0,1.0,10.0,152.2953338623047,500.0,250212_resnet_onoffbench2.csv,0.1494452655315399,2025-03-20T16:13:20.548Z
0.3610158264636993,2.79543137550354,offload,1915.2052001953125,2000.0,100.0,0.3608468472957611,21.59254646301269,0.0016077006002888,False,6.0,0.3610158264636993,resnet50,0.109087623655796,70.0,pytorch,144509.0,3.603928327560425,3.203774690628052,400.0,1.0,1.0,5.0,144.4063262939453,500.0,250212_resnet_onoffbench2.csv,0.2536888420581817,2025-03-20T16:13:20.548Z
0.4388450086116791,2.28012752532959,offload,348.024169921875,4000.0,100.0,0.4387471675872803,0.2624744474887848,0.2738240659236908,False,1.0,0.4388450086116791,resnet50,0.1414120942354202,70.0,pytorch,144509.0,3.1763412952423096,2.634938955307007,400.0,1.0,1.0,3.0,175.53799438476562,500.0,250212_resnet_onoffbench2.csv,0.4283621907234192,2025-03-20T16:13:20.548Z
0.4393675029277801,2.276871919631958,offload,361.6910400390625,2000.0,100.0,0.4392977356910705,0.3569750189781189,0.2644790410995483,False,1.0,0.4393675029277801,resnet50,0.131636381149292,70.0,pytorch,144509.0,3.1757757663726807,2.631636619567871,400.0,1.0,1.0,3.0,175.74700927734375,500.0,250212_resnet_onoffbench2.csv,0.4269568622112274,2025-03-20T16:13:20.548Z
0.43715500831604,2.287965774536133,offload,1192.353271484375,4000.0,100.0,0.4370918869972229,0.3467459678649902,0.2991017401218414,False,6.0,0.43715500831604,resnet50,0.1106689795851707,70.0,pytorch,144509.0,3.119537830352783,2.6449174880981445,400.0,1.0,1.0,3.0,174.86199951171875,500.0,250212_resnet_onoffbench2.csv,0.4276701509952545,2025-03-20T16:13:20.548Z
0.4405041635036468,2.2708523273468018,offload,630.410400390625,4000.0,100.0,0.4404247403144836,0.2747982740402221,0.3181236982345581,False,3.0,0.4405041635036468,resnet50,0.1209805011749267,70.0,pytorch,144509.0,3.1780779361724854,2.6249024868011475,400.0,1.0,1.0,3.0,176.20166015625,500.0,250212_resnet_onoffbench2.csv,0.4308947920799255,2025-03-20T16:13:20.548Z
0.0660616680979728,15.273113250732422,offload,2774.884765625,4000.0,70.0,0.0659248232841491,8.780155181884766,0.00010657211532816292,False,3.0,0.0660616680979728,resnet50,0.1035008430480957,70.0,pytorch,44053.38671875,5.643706321716309,5.345893383026123,400.0,1.0,1.0,30.0,26.424665451049805,500.0,250212_resnet_onoffbench2.csv,0.0098665449768304,2025-03-20T16:13:20.548Z
0.1040783375501632,9.716805458068848,offload,3775.92138671875,4000.0,70.0,0.1040074229240417,15.591947555541992,0.0001614974025869742,False,6.0,0.1040783375501632,resnet50,0.1050148829817771,70.0,pytorch,44053.38671875,3.580357551574707,3.3884801864624023,400.0,1.0,1.0,70.0,41.63133239746094,500.0,250212_resnet_onoffbench2.csv,0.0150970555841922,2025-03-20T16:13:20.548Z
0.0832041725516319,12.155406951904297,offload,2581.5693359375,4000.0,70.0,0.0831257924437522,12.839438438415527,0.00014092207129579035,False,3.0,0.0832041725516319,resnet50,0.1313084810972213,70.0,pytorch,44053.38671875,4.461627960205078,4.239684104919434,400.0,1.0,1.0,70.0,33.28166961669922,500.0,250212_resnet_onoffbench2.csv,0.0075979647226631,2025-03-20T16:13:20.548Z
0.1152400001883506,8.678800582885742,offload,985.3397216796876,4000.0,70.0,0.1151130348443985,18.91758155822754,0.00016674121434334666,False,1.0,0.1152400001883506,resnet50,0.122900404036045,70.0,pytorch,44053.38671875,3.260217428207397,3.061573982238769,400.0,1.0,1.0,30.0,46.09600067138672,500.0,250212_resnet_onoffbench2.csv,0.0125538017600774,2025-03-20T16:13:20.548Z
0.1242466643452644,8.075652122497559,offload,975.369140625,2000.0,70.0,0.1241539344191551,20.819250106811523,0.0001542651589261368,False,1.0,0.1242466643452644,resnet50,0.171513482928276,70.0,pytorch,44053.38671875,2.9839415550231934,2.838629961013794,400.0,1.0,1.0,70.0,49.69866561889648,500.0,250212_resnet_onoffbench2.csv,0.0086083402857184,2025-03-20T16:13:20.548Z
0.1119483336806297,9.100358963012695,offload,1825.647705078125,2000.0,70.0,0.1118567883968353,17.949398040771484,0.0001245266175828874,False,3.0,0.1119483336806297,resnet50,0.1172136440873146,70.0,pytorch,44053.38671875,3.372803211212158,3.1506991386413574,400.0,1.0,1.0,70.0,44.779335021972656,500.0,250212_resnet_onoffbench2.csv,0.0114829642698168,2025-03-20T16:13:20.548Z
0.1790166646242141,5.831899642944336,offload,977.5161743164062,4000.0,70.0,0.1789402961730957,30.884428024291992,0.0001445363013772294,False,1.0,0.1790166646242141,resnet50,0.1377308368682861,70.0,pytorch,44053.38671875,2.151500701904297,1.9695234298706052,400.0,1.0,1.0,70.0,71.6066665649414,500.0,250212_resnet_onoffbench2.csv,0.0073026712052524,2025-03-20T16:13:20.548Z
0.3055391609668731,3.273977041244507,offload,1964.611328125,2000.0,70.0,0.3054513931274414,51.5698356628418,0.000488262390717864,False,6.0,0.3055391609668731,resnet50,0.1330939084291458,70.0,pytorch,44053.38671875,1.2381329536437988,1.153791069984436,400.0,1.0,1.0,70.0,122.21566772460938,500.0,250212_resnet_onoffbench2.csv,0.0487787500023841,2025-03-20T16:13:20.548Z
0.4222683310508728,2.3681716918945312,offload,795.2111206054688,2000.0,100.0,0.4221920371055603,0.0157868824899196,0.3122669160366058,False,6.0,0.4222683310508728,resnet50,0.1326075345277786,70.0,pytorch,144509.0,3.2102625370025635,2.7382609844207764,400.0,1.0,1.0,3.0,168.90733337402344,500.0,250212_resnet_onoffbench2.csv,0.4118221700191498,2025-03-20T16:13:20.548Z
0.431178331375122,2.321514368057251,offload,531.4554443359375,2000.0,100.0,0.4311098456382751,0.0147462049499154,0.337701678276062,False,3.0,0.431178331375122,resnet50,0.0948348864912986,70.0,pytorch,144509.0,3.2311248779296875,2.6816182136535645,400.0,1.0,1.0,3.0,172.47132873535156,500.0,250212_resnet_onoffbench2.csv,0.4237703680992126,2025-03-20T16:13:20.548Z
1.2765175104141235,0.7833816409111023,offload,197.1829071044922,4000.0,100.0,1.2764564752578735,0.0051521332934498,1.178827881813049,False,3.0,1.2765175104141235,resnet50,0.1017247065901756,70.0,pytorch,144509.0,1.121859431266785,0.9056885242462158,400.0,1.0,1.0,1.0,510.6069946289063,500.0,250212_resnet_onoffbench2.csv,1.2583978176116943,2025-03-20T16:13:20.548Z
1.2799241542816162,0.7813091278076172,offload,459.144287109375,2000.0,100.0,1.2797489166259766,0.0190802291035652,1.039279222488403,False,6.0,1.2799241542816162,resnet50,0.1725148409605026,70.0,pytorch,144509.0,1.134095549583435,0.9033583998680116,400.0,1.0,1.0,1.0,511.96966552734375,500.0,250212_resnet_onoffbench2.csv,1.2640310525894165,2025-03-20T16:13:20.548Z
1.2759432792663574,0.7837349772453308,offload,451.2624206542969,4000.0,100.0,1.275870680809021,0.0071079111658036,1.1432098150253296,False,6.0,1.2759432792663574,resnet50,0.1230108737945556,70.0,pytorch,144509.0,1.1389764547348022,0.906104326248169,400.0,1.0,1.0,1.0,510.3773193359375,500.0,250212_resnet_onoffbench2.csv,1.2568533420562744,2025-03-20T16:13:20.548Z
1.2765958309173584,0.783333420753479,offload,237.19586181640625,2000.0,100.0,1.276517033576965,0.0084388572722673,1.1423954963684082,False,3.0,1.2765958309173584,resnet50,0.1420836448669433,70.0,pytorch,144509.0,1.1294001340866089,0.9056455492973328,400.0,1.0,1.0,1.0,510.6383361816406,500.0,250212_resnet_onoffbench2.csv,1.2572965621948242,2025-03-20T16:13:20.548Z
1.275807499885559,0.7838176488876343,offload,139.32740783691406,2000.0,100.0,1.2757147550582886,0.0082032671198248,1.097575545310974,False,1.0,1.275807499885559,resnet50,0.1732741147279739,70.0,pytorch,144509.0,1.1404402256011963,0.9062150716781616,400.0,1.0,1.0,1.0,510.322998046875,500.0,250212_resnet_onoffbench2.csv,1.2558746337890625,2025-03-20T16:13:20.548Z
1.2827341556549072,0.7796111702919006,offload,162.87457275390625,4000.0,100.0,1.2826781272888184,0.008094947785139,1.0690174102783203,False,1.0,1.2827341556549072,resnet50,0.0672509670257568,70.0,pytorch,144509.0,1.1113556623458862,0.9012954831123352,400.0,1.0,1.0,1.0,513.0936889648438,500.0,250212_resnet_onoffbench2.csv,1.2689805030822754,2025-03-20T16:13:20.548Z
0.0785875022411346,12.785843849182127,offload,3629.73046875,4000.0,70.0,0.0785027518868446,11.837881088256836,0.00013634920469485223,False,6.0,0.0785875022411346,resnet50,0.0857746601104736,70.0,pytorch,44053.38671875,4.67711067199707,4.489359855651856,400.0,1.0,1.0,30.0,31.434999465942383,500.0,250212_resnet_onoffbench2.csv,0.0117373904213309,2025-03-20T16:13:20.548Z
0.1122725009918212,9.141151428222656,offload,1937.405517578125,2000.0,70.0,0.1121720597147941,16.470056533813477,0.00015980223543010652,False,3.0,0.1122725009918212,resnet50,0.15534608066082,70.0,pytorch,44053.38671875,3.493455410003662,3.141843795776367,400.0,1.0,1.0,15.0,44.90900039672852,500.0,250212_resnet_onoffbench2.csv,0.0183261018246412,2025-03-20T16:13:20.548Z
0.0801741629838943,12.751282691955566,offload,2666.28076171875,4000.0,70.0,0.0800811573863029,8.503070831298828,0.0001682815927779302,False,3.0,0.0801741629838943,resnet50,0.1719961166381836,70.0,pytorch,44053.38671875,5.015268325805664,4.400874137878418,400.0,1.0,1.0,10.0,32.06966781616211,500.0,250212_resnet_onoffbench2.csv,0.0305566675961017,2025-03-20T16:13:20.548Z
0.1070233359932899,9.34832000732422,offload,1943.9490966796875,2000.0,70.0,0.1069450080394744,16.447708129882812,0.00027494787354953587,False,3.0,0.1070233359932899,resnet50,0.1186185702681541,70.0,pytorch,44053.38671875,3.453059434890747,3.29540491104126,400.0,1.0,1.0,30.0,42.80933380126953,500.0,250212_resnet_onoffbench2.csv,0.0097442381083965,2025-03-20T16:13:20.548Z
0.1124200001358985,8.895426750183105,offload,899.8186645507812,2000.0,70.0,0.1123166978359222,14.536958694458008,0.0001571911561768502,False,1.0,0.1124200001358985,resnet50,0.1276259422302246,70.0,pytorch,44053.38671875,3.500051259994507,3.1377978324890137,400.0,1.0,1.0,10.0,44.96800231933594,500.0,250212_resnet_onoffbench2.csv,0.0346181467175483,2025-03-20T16:13:20.548Z
0.0953791663050651,10.578502655029297,offload,3646.267578125,4000.0,70.0,0.0952765718102455,11.669797897338867,0.00016024292563088238,False,6.0,0.0953791663050651,resnet50,0.1571824550628662,70.0,pytorch,44053.38671875,4.106029510498047,3.6989901065826416,400.0,1.0,1.0,10.0,38.151668548583984,500.0,250212_resnet_onoffbench2.csv,0.0308253802359104,2025-03-20T16:13:20.548Z
0.1113387495279312,9.001299858093262,offload,1968.316650390625,2000.0,70.0,0.1112532988190651,15.413528442382812,0.00027599663008004427,False,3.0,0.1113387495279312,resnet50,0.1330845355987548,70.0,pytorch,44053.38671875,3.496161460876465,3.167790174484253,400.0,1.0,1.0,10.0,44.53549957275391,500.0,250212_resnet_onoffbench2.csv,0.0311189610511064,2025-03-20T16:13:20.548Z
0.1543183326721191,6.808371067047119,offload,937.176025390625,2000.0,70.0,0.1542233824729919,24.397052764892575,0.00013897658209316432,False,1.0,0.1543183326721191,resnet50,0.1856672763824463,70.0,pytorch,44053.38671875,2.675987958908081,2.285172939300537,400.0,1.0,1.0,15.0,61.727333068847656,500.0,250212_resnet_onoffbench2.csv,0.0184118449687957,2025-03-20T16:13:20.548Z
0.106813333928585,10.000804901123049,offload,3695.687255859375,4000.0,70.0,0.1067473888397216,15.150934219360352,0.00018964232003781945,False,6.0,0.106813333928585,resnet50,0.1444001942873001,70.0,pytorch,44053.38671875,3.773073673248291,3.3015055656433105,400.0,1.0,1.0,15.0,42.72533416748047,500.0,250212_resnet_onoffbench2.csv,0.0183143578469753,2025-03-20T16:13:20.548Z
0.2319499999284744,4.730788230895996,offload,1907.0628662109373,2000.0,70.0,0.2318708151578903,34.4272346496582,0.00020357330504339188,False,6.0,0.2319499999284744,resnet50,0.1384633332490921,70.0,pytorch,44053.38671875,1.746523380279541,1.5199286937713623,400.0,1.0,1.0,30.0,92.77999877929688,500.0,250212_resnet_onoffbench2.csv,0.0451256409287452,2025-03-20T16:13:20.548Z
0.2043908238410949,4.89274263381958,offload,932.1739501953124,2000.0,70.0,0.2043226957321167,36.726783752441406,0.00013918738113716245,False,1.0,0.2043908238410949,resnet50,0.0667200908064842,70.0,pytorch,44053.38671875,1.80390202999115,1.7248553037643433,400.0,1.0,1.0,30.0,81.75633239746094,500.0,250212_resnet_onoffbench2.csv,0.0090803653001785,2025-03-20T16:13:20.548Z
0.1668624877929687,6.1926984786987305,offload,978.7102661132812,4000.0,70.0,0.1667696237564087,26.409183502197266,0.0001258424890693277,False,1.0,0.1668624877929687,resnet50,0.13727967441082,70.0,pytorch,44053.38671875,2.407512664794922,2.1132571697235107,400.0,1.0,1.0,15.0,66.7449951171875,500.0,250212_resnet_onoffbench2.csv,0.018038734793663,2025-03-20T16:13:20.548Z
0.154349997639656,6.770827770233154,offload,979.3370361328124,4000.0,70.0,0.1542147994041443,22.902908325195312,0.00015245258691720665,False,1.0,0.154349997639656,resnet50,0.158149242401123,70.0,pytorch,44053.38671875,2.678178071975708,2.2853000164031982,400.0,1.0,1.0,10.0,61.73999786376953,500.0,250212_resnet_onoffbench2.csv,0.0296921245753765,2025-03-20T16:13:20.548Z
0.3058437407016754,3.280701160430908,offload,1954.10546875,2000.0,70.0,0.3057413101196289,48.69746780395508,0.0004575213824864477,False,6.0,0.3058437407016754,resnet50,0.149971604347229,70.0,pytorch,44053.38671875,1.2397732734680176,1.152696967124939,400.0,1.0,1.0,10.0,122.3375015258789,500.0,250212_resnet_onoffbench2.csv,0.0480961799621582,2025-03-20T16:13:20.548Z
0.2860933244228363,3.80346941947937,offload,1950.99658203125,2000.0,70.0,0.2859600484371185,45.664695739746094,0.0005685357609763741,False,6.0,0.2860933244228363,resnet50,0.2037644386291504,70.0,pytorch,44053.38671875,1.4160711765289309,1.232434630393982,400.0,1.0,1.0,15.0,114.43733215332033,500.0,250212_resnet_onoffbench2.csv,0.0449660420417785,2025-03-20T16:13:20.548Z
0.0878741666674614,11.389323234558104,offload,3770.74072265625,4000.0,70.0,0.087807610630989,2.778942346572876,0.0001256378454854712,False,6.0,0.0878741666674614,resnet50,0.0775038376450538,70.0,pytorch,44053.38671875,4.6511735916137695,4.013628005981445,400.0,1.0,1.0,5.0,35.14966583251953,500.0,250212_resnet_onoffbench2.csv,0.0650814250111579,2025-03-20T16:13:20.548Z
0.0772737488150596,12.947225570678713,offload,2091.294677734375,4000.0,70.0,0.0772136449813842,0.5422942042350769,0.0109242536127567,False,3.0,0.0772737488150596,resnet50,0.0669608116149902,70.0,pytorch,44053.38671875,5.248898029327393,4.564311027526856,400.0,1.0,1.0,5.0,30.909500122070312,500.0,250212_resnet_onoffbench2.csv,0.0692180916666984,2025-03-20T16:13:20.548Z
0.1719308346509933,6.377966403961182,offload,930.3740844726562,4000.0,70.0,0.1718543171882629,19.181703567504883,0.0001281456206925213,False,1.0,0.1719308346509933,resnet50,0.0887490138411521,70.0,pytorch,44053.38671875,2.6226463317871094,2.050731658935547,400.0,1.0,1.0,5.0,68.77233123779297,500.0,250212_resnet_onoffbench2.csv,0.0722770243883133,2025-03-20T16:13:20.548Z
0.1564200073480606,6.6534833908081055,offload,970.7758178710938,2000.0,70.0,0.1563248485326767,6.300511837005615,0.0018666239921003,False,1.0,0.1564200073480606,resnet50,0.1447912901639938,70.0,pytorch,44053.38671875,2.8006389141082764,2.254453420639038,400.0,1.0,1.0,3.0,62.56800079345703,500.0,250212_resnet_onoffbench2.csv,0.1178454905748367,2025-03-20T16:13:20.548Z
0.1267058402299881,7.892351627349853,offload,1779.9222412109375,4000.0,70.0,0.1266127526760101,0.2108756601810455,0.0430285632610321,False,3.0,0.1267058402299881,resnet50,0.1580816060304641,70.0,pytorch,44053.38671875,3.263251543045044,2.783504009246826,400.0,1.0,1.0,3.0,50.68233489990234,500.0,250212_resnet_onoffbench2.csv,0.1136804521083831,2025-03-20T16:13:20.548Z
0.1446350067853927,6.999941825866699,offload,1731.690185546875,2000.0,70.0,0.1445607393980026,2.63779616355896,0.0080133946612477,False,3.0,0.1446350067853927,resnet50,0.1122409477829933,70.0,pytorch,44053.38671875,2.942533016204834,2.4379169940948486,400.0,1.0,1.0,3.0,57.854000091552734,500.0,250212_resnet_onoffbench2.csv,0.1147400811314582,2025-03-20T16:13:20.548Z
0.1362491697072982,7.398277282714844,offload,2741.43359375,4000.0,70.0,0.1361832469701767,0.3637661933898926,0.0516750961542129,False,6.0,0.1362491697072982,resnet50,0.1330608576536178,70.0,pytorch,44053.38671875,3.1117382049560547,2.5878889560699463,400.0,1.0,1.0,3.0,54.49966812133789,500.0,250212_resnet_onoffbench2.csv,0.1245529204607009,2025-03-20T16:13:20.548Z
0.1663433313369751,6.219147205352783,offload,975.167724609375,4000.0,70.0,0.166277527809143,8.756205558776855,0.0006978706805966794,False,1.0,0.1663433313369751,resnet50,0.1018826961517334,70.0,pytorch,44053.38671875,2.6052253246307373,2.119511365890503,400.0,1.0,1.0,3.0,66.5373306274414,500.0,250212_resnet_onoffbench2.csv,0.1109748035669326,2025-03-20T16:13:20.548Z
0.1789591759443283,5.839763164520264,offload,941.463134765625,2000.0,70.0,0.1788745075464248,20.826663970947266,0.00013884624058846384,False,1.0,0.1789591759443283,resnet50,0.1210440769791603,70.0,pytorch,44053.38671875,2.3823699951171875,1.970247745513916,400.0,1.0,1.0,5.0,71.58366394042969,500.0,250212_resnet_onoffbench2.csv,0.0616345517337322,2025-03-20T16:13:20.548Z
0.3287391662597656,3.055868864059448,offload,1987.50830078125,2000.0,70.0,0.3286012709140777,41.69965362548828,0.0004701515135820955,False,6.0,0.3287391662597656,resnet50,0.123173713684082,70.0,pytorch,44053.38671875,1.247025728225708,1.0725067853927612,400.0,1.0,1.0,3.0,131.49566650390625,500.0,250212_resnet_onoffbench2.csv,0.1199158802628517,2025-03-20T16:13:20.548Z
0.3576475083827972,2.804751396179199,offload,1987.8946533203125,2000.0,70.0,0.3574978709220886,57.73472595214844,0.00034741382114589214,False,6.0,0.3576475083827972,resnet50,0.1905404776334762,70.0,pytorch,44053.38671875,1.080649733543396,0.9858159422874452,400.0,1.0,1.0,5.0,143.0590057373047,500.0,250212_resnet_onoffbench2.csv,0.0617049895226955,2025-03-20T16:13:20.548Z
0.4023949801921844,2.491528272628784,offload,356.1929016113281,4000.0,70.0,0.4023168385028839,0.0804739594459533,0.2567514479160309,False,1.0,0.4023949801921844,resnet50,0.1336302757263183,70.0,pytorch,44053.38671875,1.1214064359664917,0.8759939074516296,400.0,1.0,1.0,1.0,160.95799255371094,500.0,250212_resnet_onoffbench2.csv,0.3932876884937286,2025-03-20T16:13:20.548Z
0.3944025039672851,2.5380289554595947,offload,410.4474487304688,2000.0,70.0,0.3943233489990234,0.1347920000553131,0.2279722392559051,False,1.0,0.3944025039672851,resnet50,0.1111920699477195,70.0,pytorch,44053.38671875,1.1262937784194946,0.8937515616416931,400.0,1.0,1.0,1.0,157.76100158691406,500.0,250212_resnet_onoffbench2.csv,0.3847225606441498,2025-03-20T16:13:20.548Z
0.3981233239173889,2.5123777389526367,offload,1292.9886474609375,4000.0,70.0,0.3980158269405365,0.0735463127493858,0.2782617509365082,False,6.0,0.3981233239173889,resnet50,0.1828017234802246,70.0,pytorch,44053.38671875,1.140936017036438,0.8854599595069885,400.0,1.0,1.0,1.0,159.24932861328125,500.0,250212_resnet_onoffbench2.csv,0.391915887594223,2025-03-20T16:13:20.548Z
